event_id,label,label_confidence,trusted,has_image,block_id,fold
E0001429_1,agricultural_burning,low,0,1,84_772,4
E0002484_1,industrial_fire,low,0,1,88_779,3
E0002523_1,industrial_fire,low,0,1,88_780,1
E0002524_1,industrial_fire,low,0,1,88_780,1
E0002525_1,industrial_fire,low,0,1,88_780,1
E0002551_1,industrial_fire,low,0,1,88_779,3
E0002609_1,industrial_fire,low,0,1,88_777,0
E0002881_1,industrial_fire,low,0,1,89_778,0
E0003123_1,industrial_fire,low,0,1,90_779,0
E0003191_1,industrial_fire,low,0,1,90_779,0
E0003217_1,agricultural_burning,low,0,1,90_770,0
E0003226_2,industrial_fire,low,0,1,90_780,2
E0003250_1,agricultural_burning,low,0,1,90_770,0
E0003251_1,agricultural_burning,low,0,1,90_770,0
E0003289_1,industrial_fire,low,0,1,90_779,0
E0003860_1,agricultural_burning,low,0,1,92_790,3
E0003920_1,industrial_fire,low,0,1,92_776,4
E0004169_1,agricultural_burning,low,0,1,93_773,2
E0004288_2,agricultural_burning,low,0,1,93_778,1
E0004336_2,industrial_fire,low,0,1,93_780,4
E0005229_1,agricultural_burning,low,0,1,95_785,4
E0005568_1,industrial_fire,low,0,1,96_778,2
E0005866_1,agricultural_burning,low,0,1,97_778,4
E0005912_1,industrial_fire,low,0,1,97_779,1
E0005937_2,industrial_fire,low,0,1,97_779,1
E0005973_1,agricultural_burning,low,0,1,97_779,1
E0005973_2,agricultural_burning,low,0,1,97_779,1
E0006018_1,agricultural_burning,low,0,1,97_779,1
E0006130_2,agricultural_burning,low,0,1,97_778,4
E0006623_1,industrial_fire,low,0,1,99_774,4
E0006753_1,industrial_fire,low,0,1,99_787,2
E0007246_1,agricultural_burning,low,0,1,101_772,2
E0007315_1,agricultural_burning,low,0,1,102_772,2
E0007339_1,agricultural_burning,low,0,1,102_772,2
E0007432_1,agricultural_burning,low,0,1,102_773,0
E0007527_1,agricultural_burning,low,0,1,103_774,1
E0007544_3,agricultural_burning,low,0,1,103_773,2
E0007546_1,agricultural_burning,low,0,1,103_774,1
E0007565_2,agricultural_burning,low,0,1,103_773,2
E0007699_1,agricultural_burning,low,0,1,104_771,3
E0007898_1,industrial_fire,low,0,1,105_762,3
E0008357_1,industrial_fire,low,0,1,107_786,1
E0008921_1,agricultural_burning,low,0,1,110_789,1
E0009080_2,agricultural_burning,low,0,1,110_788,3
E0009192_1,agricultural_burning,low,0,1,110_789,1
E0009334_2,industrial_fire,low,0,1,111_786,1
E0009446_2,agricultural_burning,low,0,1,111_765,1
E0009545_1,agricultural_burning,low,0,1,111_789,3
E0009797_1,agricultural_burning,low,0,1,112_790,3
E0009851_2,agricultural_burning,low,0,1,112_790,3
E0009881_4,agricultural_burning,medium,1,1,112_800,3
E0009882_8,agricultural_burning,low,0,1,112_800,3
E0009882_9,agricultural_burning,low,0,1,112_800,3
E0009967_1,agricultural_burning,low,0,1,113_780,4
E0010132_8,agricultural_burning,low,0,1,113_792,1
E0010268_1,agricultural_burning,low,0,1,114_765,2
E0010269_1,agricultural_burning,low,0,1,114_765,2
E0010313_1,agricultural_burning,low,0,1,114_766,4
E0010316_1,industrial_fire,low,0,1,114_766,4
E0010381_1,agricultural_burning,low,0,1,114_789,1
E0010425_1,agricultural_burning,low,0,1,114_789,1
E0010518_2,agricultural_burning,low,0,1,114_765,2
E0010520_1,agricultural_burning,low,0,1,114_766,4
E0010531_1,agricultural_burning,low,0,1,114_772,3
E0010708_1,agricultural_burning,low,0,1,114_793,1
E0010725_1,agricultural_burning,low,0,1,115_769,4
E0011439_7,agricultural_burning,low,0,1,118_779,2
E0011455_1,agricultural_burning,low,0,1,118_796,2
E0011466_10,agricultural_burning,low,0,1,118_779,2
E0011616_1,agricultural_burning,low,0,1,118_793,4
E0011654_1,agricultural_burning,low,0,1,118_764,3
E0011738_2,agricultural_burning,low,0,1,119_795,1
E0012312_1,agricultural_burning,low,0,1,120_758,3
E0012715_1,agricultural_burning,low,0,1,121_777,1
E0012852_1,agricultural_burning,low,0,1,122_776,3
E0012931_1,agricultural_burning,low,0,1,122_777,1
E0012934_1,agricultural_burning,low,0,1,122_778,2
E0013088_2,agricultural_burning,low,0,1,122_775,0
E0013089_1,agricultural_burning,low,0,1,122_775,0
E0013166_1,agricultural_burning,low,0,1,122_776,3
E0013342_1,agricultural_burning,low,0,1,122_938,1
E0013344_4,agricultural_burning,low,0,1,122_938,1
E0013396_1,agricultural_burning,low,0,1,122_777,1
E0013515_2,agricultural_burning,low,0,1,122_938,1
E0013707_1,agricultural_burning,low,0,1,123_777,0
E0013779_1,agricultural_burning,low,0,1,123_778,0
E0013900_1,agricultural_burning,low,0,1,123_777,0
E0014479_1,agricultural_burning,low,0,1,124_776,4
E0015274_1,agricultural_burning,low,0,1,125_776,1
E0015484_2,agricultural_burning,low,0,1,126_778,0
E0015680_1,agricultural_burning,low,0,1,126_777,3
E0015716_1,industrial_fire,low,0,1,126_764,3
E0015860_2,agricultural_burning,low,0,1,126_779,1
E0016541_1,agricultural_burning,low,0,1,127_784,4
E0016551_1,agricultural_burning,low,0,1,127_788,0
E0017353_1,agricultural_burning,low,0,1,127_791,1
E0017635_1,agricultural_burning,low,0,1,128_775,0
E0018059_2,agricultural_burning,low,0,1,128_797,2
E0018355_1,agricultural_burning,low,0,1,128_786,3
E0018356_2,agricultural_burning,low,0,1,128_786,3
E0018471_2,agricultural_burning,low,0,1,128_786,3
E0018549_1,agricultural_burning,low,0,1,129_779,3
E0018567_3,agricultural_burning,low,0,1,129_785,1
E0019087_1,agricultural_burning,low,0,1,129_786,3
E0019134_2,industrial_fire,low,0,1,129_762,0
E0019178_1,agricultural_burning,low,0,1,129_786,3
E0019240_1,agricultural_burning,low,0,1,129_772,2
E0019428_4,agricultural_burning,low,0,1,130_774,1
E0019672_1,agricultural_burning,low,0,1,130_786,4
E0019787_1,agricultural_burning,low,0,1,130_786,4
E0019897_2,agricultural_burning,low,0,1,130_786,4
E0020285_12,agricultural_burning,low,0,1,130_799,1
E0021151_3,industrial_fire,low,0,1,131_802,4
E0021152_3,industrial_fire,medium,1,1,131_802,4
E0021178_1,agricultural_burning,low,0,1,131_771,2
E0021358_1,agricultural_burning,low,0,1,131_793,3
E0021689_1,agricultural_burning,low,0,1,132_793,4
E0022398_1,agricultural_burning,low,0,1,132_748,2
E0022427_1,industrial_fire,low,0,1,132_771,2
E0022442_1,agricultural_burning,low,0,1,132_774,0
E0022486_1,agricultural_burning,low,0,1,132_792,1
E0022797_1,agricultural_burning,low,0,1,133_752,0
E0023334_1,industrial_fire,low,0,1,133_779,1
E0023505_2,agricultural_burning,low,0,1,133_757,1
E0024090_2,agricultural_burning,low,0,1,134_802,2
E0024091_2,agricultural_burning,low,0,1,134_802,2
E0024531_2,agricultural_burning,low,0,1,134_766,4
E0024722_1,agricultural_burning,low,0,1,134_796,2
E0024733_1,agricultural_burning,low,0,1,134_755,3
E0024857_2,agricultural_burning,low,0,1,134_755,3
E0024978_1,agricultural_burning,low,0,1,134_794,3
E0025741_2,industrial_fire,low,0,1,135_767,2
E0026089_1,industrial_fire,low,0,1,135_767,2
E0027266_1,agricultural_burning,low,0,1,136_773,2
E0027456_8,agricultural_burning,low,0,1,137_796,4
E0027567_3,agricultural_burning,low,0,1,137_796,4
E0027617_2,industrial_fire,low,0,1,137_775,1
E0027751_2,agricultural_burning,low,0,1,137_778,0
E0027841_1,industrial_fire,low,0,1,137_775,1
E0027922_1,industrial_fire,low,0,1,137_765,4
E0028040_1,industrial_fire,low,0,1,137_765,4
E0028040_2,industrial_fire,low,0,1,137_765,4
E0028041_1,industrial_fire,low,0,1,137_765,4
E0028097_1,industrial_fire,low,0,1,137_781,0
E0028406_2,industrial_fire,medium,1,1,138_765,0
E0028407_1,industrial_fire,medium,1,1,138_765,0
E0028763_1,agricultural_burning,low,0,1,138_789,4
E0028796_1,industrial_fire,low,0,1,138_764,4
E0028885_1,agricultural_burning,low,0,1,138_791,4
E0028917_1,industrial_fire,low,0,1,138_764,4
E0028917_2,industrial_fire,low,0,1,138_765,0
E0029002_1,agricultural_burning,low,0,1,138_791,4
E0029135_1,agricultural_burning,low,0,1,138_791,4
E0029136_1,agricultural_burning,low,0,1,138_791,4
E0029137_2,agricultural_burning,low,0,1,138_791,4
E0029290_1,agricultural_burning,low,0,1,138_791,4
E0029291_1,agricultural_burning,low,0,1,138_791,4
E0029607_1,agricultural_burning,low,0,1,138_791,4
E0029802_11,agricultural_burning,low,0,1,138_765,0
E0029802_5,agricultural_burning,low,0,1,138_765,0
E0029802_6,agricultural_burning,low,0,1,138_765,0
E0030445_1,industrial_fire,low,0,1,139_760,3
E0030446_1,industrial_fire,low,0,1,139_760,3
E0030554_1,agricultural_burning,low,0,1,139_790,1
E0030604_1,industrial_fire,low,0,1,139_760,3
E0030728_1,agricultural_burning,low,0,1,139_791,1
E0030780_1,industrial_fire,medium,1,1,139_764,0
E0031046_1,agricultural_burning,low,0,1,139_791,1
E0031088_1,industrial_fire,low,0,1,139_764,0
E0031195_1,agricultural_burning,low,0,1,139_791,1
E0031238_2,industrial_fire,low,0,1,139_763,4
E0031267_1,industrial_fire,low,0,1,139_773,1
E0031328_2,agricultural_burning,low,0,1,139_790,1
E0031330_1,agricultural_burning,low,0,1,139_790,1
E0031350_1,agricultural_burning,low,0,1,139_794,1
E0031487_2,agricultural_burning,low,0,1,140_790,0
E0031512_1,agricultural_burning,low,0,1,140_755,4
E0031569_3,industrial_fire,low,0,1,140_773,4
E0031645_1,agricultural_burning,low,0,1,140_791,2
E0031646_1,agricultural_burning,low,0,1,140_791,2
E0031690_1,industrial_fire,low,0,1,140_764,3
E0031691_2,industrial_fire,low,0,1,140_764,3
E0031708_2,industrial_fire,low,0,1,140_773,4
E0031797_1,agricultural_burning,low,0,1,140_791,2
E0031839_2,industrial_fire,low,0,1,140_764,3
E0032003_1,industrial_fire,low,0,1,140_764,3
E0032395_2,agricultural_burning,low,0,1,140_790,0
E0032398_1,agricultural_burning,low,0,1,140_790,0
E0032461_1,industrial_fire,low,0,1,140_763,0
E0032462_1,industrial_fire,low,0,1,140_763,0
E0032600_1,industrial_fire,low,0,1,140_763,0
E0032696_1,agricultural_burning,low,0,1,140_790,0
E0032842_2,agricultural_burning,low,0,1,140_789,4
E0033071_2,agricultural_burning,low,0,1,141_778,4
E0033129_1,agricultural_burning,low,0,1,141_790,4
E0033151_1,agricultural_burning,low,0,1,141_753,0
E0033194_1,industrial_fire,low,0,1,141_775,4
E0033195_1,industrial_fire,low,0,1,141_775,4
E0033262_2,agricultural_burning,low,0,1,141_789,2
E0033438_2,agricultural_burning,low,0,1,141_750,0
E0033735_2,agricultural_burning,low,0,1,141_757,2
E0033798_1,industrial_fire,low,0,1,141_775,4
E0033799_1,industrial_fire,low,0,1,141_775,4
E0033946_1,industrial_fire,low,0,1,141_773,4
E0034212_2,industrial_fire,low,0,1,141_764,2
E0034215_2,agricultural_burning,low,0,1,141_765,4
E0034496_2,industrial_fire,low,0,1,142_761,0
E0034497_1,industrial_fire,medium,1,1,142_761,0
E0034605_1,agricultural_burning,low,0,1,142_788,4
E0034979_1,industrial_fire,low,0,1,142_773,4
E0035366_1,agricultural_burning,low,0,1,142_789,4
E0035502_2,agricultural_burning,low,0,1,142_789,4
E0035630_2,agricultural_burning,low,0,1,142_789,4
E0035652_1,agricultural_burning,low,0,1,142_801,1
E0035703_1,industrial_fire,low,0,1,142_775,3
E0035963_1,agricultural_burning,low,0,1,143_794,1
E0036088_1,agricultural_burning,low,0,1,143_788,3
E0036186_2,agricultural_burning,low,0,1,143_782,1
E0036254_1,agricultural_burning,low,0,1,143_793,3
E0036425_1,industrial_fire,low,0,1,143_801,4
E0036426_1,industrial_fire,low,0,1,143_801,4
E0036608_1,industrial_fire,low,0,1,143_775,1
E0036767_1,industrial_fire,medium,1,1,143_775,1
E0036767_2,industrial_fire,medium,1,1,143_775,1
E0036912_1,industrial_fire,low,0,1,143_773,0
E0036956_2,agricultural_burning,low,0,1,143_785,1
E0036959_2,agricultural_burning,low,0,1,143_786,1
E0036999_1,agricultural_burning,low,0,1,143_792,0
E0037232_1,agricultural_burning,low,0,1,143_785,1
E0037880_2,industrial_fire,low,0,1,144_785,3
E0038180_1,agricultural_burning,low,0,1,144_791,3
E0038411_1,industrial_fire,low,0,1,145_773,2
E0038609_1,agricultural_burning,low,0,1,145_789,3
E0038613_1,agricultural_burning,low,0,1,145_789,3
E0038751_1,industrial_fire,low,0,1,145_764,1
E0039092_1,agricultural_burning,low,0,1,145_792,4
E0039369_3,agricultural_burning,low,0,1,146_785,2
E0039369_7,agricultural_burning,low,0,1,146_785,2
E0039381_1,agricultural_burning,low,0,1,146_789,3
E0039493_1,agricultural_burning,low,0,1,146_792,2
E0039588_1,agricultural_burning,low,0,1,146_789,3
E0039692_2,agricultural_burning,low,0,1,146_789,3
E0039795_1,agricultural_burning,low,0,1,146_789,3
E0039798_1,agricultural_burning,low,0,1,146_789,3
E0039811_2,agricultural_burning,low,0,1,146_799,2
E0039910_1,agricultural_burning,low,0,1,146_799,2
E0040023_2,agricultural_burning,low,0,1,146_753,0
E0040076_1,industrial_fire,low,0,1,146_778,2
E0040147_1,industrial_fire,low,0,1,146_771,4
E0040421_1,industrial_fire,low,0,1,147_779,2
E0040478_2,industrial_fire,low,0,1,147_759,1
E0040508_1,industrial_fire,low,0,1,147_771,3
E0040692_2,industrial_fire,low,0,1,147_778,1
E0040693_1,industrial_fire,low,0,1,147_778,1
E0040866_1,industrial_fire,low,0,1,147_779,2
E0040936_1,industrial_fire,low,0,1,147_779,2
E0040950_1,industrial_fire,low,0,1,147_789,1
E0040968_1,agricultural_burning,low,0,1,147_755,0
E0041038_1,industrial_fire,low,0,1,147_789,1
E0041127_1,industrial_fire,low,0,1,147_789,1
E0041319_1,industrial_fire,low,0,1,148_789,4
E0041451_1,industrial_fire,low,0,1,148_760,0
E0041548_1,industrial_fire,medium,1,1,148_760,0
E0041562_1,agricultural_burning,low,0,1,148_765,2
E0041654_1,industrial_fire,low,0,1,148_760,0
E0041655_1,industrial_fire,low,0,1,148_760,0
E0041728_2,agricultural_burning,low,0,1,148_791,2
E0042121_1,industrial_fire,low,0,1,149_761,0
E0042189_1,agricultural_burning,low,0,1,149_791,1
E0042607_1,agricultural_burning,low,0,1,149_792,3
E0042651_1,industrial_fire,low,0,1,149_761,0
E0042780_1,industrial_fire,low,0,1,149_761,0
E0042792_1,industrial_fire,medium,1,1,149_765,0
E0042793_3,industrial_fire,low,0,1,149_766,4
E0042794_1,industrial_fire,low,0,1,149_766,4
E0042813_4,agricultural_burning,low,0,1,149_770,3
E0043206_12,agricultural_burning,low,0,1,150_769,1
E0043206_7,agricultural_burning,low,0,1,150_770,0
E0043300_2,agricultural_burning,low,0,1,150_768,0
E0043300_5,agricultural_burning,low,0,1,150_768,0
E0043300_8,agricultural_burning,low,0,1,150_768,0
E0043305_4,agricultural_burning,low,0,1,150_769,1
E0043425_2,agricultural_burning,low,0,1,150_768,0
E0043425_6,agricultural_burning,low,0,1,150_768,0
E0043476_1,agricultural_burning,low,0,1,150_788,3
E0043984_2,agricultural_burning,low,0,1,150_779,3
E0044079_6,agricultural_burning,low,0,1,150_768,0
E0044079_8,agricultural_burning,low,0,1,150_768,0
E0044080_10,agricultural_burning,low,0,1,150_768,0
E0044080_9,agricultural_burning,low,0,1,150_768,0
E0044136_1,agricultural_burning,low,0,1,150_788,3
E0044169_2,industrial_fire,low,0,1,150_751,1
E0044284_1,agricultural_burning,low,0,1,150_748,3
E0044558_1,agricultural_burning,low,0,1,151_787,4
E0044606_1,industrial_fire,low,0,1,151_757,3
E0044638_10,agricultural_burning,low,0,1,151_768,3
E0044731_2,agricultural_burning,low,0,1,151_750,2
E0044749_1,industrial_fire,low,0,1,151_758,1
E0044780_8,agricultural_burning,low,0,1,151_768,3
E0044781_1,agricultural_burning,low,0,1,151_768,3
E0044781_4,agricultural_burning,medium,1,1,151_768,3
E0044781_5,agricultural_burning,low,0,1,151_768,3
E0044914_5,agricultural_burning,low,0,1,151_767,1
E0044914_6,agricultural_burning,low,0,1,151_767,1
E0044920_1,agricultural_burning,low,0,1,151_769,3
E0045257_1,agricultural_burning,low,0,1,151_788,0
E0045286_1,industrial_fire,low,0,1,151_756,1
E0045312_1,agricultural_burning,low,0,1,151_765,0
E0045448_1,agricultural_burning,low,0,1,151_767,1
E0045500_1,agricultural_burning,low,0,1,151_787,4
E0045502_1,agricultural_burning,low,0,1,151_787,4
E0045553_11,industrial_fire,medium,1,1,151_766,3
E0045563_7,agricultural_burning,low,0,1,151_767,1
E0045563_8,agricultural_burning,low,0,1,151_767,1
E0045624_1,agricultural_burning,low,0,1,151_787,4
E0045631_1,agricultural_burning,low,0,1,151_788,0
E0045767_1,agricultural_burning,low,0,1,151_787,4
E0045844_2,industrial_fire,low,0,1,151_771,3
E0045891_1,agricultural_burning,low,0,1,152_787,0
E0046091_4,agricultural_burning,low,0,1,152_767,4
E0046148_1,agricultural_burning,low,0,1,152_787,0
E0046244_1,industrial_fire,low,0,1,152_781,1
E0046245_1,industrial_fire,low,0,1,152_782,2
E0046245_2,industrial_fire,low,0,1,152_782,2
E0046246_2,industrial_fire,low,0,1,152_782,2
E0046464_1,industrial_fire,low,0,1,152_760,0
E0046527_2,agricultural_burning,low,0,1,152_786,2
E0046584_1,agricultural_burning,low,0,1,152_757,0
E0046650_1,agricultural_burning,low,0,1,152_787,0
E0046651_2,agricultural_burning,low,0,1,152_787,0
E0046890_1,agricultural_burning,low,0,1,152_787,0
E0046933_1,industrial_fire,low,0,1,152_756,1
E0047030_1,agricultural_burning,low,0,1,152_800,3
E0047071_5,agricultural_burning,low,0,1,153_762,0
E0047071_6,agricultural_burning,low,0,1,153_762,0
E0047264_1,agricultural_burning,low,0,1,153_786,2
E0047333_2,agricultural_burning,low,0,1,153_762,0
E0047454_1,industrial_fire,low,0,1,153_757,1
E0047468_10,agricultural_burning,low,0,1,153_762,0
E0047468_4,agricultural_burning,low,0,1,153_762,0
E0047556_1,agricultural_burning,low,0,1,153_787,2
E0047607_1,agricultural_burning,medium,1,1,153_762,0
E0047608_1,agricultural_burning,low,0,1,153_762,0
E0047610_6,agricultural_burning,low,0,1,153_762,0
E0047749_1,agricultural_burning,low,0,1,153_761,4
E0048191_1,agricultural_burning,low,0,1,153_778,4
E0048210_2,agricultural_burning,low,0,1,153_784,4
E0048274_2,industrial_fire,low,0,1,153_755,1
E0048487_2,agricultural_burning,low,0,1,154_784,0
E0048499_1,agricultural_burning,low,0,1,153_787,2
E0048502_2,agricultural_burning,low,0,1,154_787,1
E0048625_2,agricultural_burning,low,0,1,154_784,0
E0048638_2,agricultural_burning,low,0,1,154_787,1
E0048970_1,industrial_fire,low,0,1,154_755,2
E0049297_3,agricultural_burning,low,0,1,154_782,2
E0049666_1,agricultural_burning,low,0,1,154_744,4
E0049676_2,agricultural_burning,low,0,1,154_748,1
E0049916_1,agricultural_burning,low,0,1,155_786,4
E0049925_1,agricultural_burning,low,0,1,154_787,1
E0050061_1,agricultural_burning,low,0,1,155_787,0
E0050144_2,agricultural_burning,low,0,1,155_766,1
E0050164_1,industrial_fire,low,0,1,155_769,2
E0050164_3,industrial_fire,low,0,1,155_769,2
E0050216_1,agricultural_burning,low,0,1,155_787,0
E0050686_1,agricultural_burning,low,0,1,155_787,0
E0050751_2,industrial_fire,low,0,1,155_760,4
E0050852_1,agricultural_burning,low,0,1,155_787,0
E0050855_1,agricultural_burning,low,0,1,155_788,1
E0050975_1,agricultural_burning,low,0,1,155_782,2
E0050976_2,agricultural_burning,low,0,1,155_782,2
E0050996_1,agricultural_burning,low,0,1,155_787,0
E0051143_1,agricultural_burning,low,0,1,155_787,0
E0051279_1,agricultural_burning,low,0,1,155_787,0
E0051288_1,agricultural_burning,low,0,1,155_788,1
E0051399_1,agricultural_burning,low,0,1,156_787,1
E0051802_1,agricultural_burning,low,0,1,156_787,1
E0051805_1,agricultural_burning,low,0,1,156_787,1
E0051929_2,agricultural_burning,low,0,1,156_784,3
E0052139_2,agricultural_burning,low,0,1,156_739,2
E0052201_1,agricultural_burning,low,0,1,156_769,2
E0052264_1,agricultural_burning,low,0,1,156_787,1
E0052424_1,agricultural_burning,low,0,1,156_787,1
E0052426_1,agricultural_burning,low,0,1,156_787,1
E0052584_2,agricultural_burning,low,0,1,156_787,1
E0052596_1,agricultural_burning,low,0,1,156_789,1
E0052611_1,agricultural_burning,low,0,1,156_802,0
E0053055_2,agricultural_burning,low,0,1,157_787,0
E0053507_2,agricultural_burning,low,0,1,157_788,4
E0053656_1,agricultural_burning,low,0,1,157_787,0
E0053836_1,agricultural_burning,low,0,1,157_787,0
E0053838_1,agricultural_burning,low,0,1,157_787,0
E0054388_1,agricultural_burning,low,0,1,157_788,4
E0054909_1,agricultural_burning,low,0,1,158_788,0
E0055259_1,agricultural_burning,low,0,1,158_783,4
E0055339_2,agricultural_burning,low,0,1,158_950,4
E0055344_1,agricultural_burning,low,0,1,158_952,2
E0055489_1,agricultural_burning,low,0,1,158_787,4
E0055560_1,agricultural_burning,low,0,1,158_954,3
E0055656_2,agricultural_burning,low,0,1,158_778,1
E0055700_1,agricultural_burning,low,0,1,158_788,0
E0055763_2,agricultural_burning,low,0,1,158_953,4
E0055862_1,agricultural_burning,low,0,1,158_778,1
E0055959_2,agricultural_burning,low,0,1,158_954,3
E0055963_1,agricultural_burning,low,0,1,158_955,4
E0056155_3,agricultural_burning,low,0,1,158_954,3
E0056159_1,agricultural_burning,low,0,1,158_955,4
E0056217_2,industrial_fire,low,0,1,158_765,1
E0056342_2,agricultural_burning,low,0,1,158_953,4
E0056343_1,agricultural_burning,low,0,1,158_953,4
E0056356_3,agricultural_burning,low,0,1,158_955,4
E0056357_2,agricultural_burning,low,0,1,158_955,4
E0056358_1,agricultural_burning,low,0,1,158_955,4
E0056417_2,industrial_fire,low,0,1,158_765,1
E0056435_1,agricultural_burning,low,0,1,159_770,4
E0056452_1,agricultural_burning,low,0,1,159_777,1
E0056465_2,industrial_fire,low,0,1,159_780,0
E0056554_1,agricultural_burning,low,0,1,159_953,2
E0056556_2,agricultural_burning,low,0,1,158_954,3
E0056658_2,agricultural_burning,low,0,1,159_773,3
E0056658_6,agricultural_burning,low,0,1,159_773,3
E0056771_1,agricultural_burning,low,0,1,159_955,4
E0056772_2,agricultural_burning,low,0,1,159_955,4
E0056773_1,agricultural_burning,low,0,1,159_955,4
E0056867_1,agricultural_burning,low,0,1,159_770,4
E0056875_2,agricultural_burning,low,0,1,159_773,3
E0056926_1,agricultural_burning,low,0,1,159_788,2
E0056992_2,agricultural_burning,low,0,1,159_955,4
E0057095_1,agricultural_burning,low,0,1,159_780,0
E0057101_1,agricultural_burning,low,0,1,159_781,0
E0057189_2,agricultural_burning,low,0,1,159_953,2
E0057339_1,agricultural_burning,low,0,1,159_787,3
E0057345_1,agricultural_burning,low,0,1,159_788,2
E0057361_2,industrial_fire,low,0,1,159_790,1
E0057642_1,agricultural_burning,low,0,1,159_955,4
E0057771_2,agricultural_burning,low,0,1,159_783,0
E0057839_10,agricultural_burning,low,0,1,159_809,0
E0057839_8,agricultural_burning,low,0,1,159_809,0
E0057973_1,agricultural_burning,low,0,1,159_767,1
E0058032_1,agricultural_burning,low,0,1,159_787,3
E0058065_1,agricultural_burning,low,0,1,159_791,3
E0058118_1,agricultural_burning,low,0,1,159_955,4
E0058347_2,agricultural_burning,low,0,1,159_946,4
E0058534_2,agricultural_burning,low,0,1,159_788,2
E0058626_1,agricultural_burning,low,0,1,159_956,1
E0058710_2,agricultural_burning,low,0,1,159_768,1
E0058744_1,agricultural_burning,low,0,1,160_782,1
E0058843_2,agricultural_burning,low,0,1,159_946,4
E0058868_1,agricultural_burning,low,0,1,160_955,2
E0058980_1,agricultural_burning,low,0,1,160_776,0
E0059391_3,agricultural_burning,low,0,1,160_740,4
E0059540_1,agricultural_burning,low,0,1,160_789,3
E0059623_1,agricultural_burning,low,0,1,160_949,4
E0059638_3,agricultural_burning,low,0,1,160_954,0
E0059652_1,agricultural_burning,low,0,1,160_956,1
E0059653_1,agricultural_burning,low,0,1,160_956,1
E0059915_2,agricultural_burning,low,0,1,160_956,1
E0059919_2,agricultural_burning,low,0,1,160_956,1
E0060136_2,agricultural_burning,low,0,1,160_942,0
E0060172_1,agricultural_burning,low,0,1,160_954,0
E0060186_1,agricultural_burning,low,0,1,160_956,1
E0060188_1,agricultural_burning,low,0,1,160_956,1
E0060190_1,agricultural_burning,low,0,1,160_956,1
E0060269_2,agricultural_burning,low,0,1,160_769,3
E0060439_1,agricultural_burning,low,0,1,160_956,1
E0060448_1,industrial_fire,low,0,1,160_741,2
E0060687_2,agricultural_burning,low,0,1,160_956,1
E0060687_3,agricultural_burning,low,0,1,160_956,1
E0060688_2,agricultural_burning,low,0,1,160_956,1
E0060757_1,agricultural_burning,low,0,1,160_769,3
E0060882_1,agricultural_burning,low,0,1,160_803,3
E0060940_2,agricultural_burning,low,0,1,160_953,2
E0060965_2,agricultural_burning,low,0,1,160_956,1
E0060966_2,agricultural_burning,low,0,1,160_956,1
E0061086_1,agricultural_burning,low,0,1,160_786,2
E0061202_1,agricultural_burning,low,0,1,160_954,0
E0061203_1,agricultural_burning,low,0,1,160_954,0
E0061223_1,agricultural_burning,low,0,1,160_956,1
E0061476_2,agricultural_burning,low,0,1,160_954,0
E0061477_1,agricultural_burning,low,0,1,160_954,0
E0061480_1,agricultural_burning,low,0,1,160_954,0
E0061491_1,agricultural_burning,low,0,1,161_955,4
E0061501_1,agricultural_burning,low,0,1,160_957,0
E0061652_1,agricultural_burning,low,0,1,161_786,3
E0061656_1,agricultural_burning,low,0,1,161_787,1
E0061709_2,agricultural_burning,low,0,1,161_805,3
E0061711_2,agricultural_burning,low,0,1,161_805,3
E0061736_3,agricultural_burning,low,0,1,161_947,1
E0061749_3,agricultural_burning,low,0,1,161_953,3
E0061778_2,agricultural_burning,low,0,1,161_957,3
E0062032_2,agricultural_burning,low,0,1,161_955,4
E0062035_1,agricultural_burning,low,0,1,161_955,4
E0062036_1,agricultural_burning,low,0,1,161_955,4
E0062040_3,agricultural_burning,low,0,1,161_955,4
E0062042_1,agricultural_burning,low,0,1,161_956,4
E0062141_1,industrial_fire,low,0,1,161_771,3
E0062179_1,agricultural_burning,low,0,1,161_785,1
E0062187_1,agricultural_burning,low,0,1,161_786,3
E0062313_1,agricultural_burning,low,0,1,161_954,4
E0062427_2,agricultural_burning,low,0,1,161_770,0
E0062477_1,agricultural_burning,low,0,1,161_786,3
E0062486_1,agricultural_burning,low,0,1,161_787,1
E0062878_1,agricultural_burning,low,0,1,161_956,4
E0062880_2,agricultural_burning,low,0,1,161_956,4
E0062881_1,agricultural_burning,low,0,1,161_956,4
E0063021_1,agricultural_burning,low,0,1,161_785,1
E0063029_1,agricultural_burning,low,0,1,161_786,3
E0063172_1,agricultural_burning,low,0,1,161_955,4
E0063173_2,agricultural_burning,low,0,1,161_955,4
E0063181_1,agricultural_burning,low,0,1,161_956,4
E0063184_2,agricultural_burning,low,0,1,161_956,4
E0063328_1,agricultural_burning,low,0,1,161_785,1
E0063333_1,agricultural_burning,low,0,1,161_786,3
E0063426_2,agricultural_burning,low,0,1,161_807,3
E0063474_2,agricultural_burning,low,0,1,161_955,4
E0063482_1,agricultural_burning,low,0,1,161_956,4
E0063483_1,agricultural_burning,low,0,1,161_956,4
E0063763_2,agricultural_burning,low,0,1,161_958,3
E0063959_4,agricultural_burning,low,0,1,161_806,0
E0064190_1,agricultural_burning,low,0,1,161_791,3
E0064249_2,agricultural_burning,low,0,1,162_942,1
E0064290_1,agricultural_burning,low,0,1,162_955,4
E0064293_2,agricultural_burning,low,0,1,162_956,1
E0064529_2,agricultural_burning,low,0,1,162_947,0
E0064560_1,agricultural_burning,low,0,1,162_956,1
E0064570_2,agricultural_burning,low,0,1,162_958,3
E0064698_1,agricultural_burning,low,0,1,162_787,2
E0064787_1,agricultural_burning,low,0,1,162_947,0
E0064839_1,agricultural_burning,low,0,1,162_738,3
E0064944_2,agricultural_burning,low,0,1,162_787,2
E0065170_2,agricultural_burning,low,0,1,162_787,2
E0065226_1,industrial_fire,medium,1,1,162_807,1
E0065230_3,agricultural_burning,low,0,1,162_807,1
E0065611_1,agricultural_burning,low,0,1,162_770,1
E0065905_1,agricultural_burning,low,0,1,162_800,3
E0066110_1,agricultural_burning,low,0,1,162_788,4
E0066130_2,agricultural_burning,low,0,1,162_798,4
E0066142_1,agricultural_burning,low,0,1,162_800,3
E0066166_3,agricultural_burning,low,0,1,162_806,1
E0066167_1,agricultural_burning,low,0,1,162_806,1
E0066168_3,agricultural_burning,low,0,1,162_806,1
E0066226_1,agricultural_burning,low,0,1,162_960,2
E0066249_1,agricultural_burning,low,0,1,162_742,1
E0066416_2,agricultural_burning,low,0,1,162_806,1
E0066417_4,agricultural_burning,low,0,1,162_806,1
E0066644_1,agricultural_burning,low,0,1,163_806,0
E0066679_1,agricultural_burning,low,0,1,162_953,3
E0067039_1,agricultural_burning,low,0,1,163_775,3
E0067332_1,agricultural_burning,low,0,1,163_807,0
E0067581_1,agricultural_burning,low,0,1,163_943,0
E0067582_2,agricultural_burning,low,0,1,163_944,0
E0068091_1,agricultural_burning,low,0,1,163_812,3
E0068102_2,agricultural_burning,low,0,1,163_944,0
E0068143_2,agricultural_burning,low,0,1,163_958,2
E0068146_2,agricultural_burning,low,0,1,163_958,2
E0068148_3,agricultural_burning,low,0,1,163_958,2
E0068149_4,agricultural_burning,low,0,1,163_958,2
E0068622_4,agricultural_burning,low,0,1,163_958,2
E0068623_3,agricultural_burning,low,0,1,163_958,2
E0068678_1,industrial_fire,low,0,1,163_745,1
E0068746_2,agricultural_burning,low,0,1,163_773,4
E0068754_1,agricultural_burning,low,0,1,163_774,1
E0068909_1,agricultural_burning,low,0,1,163_962,4
E0069130_1,agricultural_burning,low,0,1,164_950,2
E0069152_2,agricultural_burning,low,0,1,163_958,2
E0069354_1,agricultural_burning,low,0,1,164_810,1
E0069357_3,agricultural_burning,low,0,1,164_819,1
E0069395_3,agricultural_burning,low,0,1,164_961,1
E0069648_1,agricultural_burning,low,0,1,164_955,2
E0069886_1,agricultural_burning,low,0,1,164_810,1
E0069905_1,agricultural_burning,low,0,1,164_949,1
E0069937_2,agricultural_burning,low,0,1,164_960,3
E0069968_2,agricultural_burning,low,0,1,164_737,4
E0070156_1,agricultural_burning,low,0,1,164_945,2
E0070167_1,agricultural_burning,low,0,1,164_949,1
E0070518_3,agricultural_burning,low,0,1,164_764,3
E0070533_1,agricultural_burning,low,0,1,164_767,1
E0070558_1,agricultural_burning,low,0,1,164_772,1
E0070913_1,industrial_fire,medium,1,1,164_807,4
E0070918_2,agricultural_burning,low,0,1,164_808,4
E0070919_2,agricultural_burning,low,0,1,164_808,4
E0071061_1,agricultural_burning,low,0,1,164_766,3
E0071326_1,agricultural_burning,low,0,1,164_766,3
E0071350_2,agricultural_burning,low,0,1,164_772,1
E0071401_1,agricultural_burning,low,0,1,164_795,1
E0071443_2,agricultural_burning,low,0,1,164_808,4
E0071491_1,agricultural_burning,low,0,1,164_958,0
E0071564_1,agricultural_burning,low,0,1,164_752,1
E0071600_1,agricultural_burning,low,0,1,165_766,4
E0071605_1,agricultural_burning,low,0,1,164_766,3
E0071734_1,agricultural_burning,low,0,1,164_945,2
E0071822_2,agricultural_burning,low,0,1,165_740,4
E0071865_4,agricultural_burning,low,0,1,165_766,4
E0072020_1,agricultural_burning,low,0,1,165_956,2
E0072130_1,agricultural_burning,low,0,1,165_766,4
E0072251_1,agricultural_burning,low,0,1,165_808,3
E0072427_1,agricultural_burning,low,0,1,165_771,3
E0072438_2,agricultural_burning,low,0,1,165_774,0
E0072518_2,agricultural_burning,low,0,1,165_808,3
E0072519_1,agricultural_burning,low,0,1,165_808,3
E0072520_1,agricultural_burning,low,0,1,165_808,3
E0072520_2,agricultural_burning,low,0,1,165_808,3
E0072521_1,agricultural_burning,low,0,1,165_808,3
E0072609_1,agricultural_burning,low,0,1,165_965,4
E0072814_2,agricultural_burning,low,0,1,165_808,3
E0072854_1,agricultural_burning,low,0,1,165_956,2
E0073119_1,agricultural_burning,low,0,1,165_809,1
E0073119_2,agricultural_burning,low,0,1,165_808,3
E0073120_2,agricultural_burning,low,0,1,165_809,1
E0073132_5,agricultural_burning,low,0,1,165_825,2
E0073132_6,agricultural_burning,medium,1,1,165_825,2
E0073133_4,agricultural_burning,low,0,1,165_825,2
E0073133_5,agricultural_burning,low,0,1,165_825,2
E0073248_1,industrial_fire,low,0,1,165_755,1
E0073286_1,agricultural_burning,low,0,1,165_771,3
E0073287_1,agricultural_burning,low,0,1,165_771,3
E0073368_2,agricultural_burning,low,0,1,165_809,1
E0073369_1,agricultural_burning,low,0,1,165_809,1
E0073659_1,agricultural_burning,low,0,1,165_809,1
E0073715_1,agricultural_burning,low,0,1,165_957,4
E0073820_2,agricultural_burning,low,0,1,165_764,2
E0073930_2,agricultural_burning,low,0,1,165_808,3
E0073980_1,agricultural_burning,low,0,1,165_955,1
E0073994_3,agricultural_burning,low,0,1,165_957,4
E0074103_3,agricultural_burning,low,0,1,165_765,3
E0074243_1,agricultural_burning,low,0,1,165_955,1
E0074364_3,agricultural_burning,low,0,1,165_765,3
E0074519_2,agricultural_burning,low,0,1,165_955,1
E0074758_1,agricultural_burning,low,0,1,166_943,1
E0074796_2,agricultural_burning,low,0,1,166_956,3
E0074929_2,agricultural_burning,low,0,1,166_771,0
E0074996_1,agricultural_burning,low,0,1,166_803,1
E0075054_1,agricultural_burning,low,0,1,166_953,4
E0075135_1,agricultural_burning,low,0,1,166_751,0
E0075290_1,agricultural_burning,low,0,1,166_952,2
E0075295_1,agricultural_burning,low,0,1,166_953,4
E0075296_2,agricultural_burning,low,0,1,166_953,4
E0075516_2,agricultural_burning,low,0,1,166_947,0
E0075739_2,agricultural_burning,low,0,1,166_947,0
E0075774_1,agricultural_burning,low,0,1,166_954,3
E0075779_2,agricultural_burning,low,0,1,166_955,1
E0075788_3,agricultural_burning,low,0,1,166_957,0
E0076030_1,agricultural_burning,low,0,1,166_953,4
E0076247_2,agricultural_burning,low,0,1,166_947,0
E0076279_1,agricultural_burning,low,0,1,166_953,4
E0076280_1,agricultural_burning,low,0,1,166_953,4
E0076281_1,agricultural_burning,low,0,1,166_953,4
E0076329_1,agricultural_burning,low,0,1,166_736,0
E0076503_1,agricultural_burning,low,0,1,166_953,4
E0076504_1,agricultural_burning,low,0,1,166_953,4
E0076716_2,agricultural_burning,low,0,1,166_952,2
E0076720_2,agricultural_burning,low,0,1,166_953,4
E0076724_1,agricultural_burning,low,0,1,166_953,4
E0076727_1,agricultural_burning,low,0,1,166_954,3
E0076974_2,agricultural_burning,low,0,1,167_954,2
E0076992_1,agricultural_burning,low,0,1,166_957,0
E0077002_1,agricultural_burning,low,0,1,166_967,0
E0077046_1,agricultural_burning,low,0,1,167_756,2
E0077154_1,agricultural_burning,low,0,1,167_945,4
E0077196_1,agricultural_burning,low,0,1,167_953,0
E0077201_1,agricultural_burning,low,0,1,167_954,2
E0077208_2,agricultural_burning,low,0,1,167_954,2
E0077403_2,agricultural_burning,low,0,1,167_947,4
E0077435_1,agricultural_burning,low,0,1,167_954,2
E0077439_1,agricultural_burning,low,0,1,167_955,4
E0077440_1,agricultural_burning,low,0,1,167_955,4
E0077441_1,agricultural_burning,low,0,1,167_955,4
E0077483_1,agricultural_burning,low,0,1,167_744,4
E0077609_4,agricultural_burning,low,0,1,167_822,2
E0077632_2,agricultural_burning,low,0,1,167_948,0
E0077638_3,agricultural_burning,low,0,1,167_949,1
E0077759_1,agricultural_burning,low,0,1,167_770,1
E0077832_7,agricultural_burning,low,0,1,167_822,2
E0077862_1,agricultural_burning,low,0,1,167_949,1
E0077881_3,agricultural_burning,low,0,1,167_952,1
E0077886_2,agricultural_burning,low,0,1,167_953,0
E0077985_2,agricultural_burning,low,0,1,167_770,1
E0078088_1,agricultural_burning,low,0,1,167_948,0
E0078112_2,agricultural_burning,low,0,1,167_953,0
E0078207_1,agricultural_burning,low,0,1,167_776,1
E0078551_1,agricultural_burning,low,0,1,167_949,1
E0078560_2,agricultural_burning,low,0,1,167_952,1
E0078580_2,agricultural_burning,low,0,1,167_959,0
E0078581_1,agricultural_burning,low,0,1,167_959,0
E0078583_4,agricultural_burning,low,0,1,167_959,0
E0078648_3,agricultural_burning,low,0,1,167_765,0
E0078667_2,agricultural_burning,low,0,1,167_770,1
E0078813_2,agricultural_burning,low,0,1,167_959,0
E0078841_1,agricultural_burning,low,0,1,167_740,0
E0078867_1,industrial_fire,low,0,1,167_759,4
E0078881_2,agricultural_burning,low,0,1,167_765,0
E0078882_2,agricultural_burning,low,0,1,167_765,0
E0078902_2,agricultural_burning,low,0,1,167_770,1
E0079014_3,agricultural_burning,low,0,1,167_946,4
E0079030_2,agricultural_burning,low,0,1,167_950,4
E0079045_3,agricultural_burning,low,0,1,167_953,0
E0079046_1,agricultural_burning,low,0,1,167_953,0
E0079051_1,agricultural_burning,low,0,1,167_954,2
E0079189_1,industrial_fire,low,0,1,168_789,2
E0079270_2,agricultural_burning,low,0,1,168_945,3
E0079271_1,agricultural_burning,low,0,1,167_945,4
E0079312_1,agricultural_burning,low,0,1,167_953,0
E0079333_2,agricultural_burning,low,0,1,167_959,0
E0079355_1,agricultural_burning,low,0,1,168_737,2
E0079794_1,agricultural_burning,low,0,1,168_819,4
E0079816_1,agricultural_burning,low,0,1,168_949,0
E0080101_1,agricultural_burning,low,0,1,168_959,1
E0080518_1,agricultural_burning,low,0,1,168_953,0
E0080550_2,agricultural_burning,low,0,1,168_736,3
E0080686_6,agricultural_burning,low,0,1,168_819,4
E0080711_1,agricultural_burning,low,0,1,168_950,4
E0080721_1,agricultural_burning,low,0,1,168_953,0
E0080902_4,agricultural_burning,low,0,1,168_819,4
E0080943_1,agricultural_burning,low,0,1,168_954,2
E0081085_9,agricultural_burning,low,0,1,168_801,4
E0081108_4,agricultural_burning,low,0,1,168_819,4
E0081159_3,agricultural_burning,low,0,1,168_956,0
E0081382_1,agricultural_burning,low,0,1,168_953,0
E0081383_1,agricultural_burning,low,0,1,168_953,0
E0081386_1,agricultural_burning,low,0,1,168_953,0
E0081486_1,agricultural_burning,low,0,1,168_767,0
E0081592_2,agricultural_burning,low,0,1,168_944,0
E0081593_1,agricultural_burning,low,0,1,169_944,4
E0081615_2,agricultural_burning,low,0,1,169_953,4
E0081633_1,agricultural_burning,low,0,1,168_958,4
E0081839_1,agricultural_burning,low,0,1,169_953,4
E0082060_2,agricultural_burning,low,0,1,169_953,4
E0082495_1,agricultural_burning,low,0,1,169_957,3
E0083337_1,agricultural_burning,low,0,1,169_808,1
E0083357_1,agricultural_burning,low,0,1,169_946,2
E0083393_1,agricultural_burning,low,0,1,169_957,3
E0083548_2,agricultural_burning,low,0,1,169_801,0
E0083587_1,agricultural_burning,low,0,1,169_821,4
E0083597_1,agricultural_burning,low,0,1,169_948,0
E0083614_1,agricultural_burning,low,0,1,169_953,4
E0083620_1,agricultural_burning,low,0,1,169_956,1
E0083631_2,agricultural_burning,low,0,1,169_958,4
E0083881_1,agricultural_burning,low,0,1,170_961,4
E0084312_1,agricultural_burning,low,0,1,170_949,4
E0084548_2,agricultural_burning,low,0,1,170_949,4
E0084793_2,agricultural_burning,low,0,1,170_950,3
E0084841_1,agricultural_burning,low,0,1,170_965,2
E0085134_1,agricultural_burning,low,0,1,170_736,3
E0085171_1,industrial_fire,low,0,1,170_752,1
E0085254_1,agricultural_burning,low,0,1,170_802,3
E0085305_1,agricultural_burning,low,0,1,170_949,4
E0085388_1,industrial_fire,low,0,1,170_739,3
E0085390_1,industrial_fire,low,0,1,170_740,1
E0085435_2,industrial_fire,low,0,1,170_768,2
E0085686_4,industrial_fire,low,0,1,170_768,2
E0085758_1,agricultural_burning,low,0,1,170_802,3
E0085762_2,agricultural_burning,low,0,1,170_802,3
E0085764_1,agricultural_burning,low,0,1,170_802,3
E0085783_1,agricultural_burning,low,0,1,170_807,3
E0085946_3,industrial_fire,low,0,1,170_768,2
E0086099_1,agricultural_burning,low,0,1,170_950,3
E0086207_1,industrial_fire,low,0,1,171_748,0
E0086402_1,agricultural_burning,low,0,1,171_955,3
E0086625_1,agricultural_burning,low,0,1,171_947,4
E0086634_1,agricultural_burning,low,0,1,171_949,1
E0086716_1,industrial_fire,low,0,1,171_739,3
E0086833_2,agricultural_burning,low,0,1,171_802,4
E0086883_2,agricultural_burning,low,0,1,171_949,1
E0087076_2,agricultural_burning,low,0,1,171_802,4
E0087208_2,industrial_fire,low,0,1,171_739,3
E0087232_1,industrial_fire,low,0,1,171_748,0
E0087295_3,agricultural_burning,low,0,1,171_782,3
E0087301_1,agricultural_burning,low,0,1,171_786,0
E0087399_2,agricultural_burning,low,0,1,171_950,0
E0087408_1,agricultural_burning,low,0,1,171_953,0
E0087488_1,industrial_fire,low,0,1,171_747,0
E0087539_6,agricultural_burning,low,0,1,171_782,3
E0087646_2,agricultural_burning,low,0,1,171_950,0
E0087667_1,agricultural_burning,low,0,1,171_955,3
E0087795_2,agricultural_burning,low,0,1,171_782,3
E0087798_1,agricultural_burning,low,0,1,171_785,1
E0087864_1,agricultural_burning,low,0,1,171_817,0
E0087889_1,agricultural_burning,low,0,1,171_950,0
E0087899_1,agricultural_burning,low,0,1,171_953,0
E0087918_1,agricultural_burning,low,0,1,171_958,4
E0088167_2,agricultural_burning,low,0,1,171_958,4
E0088210_2,industrial_fire,medium,1,1,171_739,3
E0088375_2,agricultural_burning,low,0,1,171_949,1
E0088391_2,agricultural_burning,low,0,1,171_955,3
E0088466_1,industrial_fire,low,0,1,171_749,3
E0088508_1,industrial_fire,low,0,1,171_779,0
E0088573_1,agricultural_burning,low,0,1,171_802,4
E0088658_3,agricultural_burning,low,0,1,171_962,1
E0088709_1,industrial_fire,low,0,1,171_749,3
E0088862_2,agricultural_burning,low,0,1,172_954,2
E0088894_2,agricultural_burning,low,0,1,172_962,3
E0088927_1,industrial_fire,low,0,1,172_739,0
E0089188_1,industrial_fire,low,0,1,172_747,3
E0089344_1,agricultural_burning,low,0,1,172_950,1
E0089360_1,agricultural_burning,low,0,1,172_957,0
E0089413_1,industrial_fire,low,0,1,172_739,0
E0089414_2,industrial_fire,low,0,1,172_739,0
E0089414_4,industrial_fire,low,0,1,172_739,0
E0089597_2,agricultural_burning,low,0,1,172_950,1
E0089690_2,industrial_fire,low,0,1,172_738,4
E0089693_1,industrial_fire,medium,1,1,172_739,0
E0089693_2,industrial_fire,low,0,1,172_739,0
E0089829_1,agricultural_burning,low,0,1,172_811,3
E0089860_1,agricultural_burning,low,0,1,172_948,4
E0089939_3,industrial_fire,low,0,1,172_738,4
E0090074_1,agricultural_burning,low,0,1,172_802,0
E0090140_3,agricultural_burning,low,0,1,172_949,1
E0090150_1,agricultural_burning,low,0,1,172_950,1
E0090203_1,agricultural_burning,low,0,1,172_967,2
E0090232_2,industrial_fire,low,0,1,172_738,4
E0090233_1,industrial_fire,low,0,1,172_738,4
E0090236_1,industrial_fire,low,0,1,172_738,4
E0090237_1,industrial_fire,low,0,1,172_738,4
E0090426_3,agricultural_burning,low,0,1,172_949,1
E0090503_2,industrial_fire,low,0,1,172_738,4
E0090511_1,industrial_fire,low,0,1,172_738,4
E0090531_1,industrial_fire,low,0,1,172_746,0
E0090711_1,agricultural_burning,low,0,1,172_953,4
E0090723_1,agricultural_burning,low,0,1,172_956,1
E0090765_1,agricultural_burning,low,0,1,172_968,4
E0090774_2,agricultural_burning,low,0,1,172_735,3
E0090931_1,agricultural_burning,low,0,1,172_805,1
E0090969_2,agricultural_burning,low,0,1,172_947,3
E0091026_1,agricultural_burning,low,0,1,172_966,4
E0091027_1,agricultural_burning,low,0,1,172_966,4
E0091044_1,agricultural_burning,low,0,1,172_968,4
E0091045_1,agricultural_burning,low,0,1,172_968,4
E0091082_3,industrial_fire,low,0,1,172_739,0
E0091318_1,agricultural_burning,low,0,1,172_967,2
E0091354_3,industrial_fire,low,0,1,173_738,2
E0091357_1,industrial_fire,low,0,1,173_739,3
E0091358_2,industrial_fire,low,0,1,173_739,3
E0091656_1,industrial_fire,medium,1,1,173_737,1
E0091659_1,industrial_fire,low,0,1,173_738,2
E0091660_2,industrial_fire,low,0,1,173_738,2
E0091836_1,agricultural_burning,low,0,1,173_815,0
E0091941_2,industrial_fire,medium,1,1,173_738,2
E0091941_3,industrial_fire,low,0,1,173_738,2
E0091942_2,industrial_fire,low,0,1,173_738,2
E0091943_4,industrial_fire,low,0,1,173_738,2
E0092106_1,agricultural_burning,low,0,1,173_805,4
E0092224_1,agricultural_burning,low,0,1,173_969,4
E0092319_1,agricultural_burning,low,0,1,173_774,2
E0092489_2,agricultural_burning,low,0,1,173_965,1
E0092557_1,industrial_fire,low,0,1,173_747,3
E0092613_1,industrial_fire,low,0,1,173_776,1
E0092692_1,agricultural_burning,low,0,1,173_808,3
E0092742_3,agricultural_burning,low,0,1,173_824,0
E0092791_2,agricultural_burning,low,0,1,173_966,0
E0092801_1,agricultural_burning,low,0,1,173_967,1
E0092804_1,agricultural_burning,low,0,1,173_968,3
E0092806_1,agricultural_burning,low,0,1,173_969,4
E0092873_1,industrial_fire,low,0,1,173_764,0
E0092981_1,agricultural_burning,low,0,1,173_808,3
E0092996_1,agricultural_burning,low,0,1,173_813,4
E0092999_1,agricultural_burning,low,0,1,173_813,4
E0093000_2,agricultural_burning,low,0,1,173_813,4
E0093182_1,agricultural_burning,low,0,1,173_777,1
E0093186_2,industrial_fire,low,0,1,173_779,1
E0093278_1,agricultural_burning,low,0,1,173_813,4
E0093362_1,agricultural_burning,low,0,1,173_967,1
E0093380_1,agricultural_burning,low,0,1,173_734,3
E0093596_1,agricultural_burning,low,0,1,173_813,4
E0093629_2,agricultural_burning,low,0,1,173_947,4
E0093648_1,agricultural_burning,low,0,1,173_954,2
E0093651_1,agricultural_burning,low,0,1,173_955,2
E0093765_1,industrial_fire,low,0,1,173_764,0
E0093949_1,agricultural_burning,low,0,1,173_954,2
E0093950_1,agricultural_burning,low,0,1,173_954,2
E0093971_1,agricultural_burning,low,0,1,173_961,1
E0094191_1,agricultural_burning,low,0,1,173_813,4
E0094198_1,agricultural_burning,low,0,1,173_814,3
E0094381_2,industrial_fire,low,0,1,174_773,1
E0094524_2,agricultural_burning,low,0,1,173_948,2
E0094565_1,agricultural_burning,low,0,1,174_965,1
E0094776_2,agricultural_burning,low,0,1,174_812,1
E0094781_1,agricultural_burning,low,0,1,174_813,3
E0094855_2,agricultural_burning,low,0,1,174_959,1
E0094867_3,agricultural_burning,low,0,1,174_960,2
E0095091_1,agricultural_burning,low,0,1,174_812,1
E0095099_1,agricultural_burning,low,0,1,174_813,3
E0095101_1,agricultural_burning,low,0,1,174_814,0
E0095104_1,agricultural_burning,low,0,1,174_814,0
E0095411_1,agricultural_burning,low,0,1,174_809,4
E0095493_3,agricultural_burning,low,0,1,174_959,1
E0095726_3,agricultural_burning,low,0,1,174_807,0
E0095760_1,agricultural_burning,low,0,1,174_814,0
E0095881_1,agricultural_burning,low,0,1,174_735,4
E0096061_1,agricultural_burning,low,0,1,174_803,0
E0096126_1,agricultural_burning,low,0,1,174_948,1
E0096132_2,agricultural_burning,low,0,1,174_949,3
E0096222_1,industrial_fire,low,0,1,174_738,0
E0096223_2,industrial_fire,low,0,1,174_738,0
E0096263_1,industrial_fire,low,0,1,174_760,3
E0096273_1,industrial_fire,low,0,1,174_764,3
E0096382_3,mining_activity,high,1,1,174_806,2
E0096382_7,mining_activity,medium,1,1,174_806,2
E0096382_8,mining_activity,high,1,1,174_806,2
E0096383_3,mining_activity,medium,1,1,174_806,2
E0096383_4,mining_activity,medium,1,1,174_806,2
E0096383_5,mining_activity,medium,1,1,174_806,2
E0096423_1,agricultural_burning,low,0,1,174_816,2
E0096458_1,agricultural_burning,low,0,1,174_949,3
E0096535_1,industrial_fire,low,0,1,174_738,0
E0096535_2,industrial_fire,low,0,1,174_738,0
E0096590_3,industrial_fire,low,0,1,174_764,3
E0096704_3,mining_activity,medium,1,1,174_806,2
E0096704_6,mining_activity,medium,1,1,174_806,2
E0096704_7,mining_activity,medium,1,1,174_806,2
E0096704_8,mining_activity,medium,1,1,174_806,2
E0096711_2,agricultural_burning,low,0,1,174_808,4
E0096738_1,agricultural_burning,low,0,1,174_816,2
E0096785_1,agricultural_burning,low,0,1,174_956,1
E0096807_1,agricultural_burning,low,0,1,174_961,1
E0096875_1,industrial_fire,low,0,1,174_746,0
E0096876_1,industrial_fire,low,0,1,174_746,0
E0097075_1,agricultural_burning,low,0,1,174_815,2
E0097128_2,agricultural_burning,low,0,1,174_957,4
E0097847_1,agricultural_burning,low,0,1,175_735,0
E0097860_1,industrial_fire,low,0,1,175_738,1
E0098063_2,agricultural_burning,low,0,1,175_814,1
E0098070_1,agricultural_burning,low,0,1,175_815,2
E0098105_1,agricultural_burning,low,0,1,175_946,0
E0098111_1,agricultural_burning,low,0,1,175_948,1
E0098112_1,agricultural_burning,low,0,1,175_948,1
E0098147_1,agricultural_burning,low,0,1,175_959,2
E0098319_1,industrial_fire,low,0,1,175_783,2
E0098412_1,agricultural_burning,low,0,1,175_815,2
E0098415_1,agricultural_burning,low,0,1,175_815,2
E0098416_1,agricultural_burning,low,0,1,175_815,2
E0098449_2,agricultural_burning,low,0,1,175_946,0
E0098760_1,agricultural_burning,low,0,1,175_815,2
E0098764_1,agricultural_burning,low,0,1,175_815,2
E0098865_1,agricultural_burning,low,0,1,175_968,0
E0098885_1,agricultural_burning,low,0,1,175_736,0
E0098893_1,industrial_fire,low,0,1,175_738,1
E0099098_1,agricultural_burning,low,0,1,175_810,2
E0099115_1,agricultural_burning,low,0,1,175_814,1
E0099200_2,agricultural_burning,low,0,1,175_966,3
E0099262_1,industrial_fire,low,0,1,175_748,2
E0099440_1,agricultural_burning,low,0,1,175_814,1
E0099444_1,agricultural_burning,low,0,1,175_814,1
E0099474_1,agricultural_burning,low,0,1,175_823,2
E0099484_1,agricultural_burning,low,0,1,175_948,1
E0099525_2,agricultural_burning,low,0,1,175_962,4
E0099535_2,agricultural_burning,low,0,1,175_966,3
E0099579_1,industrial_fire,low,0,1,175_739,3
E0099580_1,industrial_fire,low,0,1,175_739,3
E0099604_1,industrial_fire,low,0,1,175_748,2
E0099785_2,agricultural_burning,low,0,1,175_809,0
E0099839_1,agricultural_burning,low,0,1,175_948,1
E0099945_1,industrial_fire,medium,1,1,175_738,1
E0099947_1,industrial_fire,low,0,1,175_738,1
E0100075_1,agricultural_burning,low,0,1,175_782,0
E0100135_1,agricultural_burning,low,0,1,175_804,3
E0100305_2,industrial_fire,low,0,1,175_738,1
E0100514_1,agricultural_burning,low,0,1,175_803,1
E0100549_1,agricultural_burning,low,0,1,175_813,0
E0100579_1,agricultural_burning,low,0,1,175_821,2
E0100598_3,agricultural_burning,low,0,1,175_948,1
E0100650_1,agricultural_burning,low,0,1,175_962,4
E0100651_1,agricultural_burning,low,0,1,175_962,4
E0100699_1,industrial_fire,low,0,1,175_738,1
E0100875_1,agricultural_burning,low,0,1,175_803,1
E0100912_2,agricultural_burning,low,0,1,175_814,1
E0100946_2,agricultural_burning,low,0,1,175_822,0
E0101062_2,industrial_fire,low,0,1,175_738,1
E0101063_1,industrial_fire,medium,1,1,175_738,1
E0101064_1,industrial_fire,medium,1,1,175_739,3
E0101286_1,agricultural_burning,low,0,1,176_814,3
E0101290_1,agricultural_burning,low,0,1,175_815,2
E0101336_3,industrial_fire,medium,1,1,176_831,1
E0101337_5,industrial_fire,medium,1,1,176_831,1
E0101628_1,agricultural_burning,low,0,1,176_803,1
E0101636_1,agricultural_burning,low,0,1,176_804,0
E0101671_1,agricultural_burning,low,0,1,176_814,3
E0101673_2,agricultural_burning,low,0,1,176_814,3
E0101674_2,agricultural_burning,low,0,1,176_814,3
E0101676_1,agricultural_burning,low,0,1,176_814,3
E0101678_1,agricultural_burning,low,0,1,176_815,4
E0101679_1,agricultural_burning,low,0,1,176_815,4
E0101692_1,agricultural_burning,low,0,1,176_818,0
E0101720_2,agricultural_burning,low,0,1,176_949,1
E0101730_1,agricultural_burning,low,0,1,176_950,3
E0101782_2,agricultural_burning,low,0,1,176_966,2
E0101825_1,industrial_fire,low,0,1,176_739,3
E0101826_1,industrial_fire,low,0,1,176_739,3
E0102089_1,agricultural_burning,low,0,1,176_948,4
E0102150_2,agricultural_burning,low,0,1,176_966,2
E0102152_1,agricultural_burning,low,0,1,176_966,2
E0102532_1,agricultural_burning,low,0,1,176_966,2
E0102615_1,agricultural_burning,low,0,1,176_766,4
E0102775_1,agricultural_burning,low,0,1,176_815,4
E0102785_1,agricultural_burning,low,0,1,176_817,0
E0102903_1,industrial_fire,low,0,1,176_742,1
E0103123_3,agricultural_burning,low,0,1,176_814,3
E0103127_1,agricultural_burning,low,0,1,176_815,4
E0103180_2,agricultural_burning,low,0,1,176_949,1
E0103194_1,agricultural_burning,low,0,1,176_954,0
E0103483_2,agricultural_burning,low,0,1,176_804,0
E0103484_2,agricultural_burning,low,0,1,176_804,0
E0103512_1,agricultural_burning,low,0,1,176_814,3
E0103514_1,agricultural_burning,low,0,1,176_814,3
E0103515_2,agricultural_burning,low,0,1,176_814,3
E0103595_2,agricultural_burning,low,0,1,176_959,4
E0103617_2,agricultural_burning,low,0,1,176_966,2
E0103634_1,agricultural_burning,low,0,1,176_733,0
E0103641_1,agricultural_burning,low,0,1,176_734,1
E0103648_1,industrial_fire,low,0,1,176_735,0
E0103649_1,industrial_fire,low,0,1,176_735,0
E0103753_1,industrial_fire,medium,1,1,176_772,4
E0103848_1,agricultural_burning,low,0,1,176_802,0
E0103899_1,agricultural_burning,low,0,1,176_815,4
E0103900_3,agricultural_burning,low,0,1,176_815,4
E0103926_1,agricultural_burning,low,0,1,176_820,0
E0104017_2,agricultural_burning,low,0,1,176_966,2
E0104018_2,agricultural_burning,low,0,1,176_966,2
E0104229_1,agricultural_burning,low,0,1,176_802,0
E0104276_1,agricultural_burning,low,0,1,176_815,4
E0104284_1,agricultural_burning,low,0,1,176_816,2
E0104298_1,agricultural_burning,low,0,1,176_820,0
E0104607_1,agricultural_burning,low,0,1,176_800,3
E0104633_1,agricultural_burning,low,0,1,176_803,1
E0104678_1,agricultural_burning,low,0,1,176_816,2
E0104679_1,agricultural_burning,low,0,1,176_816,2
E0104680_2,agricultural_burning,low,0,1,176_816,2
E0104681_1,agricultural_burning,low,0,1,176_816,2
E0104732_2,agricultural_burning,low,0,1,176_947,2
E0104979_2,agricultural_burning,low,0,1,176_801,0
E0104998_2,agricultural_burning,low,0,1,176_803,1
E0105004_1,agricultural_burning,low,0,1,177_804,0
E0105090_1,agricultural_burning,low,0,1,177_822,2
E0105289_3,industrial_fire,low,0,1,177_773,1
E0105369_2,agricultural_burning,low,0,1,177_801,1
E0105383_1,agricultural_burning,low,0,1,177_803,3
E0105390_1,agricultural_burning,low,0,1,177_804,0
E0105474_2,agricultural_burning,low,0,1,177_822,2
E0105499_2,agricultural_burning,low,0,1,177_945,4
E0105547_1,agricultural_burning,low,0,1,177_960,3
E0105826_1,agricultural_burning,low,0,1,177_816,0
E0105843_1,agricultural_burning,low,0,1,177_819,0
E0105959_3,agricultural_burning,low,0,1,177_734,0
E0106219_1,agricultural_burning,low,0,1,177_817,3
E0106297_1,agricultural_burning,low,0,1,177_954,2
E0106629_1,agricultural_burning,low,0,1,177_820,4
E0106680_1,agricultural_burning,low,0,1,177_950,1
E0106681_3,agricultural_burning,low,0,1,177_950,1
E0106754_1,agricultural_burning,low,0,1,177_737,2
E0106916_1,agricultural_burning,low,0,1,177_800,2
E0106927_1,agricultural_burning,low,0,1,177_802,1
E0106928_2,agricultural_burning,low,0,1,177_802,1
E0106990_2,agricultural_burning,low,0,1,177_815,2
E0107108_2,agricultural_burning,low,0,1,177_969,2
E0107292_1,agricultural_burning,low,0,1,177_798,0
E0107306_1,agricultural_burning,low,0,1,177_801,1
E0107340_3,agricultural_burning,low,0,1,177_805,4
E0107389_1,agricultural_burning,low,0,1,177_818,1
E0107436_1,agricultural_burning,low,0,1,177_948,4
E0107442_1,agricultural_burning,low,0,1,177_949,3
E0107543_1,industrial_fire,low,0,1,177_743,4
E0107703_1,agricultural_burning,low,0,1,177_803,3
E0107711_1,agricultural_burning,low,0,1,177_805,4
E0107723_1,agricultural_burning,low,0,1,177_807,3
E0107759_1,agricultural_burning,low,0,1,177_818,1
E0107761_1,agricultural_burning,low,0,1,177_818,1
E0107776_1,agricultural_burning,low,0,1,177_821,4
E0108053_1,agricultural_burning,low,0,1,177_800,2
E0108056_1,agricultural_burning,low,0,1,177_801,1
E0108057_1,agricultural_burning,low,0,1,177_801,1
E0108101_2,agricultural_burning,low,0,1,177_805,4
E0108103_1,agricultural_burning,low,0,1,177_806,1
E0108108_1,agricultural_burning,low,0,1,177_807,3
E0108143_1,agricultural_burning,low,0,1,177_818,1
E0108205_1,agricultural_burning,low,0,1,177_952,2
E0108220_1,agricultural_burning,low,0,1,177_958,2
E0108286_1,industrial_fire,low,0,1,177_737,2
E0108388_1,agricultural_burning,low,0,1,177_781,0
E0108443_1,agricultural_burning,low,0,1,177_801,1
E0108445_1,agricultural_burning,low,0,1,177_801,1
E0108466_1,agricultural_burning,low,0,1,177_804,0
E0108475_1,agricultural_burning,low,0,1,177_805,4
E0108477_1,agricultural_burning,low,0,1,177_805,4
E0108519_1,agricultural_burning,low,0,1,177_818,1
E0108543_1,agricultural_burning,low,0,1,177_827,4
E0108555_1,agricultural_burning,low,0,1,177_945,4
E0108672_1,industrial_fire,low,0,1,178_741,3
E0108742_1,industrial_fire,low,0,1,178_769,1
E0108744_1,industrial_fire,low,0,1,178_771,2
E0108854_2,agricultural_burning,low,0,1,178_802,3
E0108855_2,agricultural_burning,low,0,1,177_803,3
E0108856_3,agricultural_burning,low,0,1,177_803,3
E0108857_1,agricultural_burning,low,0,1,178_803,4
E0108864_2,agricultural_burning,low,0,1,177_804,0
E0108909_1,agricultural_burning,low,0,1,177_816,0
E0108916_1,agricultural_burning,low,0,1,178_817,3
E0108958_1,agricultural_burning,low,0,1,177_945,4
E0109215_2,agricultural_burning,low,0,1,178_802,3
E0109217_2,agricultural_burning,low,0,1,178_802,3
E0109222_1,agricultural_burning,low,0,1,178_803,4
E0109265_1,agricultural_burning,low,0,1,178_815,2
E0109315_1,agricultural_burning,low,0,1,178_945,0
E0109329_2,agricultural_burning,low,0,1,178_950,2
E0109331_1,agricultural_burning,low,0,1,178_950,2
E0109413_1,industrial_fire,low,0,1,178_737,4
E0109582_3,agricultural_burning,low,0,1,178_802,3
E0109635_1,agricultural_burning,low,0,1,178_816,3
E0109637_1,agricultural_burning,low,0,1,178_816,3
E0109686_2,agricultural_burning,low,0,1,178_948,0
E0109718_1,agricultural_burning,low,0,1,178_955,0
E0109802_1,industrial_fire,low,0,1,178_744,1
E0109803_1,industrial_fire,low,0,1,178_744,1
E0109925_1,agricultural_burning,low,0,1,178_798,2
E0109928_1,agricultural_burning,low,0,1,178_798,2
E0109928_2,agricultural_burning,low,0,1,178_798,2
E0109952_1,agricultural_burning,low,0,1,178_801,1
E0109956_3,agricultural_burning,low,0,1,178_802,3
E0109963_2,agricultural_burning,low,0,1,178_803,4
E0109967_2,agricultural_burning,low,0,1,178_803,4
E0109973_1,agricultural_burning,low,0,1,178_804,4
E0110003_1,agricultural_burning,low,0,1,178_810,4
E0110006_1,agricultural_burning,low,0,1,178_810,4
E0110022_1,agricultural_burning,low,0,1,178_816,3
E0110140_1,agricultural_burning,low,0,1,178_962,4
E0110320_2,agricultural_burning,low,0,1,178_800,1
E0110336_2,agricultural_burning,low,0,1,178_801,1
E0110343_3,agricultural_burning,low,0,1,178_802,3
E0110349_2,agricultural_burning,low,0,1,178_803,4
E0110354_1,agricultural_burning,low,0,1,178_803,4
E0110365_1,agricultural_burning,low,0,1,178_805,1
E0110367_2,agricultural_burning,low,0,1,178_805,1
E0110407_1,agricultural_burning,low,0,1,178_816,3
E0110411_1,agricultural_burning,low,0,1,178_817,3
E0110412_1,agricultural_burning,low,0,1,178_817,3
E0110423_2,agricultural_burning,low,0,1,178_818,3
E0110473_1,agricultural_burning,low,0,1,178_949,3
E0110701_1,agricultural_burning,low,0,1,178_800,1
E0110702_1,agricultural_burning,low,0,1,178_800,1
E0110728_1,agricultural_burning,low,0,1,178_803,4
E0110732_1,agricultural_burning,low,0,1,178_803,4
E0110793_1,agricultural_burning,low,0,1,178_818,3
E0110842_1,agricultural_burning,low,0,1,178_949,3
E0110846_1,agricultural_burning,low,0,1,178_949,3
E0110868_2,agricultural_burning,low,0,1,178_953,4
E0110928_1,agricultural_burning,low,0,1,178_735,2
E0110939_1,agricultural_burning,low,0,1,178_737,4
E0111159_1,agricultural_burning,low,0,1,178_817,3
E0111166_2,agricultural_burning,low,0,1,178_818,3
E0111168_1,agricultural_burning,low,0,1,178_818,3
E0111187_1,agricultural_burning,low,0,1,178_826,3
E0111241_2,agricultural_burning,low,0,1,178_953,4
E0111275_1,agricultural_burning,low,0,1,178_961,1
E0111308_1,agricultural_burning,low,0,1,178_735,2
E0111471_1,agricultural_burning,low,0,1,178_801,1
E0111485_1,agricultural_burning,low,0,1,178_803,4
E0111486_2,agricultural_burning,low,0,1,178_803,4
E0111487_3,agricultural_burning,low,0,1,178_803,4
E0111507_1,agricultural_burning,low,0,1,178_807,0
E0111539_1,agricultural_burning,low,0,1,178_817,3
E0111544_2,agricultural_burning,low,0,1,178_818,3
E0111549_1,agricultural_burning,low,0,1,178_818,3
E0111551_1,agricultural_burning,low,0,1,178_818,3
E0111578_1,agricultural_burning,low,0,1,178_826,3
E0111622_2,agricultural_burning,low,0,1,178_952,2
E0111700_1,agricultural_burning,low,0,1,178_737,4
E0111855_2,agricultural_burning,low,0,1,178_800,1
E0111858_1,agricultural_burning,low,0,1,178_800,1
E0111868_1,agricultural_burning,low,0,1,178_801,1
E0111877_1,agricultural_burning,low,0,1,178_802,3
E0111880_2,agricultural_burning,low,0,1,178_803,4
E0111883_2,agricultural_burning,low,0,1,178_803,4
E0111937_1,agricultural_burning,low,0,1,178_817,3
E0112001_2,agricultural_burning,low,0,1,178_952,2
E0112008_1,agricultural_burning,low,0,1,178_952,2
E0112238_3,agricultural_burning,low,0,1,178_802,3
E0112241_1,agricultural_burning,low,0,1,178_803,4
E0112242_1,agricultural_burning,low,0,1,178_803,4
E0112269_1,agricultural_burning,low,0,1,178_806,1
E0112312_3,agricultural_burning,low,0,1,178_818,3
E0112313_2,agricultural_burning,low,0,1,178_819,3
E0112395_1,agricultural_burning,low,0,1,178_964,3
E0112569_1,agricultural_burning,low,0,1,179_801,3
E0112578_3,agricultural_burning,low,0,1,179_802,1
E0112606_1,agricultural_burning,low,0,1,179_806,2
E0112616_1,agricultural_burning,low,0,1,178_807,0
E0112652_1,agricultural_burning,low,0,1,179_817,4
E0112659_2,agricultural_burning,low,0,1,178_819,3
E0112676_2,agricultural_burning,low,0,1,178_826,3
E0112691_1,agricultural_burning,low,0,1,179_948,0
E0112729_2,agricultural_burning,low,0,1,178_958,2
E0112760_2,agricultural_burning,low,0,1,178_967,1
E0112761_2,agricultural_burning,low,0,1,178_967,1
E0112841_1,industrial_fire,low,0,1,179_763,0
E0112965_1,agricultural_burning,low,0,1,179_806,2
E0113015_2,agricultural_burning,low,0,1,179_818,4
E0113058_1,agricultural_burning,low,0,1,179_948,0
E0113318_2,agricultural_burning,low,0,1,179_802,1
E0113348_2,agricultural_burning,low,0,1,179_806,2
E0113352_1,agricultural_burning,low,0,1,179_806,2
E0113359_1,agricultural_burning,low,0,1,179_807,3
E0113372_1,agricultural_burning,low,0,1,179_811,3
E0113439_1,agricultural_burning,low,0,1,179_947,2
E0113446_2,agricultural_burning,low,0,1,179_949,1
E0113497_1,agricultural_burning,low,0,1,179_960,1
E0113713_2,agricultural_burning,low,0,1,179_801,3
E0113744_1,agricultural_burning,low,0,1,179_806,2
E0113745_1,agricultural_burning,low,0,1,179_806,2
E0113771_1,agricultural_burning,low,0,1,179_811,3
E0113847_1,agricultural_burning,low,0,1,179_950,1
E0113848_1,agricultural_burning,low,0,1,179_951,4
E0113922_2,agricultural_burning,low,0,1,179_733,0
E0114191_1,agricultural_burning,low,0,1,179_821,2
E0114236_1,agricultural_burning,low,0,1,179_952,2
E0114549_2,agricultural_burning,low,0,1,179_818,4
E0114568_1,agricultural_burning,low,0,1,179_821,2
E0114620_1,agricultural_burning,low,0,1,179_951,4
E0114654_2,agricultural_burning,low,0,1,179_960,1
E0114678_2,agricultural_burning,low,0,1,179_967,3
E0114713_1,agricultural_burning,low,0,1,179_735,1
E0114896_3,agricultural_burning,low,0,1,179_803,2
E0114908_1,agricultural_burning,low,0,1,179_804,1
E0114937_1,agricultural_burning,low,0,1,179_809,1
E0114975_2,agricultural_burning,low,0,1,179_820,2
E0115106_1,agricultural_burning,low,0,1,179_733,0
E0115211_1,industrial_fire,low,0,1,179_774,4
E0115306_3,agricultural_burning,low,0,1,179_802,1
E0115308_2,agricultural_burning,low,0,1,179_803,2
E0115422_2,agricultural_burning,low,0,1,179_949,1
E0115424_1,agricultural_burning,low,0,1,179_949,1
E0115443_2,agricultural_burning,low,0,1,179_951,4
E0115445_2,agricultural_burning,low,0,1,179_952,2
E0115528_1,agricultural_burning,low,0,1,179_735,1
E0115701_1,agricultural_burning,low,0,1,179_802,1
E0115703_3,agricultural_burning,low,0,1,179_802,1
E0115705_1,agricultural_burning,low,0,1,179_802,1
E0115708_2,agricultural_burning,low,0,1,179_803,2
E0115723_1,agricultural_burning,low,0,1,179_805,0
E0115757_2,agricultural_burning,low,0,1,179_814,3
E0115769_1,agricultural_burning,low,0,1,179_818,4
E0115773_1,agricultural_burning,low,0,1,179_819,4
E0115775_1,agricultural_burning,low,0,1,179_819,4
E0115786_1,agricultural_burning,low,0,1,179_822,4
E0115838_2,agricultural_burning,low,0,1,179_951,4
E0115850_2,agricultural_burning,low,0,1,179_954,1
E0115852_1,agricultural_burning,low,0,1,179_955,3
E0115866_1,agricultural_burning,low,0,1,179_959,4
E0115919_1,agricultural_burning,low,0,1,179_734,4
E0116039_1,agricultural_burning,low,0,1,179_781,4
E0116086_3,agricultural_burning,low,0,1,179_801,3
E0116100_1,agricultural_burning,low,0,1,179_802,1
E0116101_2,agricultural_burning,low,0,1,179_802,1
E0116112_2,agricultural_burning,low,0,1,179_804,1
E0116134_1,agricultural_burning,low,0,1,179_806,2
E0116172_2,agricultural_burning,low,0,1,179_818,4
E0116296_2,agricultural_burning,low,0,1,179_967,3
E0116423_2,industrial_fire,low,0,1,180_780,4
E0116492_3,agricultural_burning,low,0,1,180_802,0
E0116501_1,agricultural_burning,low,0,1,179_804,1
E0116563_1,agricultural_burning,low,0,1,179_819,4
E0116612_2,agricultural_burning,low,0,1,179_948,0
E0116626_2,agricultural_burning,low,0,1,179_950,1
E0116631_3,agricultural_burning,low,0,1,180_951,2
E0116632_1,agricultural_burning,low,0,1,179_951,4
E0116632_2,agricultural_burning,low,0,1,179_951,4
E0116633_3,agricultural_burning,low,0,1,179_951,4
E0116650_3,agricultural_burning,low,0,1,180_955,0
E0116669_1,agricultural_burning,low,0,1,179_959,4
E0116690_2,agricultural_burning,low,0,1,179_967,3
E0116907_1,agricultural_burning,low,0,1,180_802,0
E0116907_3,agricultural_burning,low,0,1,180_802,0
E0116909_2,agricultural_burning,low,0,1,180_802,0
E0116970_1,agricultural_burning,low,0,1,180_818,2
E0117040_1,agricultural_burning,low,0,1,180_951,2
E0117120_2,agricultural_burning,low,0,1,180_733,1
E0117152_1,agricultural_burning,low,0,1,180_737,1
E0117331_2,agricultural_burning,low,0,1,180_801,0
E0117339_1,agricultural_burning,low,0,1,180_801,0
E0117418_1,agricultural_burning,low,0,1,180_819,2
E0117489_1,agricultural_burning,low,0,1,180_951,2
E0117505_2,agricultural_burning,low,0,1,180_958,4
E0117517_2,agricultural_burning,low,0,1,180_959,1
E0117726_2,industrial_fire,low,0,1,180_787,3
E0117786_1,agricultural_burning,low,0,1,180_804,1
E0117839_2,agricultural_burning,low,0,1,180_818,2
E0117924_2,agricultural_burning,low,0,1,180_955,0
E0117936_1,agricultural_burning,low,0,1,180_959,1
E0117939_1,agricultural_burning,low,0,1,180_959,1
E0117939_2,agricultural_burning,low,0,1,180_959,1
E0117941_2,agricultural_burning,low,0,1,180_959,1
E0117986_1,agricultural_burning,low,0,1,180_733,1
E0117987_1,agricultural_burning,low,0,1,180_733,1
E0117998_1,agricultural_burning,low,0,1,180_734,4
E0118253_2,agricultural_burning,low,0,1,180_818,2
E0118256_2,agricultural_burning,low,0,1,180_819,2
E0118258_1,agricultural_burning,low,0,1,180_819,2
E0118324_2,agricultural_burning,low,0,1,180_950,2
E0118327_1,agricultural_burning,low,0,1,180_951,2
E0118360_2,agricultural_burning,low,0,1,180_959,1
E0118363_2,agricultural_burning,low,0,1,180_959,1
E0118424_1,agricultural_burning,low,0,1,180_734,4
E0118692_2,agricultural_burning,low,0,1,180_818,2
E0118693_2,agricultural_burning,low,0,1,180_818,2
E0118696_3,agricultural_burning,low,0,1,180_819,2
E0118778_3,agricultural_burning,low,0,1,180_950,2
E0119067_1,agricultural_burning,low,0,1,180_801,0
E0119092_1,agricultural_burning,low,0,1,180_805,4
E0119098_1,agricultural_burning,low,0,1,180_806,2
E0119138_1,agricultural_burning,low,0,1,180_819,2
E0119141_2,agricultural_burning,low,0,1,180_819,2
E0119195_2,agricultural_burning,low,0,1,180_948,3
E0119257_1,agricultural_burning,low,0,1,180_960,4
E0119318_1,agricultural_burning,low,0,1,180_735,2
E0119431_1,agricultural_burning,low,0,1,180_781,0
E0119434_1,agricultural_burning,low,0,1,180_781,0
E0119438_1,agricultural_burning,low,0,1,180_781,0
E0119438_2,agricultural_burning,low,0,1,180_781,0
E0119515_1,agricultural_burning,low,0,1,180_802,0
E0119601_1,agricultural_burning,low,0,1,180_823,2
E0119656_2,agricultural_burning,low,0,1,180_951,2
E0119691_2,agricultural_burning,low,0,1,180_958,4
E0119939_1,agricultural_burning,low,0,1,180_799,2
E0119970_1,agricultural_burning,low,0,1,180_802,0
E0119977_1,agricultural_burning,low,0,1,180_803,4
E0120036_2,agricultural_burning,low,0,1,180_819,2
E0120072_1,agricultural_burning,low,0,1,180_829,4
E0120096_1,agricultural_burning,low,0,1,180_949,2
E0120098_2,agricultural_burning,low,0,1,180_950,2
E0120121_1,agricultural_burning,low,0,1,180_954,4
E0120131_2,agricultural_burning,low,0,1,180_958,4
E0120135_2,agricultural_burning,low,0,1,180_958,4
E0120305_1,agricultural_burning,low,0,1,180_781,0
E0120377_1,agricultural_burning,low,0,1,180_799,2
E0120402_2,agricultural_burning,low,0,1,180_802,0
E0120403_1,agricultural_burning,low,0,1,180_802,0
E0120404_1,agricultural_burning,low,0,1,180_802,0
E0120405_1,agricultural_burning,low,0,1,180_802,0
E0120412_2,agricultural_burning,low,0,1,180_803,4
E0120456_1,agricultural_burning,low,0,1,180_815,3
E0120472_2,agricultural_burning,low,0,1,180_819,2
E0120491_1,agricultural_burning,low,0,1,180_823,2
E0120577_2,agricultural_burning,low,0,1,180_959,1
E0120824_2,agricultural_burning,low,0,1,180_801,0
E0120832_4,agricultural_burning,low,0,1,180_802,0
E0120838_1,agricultural_burning,low,0,1,180_802,0
E0120906_1,agricultural_burning,low,0,1,181_819,1
E0120907_2,agricultural_burning,low,0,1,180_819,2
E0120907_3,agricultural_burning,low,0,1,181_819,1
E0120925_3,agricultural_burning,low,0,1,180_823,2
E0121080_3,agricultural_burning,low,0,1,181_735,1
E0121137_2,industrial_fire,low,0,1,181_756,2
E0121246_1,agricultural_burning,low,0,1,181_801,0
E0121301_2,agricultural_burning,low,0,1,181_809,1
E0121354_1,agricultural_burning,low,0,1,181_823,2
E0121356_2,agricultural_burning,low,0,1,181_823,2
E0121357_1,agricultural_burning,low,0,1,181_823,2
E0121360_2,agricultural_burning,low,0,1,181_823,2
E0121586_1,industrial_fire,low,0,1,181_756,2
E0121663_1,industrial_fire,low,0,1,181_793,3
E0121696_2,agricultural_burning,low,0,1,181_799,3
E0121720_2,agricultural_burning,low,0,1,181_802,3
E0121754_2,agricultural_burning,low,0,1,181_810,2
E0121801_1,agricultural_burning,low,0,1,181_823,2
E0121832_1,agricultural_burning,low,0,1,181_830,2
E0121884_1,agricultural_burning,low,0,1,181_954,2
E0121913_1,agricultural_burning,low,0,1,181_959,1
E0121956_1,agricultural_burning,low,0,1,181_733,0
E0121998_1,industrial_fire,low,0,1,181_739,3
E0122172_1,agricultural_burning,low,0,1,181_801,0
E0122187_1,agricultural_burning,low,0,1,181_802,3
E0122201_1,agricultural_burning,low,0,1,181_804,1
E0122308_2,agricultural_burning,low,0,1,181_949,1
E0122321_2,agricultural_burning,low,0,1,181_951,3
E0122553_2,agricultural_burning,low,0,1,181_790,1
E0122642_3,agricultural_burning,low,0,1,181_806,0
E0122648_1,agricultural_burning,low,0,1,181_807,2
E0122707_2,agricultural_burning,low,0,1,181_823,2
E0122727_1,agricultural_burning,low,0,1,181_830,2
E0122750_3,agricultural_burning,low,0,1,181_949,1
E0122751_2,agricultural_burning,low,0,1,181_949,1
E0122754_1,agricultural_burning,low,0,1,181_949,1
E0122830_1,agricultural_burning,low,0,1,181_968,0
E0122980_1,agricultural_burning,low,0,1,181_781,4
E0123067_2,agricultural_burning,low,0,1,181_802,3
E0123068_2,agricultural_burning,low,0,1,181_802,3
E0123071_1,agricultural_burning,low,0,1,181_802,3
E0123212_1,agricultural_burning,low,0,1,181_949,1
E0123218_1,agricultural_burning,low,0,1,181_949,1
E0123223_2,agricultural_burning,low,0,1,181_950,3
E0123250_3,agricultural_burning,low,0,1,181_954,2
E0123413_1,agricultural_burning,low,0,1,181_777,1
E0123430_3,agricultural_burning,low,0,1,181_781,4
E0123431_2,agricultural_burning,low,0,1,181_781,4
E0123520_2,agricultural_burning,low,0,1,181_803,3
E0123640_1,agricultural_burning,low,0,1,181_830,2
E0123663_1,agricultural_burning,low,0,1,181_949,1
E0123664_2,agricultural_burning,low,0,1,181_949,1
E0123675_2,agricultural_burning,low,0,1,181_951,3
E0123691_1,agricultural_burning,low,0,1,181_955,0
E0123692_2,agricultural_burning,low,0,1,181_955,0
E0123703_1,agricultural_burning,low,0,1,181_958,3
E0123719_1,agricultural_burning,low,0,1,181_961,1
E0123738_2,agricultural_burning,low,0,1,181_967,2
E0123739_2,agricultural_burning,low,0,1,181_968,0
E0123741_1,agricultural_burning,low,0,1,181_968,0
E0123954_1,agricultural_burning,low,0,1,181_802,3
E0123961_1,agricultural_burning,low,0,1,181_803,3
E0123961_2,agricultural_burning,low,0,1,181_803,3
E0124048_1,agricultural_burning,low,0,1,181_823,2
E0124105_1,agricultural_burning,low,0,1,181_955,0
E0124106_1,agricultural_burning,low,0,1,181_955,0
E0124106_2,agricultural_burning,low,0,1,181_955,0
E0124108_1,agricultural_burning,low,0,1,181_956,4
E0124117_1,agricultural_burning,low,0,1,181_958,3
E0124126_1,agricultural_burning,low,0,1,181_960,2
E0124395_2,agricultural_burning,low,0,1,181_808,0
E0124435_1,agricultural_burning,low,0,1,181_822,2
E0124492_1,agricultural_burning,low,0,1,181_955,0
E0124792_1,agricultural_burning,low,0,1,181_807,2
E0124795_1,agricultural_burning,low,0,1,181_807,2
E0124799_2,agricultural_burning,low,0,1,181_808,0
E0124880_1,agricultural_burning,low,0,1,181_949,1
E0124880_2,agricultural_burning,low,0,1,181_949,1
E0124912_1,agricultural_burning,low,0,1,181_955,0
E0124922_2,agricultural_burning,low,0,1,181_958,3
E0125199_1,agricultural_burning,low,0,1,181_806,0
E0125208_1,agricultural_burning,low,0,1,182_808,4
E0125213_1,agricultural_burning,low,0,1,181_808,0
E0125250_1,agricultural_burning,low,0,1,181_822,2
E0125591_1,agricultural_burning,low,0,1,182_798,4
E0125611_1,agricultural_burning,low,0,1,182_802,1
E0125699_3,agricultural_burning,low,0,1,182_823,4
E0125740_1,agricultural_burning,low,0,1,182_949,3
E0125741_1,agricultural_burning,low,0,1,182_949,3
E0125741_3,agricultural_burning,low,0,1,182_949,3
E0125742_1,agricultural_burning,low,0,1,182_949,3
E0125767_1,agricultural_burning,low,0,1,182_955,2
E0125770_1,agricultural_burning,low,0,1,182_955,2
E0125781_1,agricultural_burning,low,0,1,182_958,4
E0125781_2,agricultural_burning,low,0,1,182_958,4
E0125787_2,agricultural_burning,low,0,1,182_959,4
E0126073_2,agricultural_burning,low,0,1,182_807,1
E0126142_1,agricultural_burning,low,0,1,182_823,4
E0126146_1,agricultural_burning,low,0,1,182_827,4
E0126184_1,agricultural_burning,low,0,1,182_949,3
E0126184_2,agricultural_burning,low,0,1,182_949,3
E0126185_2,agricultural_burning,low,0,1,182_949,3
E0126186_1,agricultural_burning,low,0,1,182_949,3
E0126210_1,agricultural_burning,low,0,1,182_955,2
E0126211_2,agricultural_burning,low,0,1,182_955,2
E0126214_1,agricultural_burning,low,0,1,182_955,2
E0126526_1,agricultural_burning,low,0,1,182_807,1
E0126526_2,agricultural_burning,low,0,1,182_807,1
E0126527_1,agricultural_burning,low,0,1,182_807,1
E0126534_2,agricultural_burning,low,0,1,182_808,4
E0126590_2,agricultural_burning,low,0,1,182_823,4
E0126678_2,agricultural_burning,low,0,1,182_958,4
E0126690_1,agricultural_burning,low,0,1,182_961,2
E0126733_1,agricultural_burning,low,0,1,182_734,2
E0126853_2,industrial_fire,low,0,1,182_782,3
E0126955_1,agricultural_burning,low,0,1,182_806,1
E0127059_1,agricultural_burning,low,0,1,182_948,1
E0127080_1,agricultural_burning,low,0,1,182_951,4
E0127084_3,agricultural_burning,low,0,1,182_952,0
E0127099_3,agricultural_burning,low,0,1,182_958,4
E0127123_2,agricultural_burning,low,0,1,182_963,3
E0127285_4,industrial_fire,low,0,1,182_783,1
E0127357_1,agricultural_burning,low,0,1,182_802,1
E0127368_1,agricultural_burning,low,0,1,182_803,4
E0127384_1,agricultural_burning,low,0,1,182_807,1
E0127387_2,agricultural_burning,low,0,1,182_807,1
E0127399_1,agricultural_burning,low,0,1,182_808,4
E0127400_1,agricultural_burning,low,0,1,182_808,4
E0127417_1,agricultural_burning,low,0,1,182_813,2
E0127559_2,agricultural_burning,low,0,1,182_964,1
E0127795_2,agricultural_burning,low,0,1,182_803,4
E0127817_2,agricultural_burning,low,0,1,182_807,1
E0127820_2,agricultural_burning,low,0,1,182_807,1
E0128083_1,agricultural_burning,low,0,1,182_737,2
E0128275_1,agricultural_burning,low,0,1,182_803,4
E0128276_2,agricultural_burning,low,0,1,182_803,4
E0128278_2,agricultural_burning,low,0,1,182_803,4
E0128289_1,agricultural_burning,low,0,1,182_806,1
E0128322_1,agricultural_burning,low,0,1,182_812,0
E0128360_1,agricultural_burning,low,0,1,182_822,1
E0128410_2,agricultural_burning,low,0,1,182_943,1
E0128434_1,agricultural_burning,low,0,1,182_950,2
E0128440_2,agricultural_burning,low,0,1,182_950,2
E0128513_2,agricultural_burning,low,0,1,182_732,1
E0128520_3,agricultural_burning,low,0,1,182_733,0
E0128716_2,agricultural_burning,low,0,1,182_799,3
E0128756_2,agricultural_burning,low,0,1,182_806,1
E0128887_1,agricultural_burning,low,0,1,182_949,3
E0128900_1,agricultural_burning,low,0,1,182_950,2
E0129088_2,agricultural_burning,low,0,1,182_780,0
E0129090_1,agricultural_burning,low,0,1,182_780,0
E0129193_2,agricultural_burning,low,0,1,182_802,1
E0129197_1,agricultural_burning,low,0,1,182_803,4
E0129228_1,agricultural_burning,low,0,1,182_808,4
E0129237_1,agricultural_burning,low,0,1,182_810,4
E0129401_2,agricultural_burning,low,0,1,182_964,1
E0129579_3,industrial_fire,low,0,1,183_786,3
E0129606_1,agricultural_burning,low,0,1,182_793,0
E0129662_1,agricultural_burning,low,0,1,183_802,1
E0129667_1,agricultural_burning,low,0,1,183_803,4
E0129698_2,agricultural_burning,low,0,1,182_808,4
E0129728_2,agricultural_burning,low,0,1,182_813,2
E0129734_1,agricultural_burning,low,0,1,183_814,1
E0129768_1,agricultural_burning,low,0,1,182_822,1
E0129775_1,agricultural_burning,low,0,1,182_823,4
E0129815_2,agricultural_burning,low,0,1,183_944,0
E0129823_2,agricultural_burning,low,0,1,183_949,4
E0129843_1,agricultural_burning,low,0,1,182_954,3
E0129854_1,agricultural_burning,low,0,1,182_958,4
E0129864_1,agricultural_burning,low,0,1,183_960,2
E0129932_1,agricultural_burning,low,0,1,183_736,1
E0130029_2,industrial_fire,low,0,1,183_782,0
E0130030_3,industrial_fire,low,0,1,183_782,0
E0130106_1,agricultural_burning,low,0,1,183_800,3
E0130126_1,agricultural_burning,low,0,1,183_803,4
E0130139_1,agricultural_burning,low,0,1,183_806,4
E0130153_2,agricultural_burning,low,0,1,183_808,2
E0130241_1,agricultural_burning,low,0,1,183_944,0
E0130343_2,agricultural_burning,low,0,1,183_734,0
E0130444_3,agricultural_burning,low,0,1,183_778,2
E0130524_1,agricultural_burning,low,0,1,183_800,3
E0130531_2,agricultural_burning,low,0,1,183_800,3
E0130579_1,agricultural_burning,low,0,1,183_807,3
E0130588_1,agricultural_burning,low,0,1,183_809,2
E0130789_1,agricultural_burning,low,0,1,183_732,3
E0130816_2,agricultural_burning,low,0,1,183_736,1
E0131019_1,agricultural_burning,low,0,1,183_802,1
E0131087_2,agricultural_burning,low,0,1,183_815,0
E0131149_1,agricultural_burning,low,0,1,183_948,1
E0131153_1,agricultural_burning,low,0,1,183_949,4
E0131195_2,agricultural_burning,low,0,1,183_958,2
E0131366_2,agricultural_burning,low,0,1,183_780,0
E0131517_1,agricultural_burning,low,0,1,183_809,2
E0131532_1,agricultural_burning,low,0,1,183_813,0
E0131563_2,agricultural_burning,low,0,1,183_821,0
E0131604_1,agricultural_burning,low,0,1,183_949,4
E0131627_4,agricultural_burning,low,0,1,183_951,4
E0131628_1,agricultural_burning,low,0,1,183_951,4
E0131640_1,agricultural_burning,low,0,1,183_955,3
E0131646_2,agricultural_burning,low,0,1,183_958,2
E0131647_2,agricultural_burning,low,0,1,183_958,2
E0131714_1,agricultural_burning,low,0,1,183_733,3
E0131825_1,agricultural_burning,low,0,1,183_779,3
E0131840_1,industrial_fire,low,0,1,183_782,0
E0131981_1,agricultural_burning,low,0,1,183_809,2
E0132017_2,agricultural_burning,low,0,1,183_822,2
E0132056_1,agricultural_burning,low,0,1,183_944,0
E0132057_1,agricultural_burning,low,0,1,183_945,2
E0132062_1,agricultural_burning,low,0,1,183_948,1
E0132063_1,agricultural_burning,low,0,1,183_949,4
E0132067_1,agricultural_burning,low,0,1,183_949,4
E0132076_2,agricultural_burning,low,0,1,183_950,1
E0132138_2,agricultural_burning,low,0,1,183_967,1
E0132287_2,agricultural_burning,low,0,1,183_780,0
E0132292_1,industrial_fire,low,0,1,183_782,0
E0132292_3,industrial_fire,low,0,1,183_782,0
E0132369_2,agricultural_burning,low,0,1,183_800,3
E0132386_1,agricultural_burning,low,0,1,183_802,1
E0132528_3,agricultural_burning,low,0,1,183_948,1
E0132532_1,agricultural_burning,low,0,1,183_949,4
E0132545_3,agricultural_burning,low,0,1,183_951,4
E0132569_2,agricultural_burning,low,0,1,183_958,2
E0132622_1,agricultural_burning,low,0,1,183_968,3
E0132666_2,agricultural_burning,low,0,1,183_736,1
E0132776_2,agricultural_burning,low,0,1,183_779,3
E0132777_1,agricultural_burning,low,0,1,183_779,3
E0132927_1,agricultural_burning,low,0,1,183_809,2
E0132973_2,agricultural_burning,low,0,1,183_822,2
E0133075_1,agricultural_burning,low,0,1,183_955,3
E0133075_2,agricultural_burning,low,0,1,183_955,3
E0133179_2,agricultural_burning,low,0,1,183_737,1
E0133299_1,agricultural_burning,low,0,1,183_784,0
E0133348_3,industrial_fire,low,0,1,183_798,1
E0133351_1,agricultural_burning,low,0,1,183_799,2
E0133352_1,agricultural_burning,low,0,1,183_799,2
E0133359_1,agricultural_burning,low,0,1,183_800,3
E0133424_1,agricultural_burning,low,0,1,183_812,4
E0133496_1,agricultural_burning,low,0,1,183_837,1
E0133513_1,agricultural_burning,low,0,1,183_948,1
E0133515_1,agricultural_burning,low,0,1,183_948,1
E0133517_1,agricultural_burning,low,0,1,183_948,1
E0133533_2,agricultural_burning,low,0,1,183_950,1
E0133554_1,agricultural_burning,low,0,1,183_954,1
E0133565_2,agricultural_burning,low,0,1,183_956,0
E0133775_1,agricultural_burning,low,0,1,183_778,2
E0133781_1,agricultural_burning,low,0,1,183_779,3
E0133793_1,agricultural_burning,low,0,1,183_780,0
E0133797_3,industrial_fire,medium,1,1,183_782,0
E0133874_1,agricultural_burning,low,0,1,183_799,2
E0133875_1,agricultural_burning,low,0,1,183_799,2
E0133887_1,agricultural_burning,low,0,1,183_802,1
E0133938_1,agricultural_burning,low,0,1,183_812,4
E0134037_1,agricultural_burning,low,0,1,183_948,1
E0134083_1,agricultural_burning,low,0,1,183_956,0
E0134139_1,agricultural_burning,low,0,1,183_967,1
E0134173_1,agricultural_burning,low,0,1,184_734,3
E0134359_1,agricultural_burning,low,0,1,183_793,1
E0134453_1,agricultural_burning,low,0,1,184_809,4
E0134459_1,agricultural_burning,low,0,1,183_812,4
E0134491_1,agricultural_burning,low,0,1,183_822,2
E0134546_1,agricultural_burning,low,0,1,184_948,4
E0134553_1,agricultural_burning,low,0,1,183_949,4
E0134559_2,agricultural_burning,low,0,1,183_950,1
E0134563_1,agricultural_burning,low,0,1,184_950,4
E0134583_1,agricultural_burning,low,0,1,184_954,4
E0134583_2,agricultural_burning,low,0,1,184_954,4
E0134592_2,agricultural_burning,low,0,1,183_956,0
E0134652_3,agricultural_burning,low,0,1,184_967,3
E0134653_1,agricultural_burning,low,0,1,183_967,1
E0134794_1,agricultural_burning,low,0,1,184_778,0
E0134798_1,agricultural_burning,low,0,1,184_778,0
E0134816_2,industrial_fire,low,0,1,184_782,3
E0134860_1,agricultural_burning,low,0,1,184_794,4
E0134901_1,agricultural_burning,low,0,1,184_801,4
E0134910_1,agricultural_burning,low,0,1,184_802,1
E0134924_1,agricultural_burning,low,0,1,184_805,4
E0134929_2,agricultural_burning,low,0,1,184_806,2
E0134985_2,agricultural_burning,low,0,1,184_822,1
E0134986_2,agricultural_burning,low,0,1,184_822,1
E0135098_1,agricultural_burning,low,0,1,184_954,4
E0135098_2,agricultural_burning,low,0,1,184_954,4
E0135099_1,agricultural_burning,low,0,1,184_954,4
E0135125_1,agricultural_burning,low,0,1,184_960,0
E0135150_1,agricultural_burning,low,0,1,184_963,2
E0135222_1,agricultural_burning,low,0,1,184_739,2
E0135223_4,agricultural_burning,low,0,1,184_739,2
E0135292_1,agricultural_burning,low,0,1,184_777,1
E0135402_2,agricultural_burning,low,0,1,184_802,1
E0135403_2,agricultural_burning,low,0,1,184_802,1
E0135410_1,agricultural_burning,low,0,1,184_803,4
E0135488_2,agricultural_burning,low,0,1,184_822,1
E0135491_1,agricultural_burning,low,0,1,184_823,2
E0135492_2,agricultural_burning,low,0,1,184_823,2
E0135554_1,agricultural_burning,low,0,1,184_949,0
E0135555_1,agricultural_burning,low,0,1,184_949,0
E0135589_2,agricultural_burning,low,0,1,184_953,0
E0135613_2,agricultural_burning,low,0,1,184_958,3
E0135718_3,agricultural_burning,low,0,1,184_736,3
E0135794_1,agricultural_burning,low,0,1,184_777,1
E0135889_1,agricultural_burning,low,0,1,184_802,1
E0135890_2,agricultural_burning,low,0,1,184_802,1
E0135985_3,agricultural_burning,low,0,1,184_822,1
E0135986_2,agricultural_burning,low,0,1,184_822,1
E0136044_2,agricultural_burning,low,0,1,184_949,0
E0136090_2,agricultural_burning,low,0,1,184_957,2
E0136280_1,agricultural_burning,low,0,1,184_777,1
E0136394_1,agricultural_burning,low,0,1,184_801,4
E0136427_2,agricultural_burning,low,0,1,184_806,2
E0136458_1,agricultural_burning,low,0,1,184_816,3
E0136587_3,agricultural_burning,low,0,1,184_958,3
E0136605_1,agricultural_burning,low,0,1,184_960,0
E0136606_1,agricultural_burning,low,0,1,184_960,0
E0136644_1,agricultural_burning,low,0,1,184_967,3
E0136760_1,agricultural_burning,low,0,1,184_777,1
E0136762_1,agricultural_burning,low,0,1,184_777,1
E0136790_2,agricultural_burning,low,0,1,184_782,3
E0136807_1,agricultural_burning,low,0,1,184_784,3
E0136825_1,agricultural_burning,low,0,1,184_789,3
E0136863_1,agricultural_burning,low,0,1,184_799,3
E0136886_2,agricultural_burning,low,0,1,184_803,4
E0136948_1,agricultural_burning,low,0,1,184_818,2
E0136961_1,agricultural_burning,low,0,1,184_822,1
E0137008_1,agricultural_burning,low,0,1,184_944,4
E0137283_1,agricultural_burning,low,0,1,184_778,0
E0137285_1,agricultural_burning,low,0,1,184_778,0
E0137404_1,agricultural_burning,low,0,1,184_805,4
E0137421_2,agricultural_burning,low,0,1,184_807,2
E0137431_1,agricultural_burning,low,0,1,184_809,4
E0137506_1,agricultural_burning,low,0,1,184_947,4
E0137595_1,agricultural_burning,low,0,1,184_963,2
E0137600_2,agricultural_burning,low,0,1,184_963,2
E0137653_1,agricultural_burning,low,0,1,184_735,2
E0137656_3,agricultural_burning,low,0,1,184_735,2
E0137668_1,agricultural_burning,low,0,1,184_737,0
E0137675_1,industrial_fire,low,0,1,184_740,2
E0137706_1,industrial_fire,low,0,1,184_757,0
E0137732_1,agricultural_burning,low,0,1,184_777,1
E0137741_1,agricultural_burning,low,0,1,184_779,3
E0137764_2,agricultural_burning,low,0,1,184_783,1
E0137870_1,agricultural_burning,low,0,1,184_805,4
E0137894_1,agricultural_burning,low,0,1,184_809,4
E0137934_2,agricultural_burning,low,0,1,184_823,2
E0138024_1,agricultural_burning,low,0,1,184_953,0
E0138037_1,agricultural_burning,low,0,1,184_957,2
E0138054_1,agricultural_burning,low,0,1,184_959,3
E0138062_1,agricultural_burning,low,0,1,184_960,0
E0138088_2,agricultural_burning,low,0,1,184_967,3
E0138089_1,agricultural_burning,low,0,1,184_967,3
E0138105_1,agricultural_burning,low,0,1,184_731,1
E0138110_1,agricultural_burning,low,0,1,184_732,3
E0138220_1,agricultural_burning,low,0,1,184_777,1
E0138352_1,agricultural_burning,low,0,1,184_802,1
E0138432_1,agricultural_burning,low,0,1,184_823,2
E0138521_1,agricultural_burning,low,0,1,184_954,4
E0138550_1,agricultural_burning,low,0,1,184_960,0
E0138577_2,agricultural_burning,low,0,1,184_967,3
E0138606_1,agricultural_burning,low,0,1,184_733,1
E0138705_3,agricultural_burning,low,0,1,184_777,1
E0138708_2,agricultural_burning,low,0,1,184_777,1
E0138711_2,agricultural_burning,low,0,1,184_778,0
E0138716_1,agricultural_burning,low,0,1,184_778,0
E0138743_1,agricultural_burning,low,0,1,184_782,3
E0138820_1,agricultural_burning,low,0,1,184_796,0
E0138882_1,agricultural_burning,low,0,1,184_806,2
E0138931_1,agricultural_burning,low,0,1,184_823,2
E0138980_1,agricultural_burning,low,0,1,184_948,4
E0139011_1,agricultural_burning,low,0,1,184_952,0
E0139026_3,agricultural_burning,low,0,1,184_957,2
E0139047_1,agricultural_burning,low,0,1,184_960,0
E0139049_1,agricultural_burning,low,0,1,184_960,0
E0139177_2,agricultural_burning,low,0,1,185_777,0
E0139179_2,agricultural_burning,low,0,1,185_777,0
E0139185_3,agricultural_burning,low,0,1,185_778,0
E0139198_1,agricultural_burning,low,0,1,185_779,1
E0139218_1,agricultural_burning,low,0,1,185_781,0
E0139224_1,agricultural_burning,low,0,1,184_783,1
E0139225_1,agricultural_burning,low,0,1,185_783,1
E0139249_1,agricultural_burning,low,0,1,185_786,2
E0139340_1,agricultural_burning,low,0,1,185_804,0
E0139349_1,agricultural_burning,low,0,1,184_805,4
E0139352_1,agricultural_burning,low,0,1,184_806,2
E0139360_1,agricultural_burning,low,0,1,185_806,2
E0139389_2,agricultural_burning,low,0,1,185_817,2
E0139414_1,agricultural_burning,low,0,1,185_823,4
E0139476_3,agricultural_burning,low,0,1,184_950,4
E0139496_3,agricultural_burning,low,0,1,184_953,0
E0139522_1,agricultural_burning,low,0,1,185_958,4
E0139524_1,agricultural_burning,low,0,1,184_958,3
E0139525_1,agricultural_burning,low,0,1,184_958,3
E0139540_2,agricultural_burning,low,0,1,185_960,1
E0139689_1,agricultural_burning,low,0,1,185_777,0
E0139720_1,agricultural_burning,low,0,1,185_781,0
E0139727_2,agricultural_burning,low,0,1,185_781,0
E0139729_2,agricultural_burning,low,0,1,185_781,0
E0139852_1,agricultural_burning,low,0,1,185_805,4
E0139890_1,agricultural_burning,low,0,1,185_811,3
E0139892_1,agricultural_burning,low,0,1,185_812,2
E0139906_2,agricultural_burning,low,0,1,185_817,2
E0139959_1,agricultural_burning,low,0,1,185_944,0
E0140010_2,agricultural_burning,low,0,1,185_957,1
E0140028_1,agricultural_burning,low,0,1,185_959,2
E0140053_1,agricultural_burning,low,0,1,185_968,4
E0140054_2,agricultural_burning,low,0,1,185_968,4
E0140156_2,agricultural_burning,low,0,1,185_777,0
E0140265_1,agricultural_burning,low,0,1,185_798,4
E0140319_1,agricultural_burning,low,0,1,185_806,2
E0140346_1,agricultural_burning,low,0,1,185_811,3
E0140348_1,agricultural_burning,low,0,1,185_811,3
E0140350_1,agricultural_burning,low,0,1,185_812,2
E0140351_2,agricultural_burning,low,0,1,185_812,2
E0140352_2,agricultural_burning,low,0,1,185_812,2
E0140369_1,agricultural_burning,low,0,1,185_817,2
E0140397_2,agricultural_burning,low,0,1,185_823,4
E0140431_1,agricultural_burning,low,0,1,185_948,0
E0140433_1,agricultural_burning,low,0,1,185_948,0
E0140480_3,agricultural_burning,low,0,1,185_957,1
E0140484_1,agricultural_burning,low,0,1,185_957,1
E0140541_1,agricultural_burning,low,0,1,185_968,4
E0140639_1,agricultural_burning,low,0,1,185_777,0
E0140644_1,agricultural_burning,low,0,1,185_777,0
E0140651_1,agricultural_burning,low,0,1,185_779,1
E0140653_1,agricultural_burning,low,0,1,185_779,1
E0140690_3,agricultural_burning,low,0,1,185_784,4
E0140764_2,agricultural_burning,low,0,1,185_801,3
E0140800_1,agricultural_burning,low,0,1,185_806,2
E0140802_1,agricultural_burning,low,0,1,185_806,2
E0140802_2,agricultural_burning,low,0,1,185_806,2
E0140829_1,agricultural_burning,low,0,1,185_811,3
E0140869_2,agricultural_burning,low,0,1,185_823,4
E0140870_2,agricultural_burning,low,0,1,185_823,4
E0140911_1,agricultural_burning,low,0,1,185_947,1
E0140913_1,agricultural_burning,low,0,1,185_948,0
E0140915_2,agricultural_burning,low,0,1,185_948,0
E0140987_1,agricultural_burning,low,0,1,185_959,2
E0140988_2,agricultural_burning,low,0,1,185_960,1
E0141018_1,agricultural_burning,low,0,1,185_966,2
E0141137_1,agricultural_burning,low,0,1,185_777,0
E0141138_1,agricultural_burning,low,0,1,185_777,0
E0141151_1,agricultural_burning,low,0,1,185_779,1
E0141152_2,agricultural_burning,low,0,1,185_779,1
E0141263_1,agricultural_burning,low,0,1,185_801,3
E0141309_1,agricultural_burning,low,0,1,185_807,3
E0141415_1,agricultural_burning,low,0,1,185_948,0
E0141416_1,agricultural_burning,low,0,1,185_948,0
E0141417_1,agricultural_burning,low,0,1,185_948,0
E0141480_1,agricultural_burning,low,0,1,185_958,4
E0141518_1,agricultural_burning,low,0,1,185_967,1
E0141624_1,agricultural_burning,low,0,1,185_777,0
E0141655_1,agricultural_burning,low,0,1,185_781,0
E0141776_1,agricultural_burning,low,0,1,185_805,4
E0141795_1,agricultural_burning,low,0,1,185_808,2
E0141798_1,agricultural_burning,low,0,1,185_808,2
E0141817_3,agricultural_burning,low,0,1,185_812,2
E0141818_3,agricultural_burning,low,0,1,185_812,2
E0141936_2,agricultural_burning,low,0,1,185_955,0
E0141965_1,agricultural_burning,low,0,1,185_959,2
E0142101_2,agricultural_burning,low,0,1,185_778,0
E0142137_2,agricultural_burning,low,0,1,185_782,1
E0142146_1,agricultural_burning,low,0,1,185_784,4
E0142150_1,agricultural_burning,low,0,1,185_784,4
E0142162_1,agricultural_burning,low,0,1,185_786,2
E0142221_1,agricultural_burning,low,0,1,185_800,1
E0142240_1,agricultural_burning,low,0,1,185_803,4
E0142246_2,agricultural_burning,low,0,1,185_804,0
E0142268_2,agricultural_burning,low,0,1,185_806,2
E0142269_1,agricultural_burning,low,0,1,185_806,2
E0142269_2,agricultural_burning,low,0,1,185_806,2
E0142273_1,agricultural_burning,low,0,1,185_807,3
E0142294_2,agricultural_burning,low,0,1,185_810,2
E0142305_3,agricultural_burning,low,0,1,185_812,2
E0142331_1,agricultural_burning,low,0,1,185_822,0
E0142451_1,agricultural_burning,low,0,1,185_959,2
E0142487_1,agricultural_burning,low,0,1,185_967,1
E0142488_3,agricultural_burning,low,0,1,185_967,1
E0142494_7,agricultural_burning,low,0,1,185_722,0
E0142501_1,agricultural_burning,low,0,1,185_730,3
E0142583_1,agricultural_burning,low,0,1,185_777,0
E0142585_1,agricultural_burning,low,0,1,185_777,0
E0142586_3,agricultural_burning,low,0,1,185_778,0
E0142589_4,agricultural_burning,low,0,1,185_778,0
E0142599_1,agricultural_burning,low,0,1,185_779,1
E0142705_1,agricultural_burning,low,0,1,185_801,3
E0142719_2,agricultural_burning,low,0,1,185_803,4
E0142726_2,agricultural_burning,low,0,1,185_804,0
E0142734_1,agricultural_burning,low,0,1,185_805,4
E0142738_1,agricultural_burning,low,0,1,185_805,4
E0142779_2,agricultural_burning,low,0,1,185_810,2
E0142780_1,agricultural_burning,low,0,1,185_810,2
E0142936_1,agricultural_burning,low,0,1,185_958,4
E0142957_1,agricultural_burning,low,0,1,185_962,3
E0142967_1,agricultural_burning,low,0,1,185_963,2
E0143047_1,industrial_fire,low,0,1,185_752,4
E0143086_3,agricultural_burning,low,0,1,185_778,0
E0143087_1,agricultural_burning,low,0,1,185_778,0
E0143088_1,agricultural_burning,low,0,1,185_778,0
E0143100_2,agricultural_burning,low,0,1,185_779,1
E0143105_2,agricultural_burning,low,0,1,185_780,0
E0143136_1,agricultural_burning,low,0,1,185_785,0
E0143137_2,agricultural_burning,low,0,1,185_785,0
E0143350_1,agricultural_burning,low,0,1,185_839,1
E0143436_2,agricultural_burning,low,0,1,185_959,2
E0143442_1,agricultural_burning,low,0,1,185_960,1
E0143470_15,agricultural_burning,low,0,1,185_710,4
E0143601_1,agricultural_burning,low,0,1,185_779,1
E0143639_2,agricultural_burning,low,0,1,185_786,2
E0143707_1,agricultural_burning,low,0,1,185_801,3
E0143718_1,agricultural_burning,low,0,1,185_802,0
E0143724_1,agricultural_burning,low,0,1,185_803,4
E0143779_1,agricultural_burning,low,0,1,185_810,2
E0143786_2,agricultural_burning,low,0,1,185_812,2
E0143794_1,agricultural_burning,low,0,1,185_817,2
E0143893_3,agricultural_burning,low,0,1,185_953,4
E0143933_1,agricultural_burning,low,0,1,185_960,1
E0143956_2,agricultural_burning,low,0,1,185_963,2
E0144094_2,agricultural_burning,low,0,1,186_777,3
E0144104_2,agricultural_burning,low,0,1,186_778,2
E0144242_1,agricultural_burning,low,0,1,186_802,1
E0144249_1,agricultural_burning,low,0,1,185_802,0
E0144302_1,agricultural_burning,low,0,1,185_810,2
E0144305_1,agricultural_burning,low,0,1,185_810,2
E0144326_1,agricultural_burning,low,0,1,186_818,1
E0144442_2,agricultural_burning,low,0,1,186_957,2
E0144444_1,agricultural_burning,low,0,1,185_957,1
E0144446_1,agricultural_burning,low,0,1,185_958,4
E0144448_1,agricultural_burning,low,0,1,185_958,4
E0144467_2,agricultural_burning,low,0,1,186_960,1
E0144510_1,agricultural_burning,low,0,1,186_731,4
E0144612_1,agricultural_burning,low,0,1,186_777,3
E0144612_3,agricultural_burning,low,0,1,186_777,3
E0144618_1,agricultural_burning,low,0,1,186_778,2
E0144620_1,agricultural_burning,low,0,1,186_778,2
E0144628_1,agricultural_burning,low,0,1,186_779,3
E0144680_1,agricultural_burning,low,0,1,186_787,3
E0144681_2,agricultural_burning,low,0,1,186_787,3
E0144812_2,agricultural_burning,low,0,1,186_810,3
E0144815_1,agricultural_burning,low,0,1,186_810,3
E0144819_1,agricultural_burning,low,0,1,186_811,2
E0144820_1,agricultural_burning,low,0,1,186_811,2
E0144823_2,agricultural_burning,low,0,1,186_811,2
E0144858_2,agricultural_burning,low,0,1,186_830,1
E0144889_1,agricultural_burning,low,0,1,186_948,2
E0144890_1,agricultural_burning,low,0,1,186_948,2
E0144957_2,agricultural_burning,low,0,1,186_958,3
E0144959_1,agricultural_burning,low,0,1,186_958,3
E0144976_1,agricultural_burning,low,0,1,186_961,4
E0145116_1,agricultural_burning,low,0,1,186_777,3
E0145117_1,agricultural_burning,low,0,1,186_777,3
E0145118_1,agricultural_burning,low,0,1,186_778,2
E0145118_3,agricultural_burning,low,0,1,186_778,2
E0145122_1,agricultural_burning,low,0,1,186_778,2
E0145124_2,agricultural_burning,low,0,1,186_778,2
E0145125_2,agricultural_burning,low,0,1,186_778,2
E0145193_2,agricultural_burning,low,0,1,186_787,3
E0145274_3,agricultural_burning,low,0,1,186_802,1
E0145277_1,agricultural_burning,low,0,1,186_802,1
E0145309_1,agricultural_burning,low,0,1,186_806,1
E0145322_2,agricultural_burning,low,0,1,186_807,2
E0145338_1,agricultural_burning,low,0,1,186_810,3
E0145380_1,agricultural_burning,low,0,1,186_829,4
E0145421_1,agricultural_burning,low,0,1,186_948,2
E0145500_1,agricultural_burning,low,0,1,186_960,1
E0145542_1,agricultural_burning,low,0,1,186_967,0
E0145645_1,agricultural_burning,low,0,1,186_778,2
E0145647_3,agricultural_burning,low,0,1,186_778,2
E0145648_2,agricultural_burning,low,0,1,186_778,2
E0145674_1,agricultural_burning,low,0,1,186_781,3
E0145771_2,agricultural_burning,low,0,1,186_800,4
E0145789_1,agricultural_burning,low,0,1,186_802,1
E0145802_2,agricultural_burning,low,0,1,186_804,1
E0145811_1,agricultural_burning,low,0,1,186_805,3
E0145817_1,agricultural_burning,low,0,1,186_806,1
E0145817_2,agricultural_burning,low,0,1,186_806,1
E0145818_2,agricultural_burning,low,0,1,186_806,1
E0145879_1,agricultural_burning,low,0,1,186_822,0
E0145936_1,agricultural_burning,low,0,1,186_948,2
E0145971_2,agricultural_burning,low,0,1,186_952,4
E0145998_1,agricultural_burning,low,0,1,186_958,3
E0146005_2,agricultural_burning,low,0,1,186_959,2
E0146029_1,agricultural_burning,low,0,1,186_963,1
E0146045_2,agricultural_burning,low,0,1,186_967,0
E0146147_1,agricultural_burning,low,0,1,186_778,2
E0146160_1,agricultural_burning,low,0,1,186_779,3
E0146181_1,agricultural_burning,low,0,1,186_783,2
E0146277_1,agricultural_burning,low,0,1,186_802,1
E0146288_1,agricultural_burning,low,0,1,186_803,4
E0146294_2,agricultural_burning,low,0,1,186_804,1
E0146350_1,agricultural_burning,low,0,1,186_811,2
E0146354_1,agricultural_burning,low,0,1,186_811,2
E0146424_1,agricultural_burning,low,0,1,186_942,1
E0146441_1,agricultural_burning,low,0,1,186_947,1
E0146508_2,agricultural_burning,low,0,1,186_959,2
E0146536_1,agricultural_burning,low,0,1,186_966,1
E0146541_1,agricultural_burning,low,0,1,186_967,0
E0146660_1,agricultural_burning,low,0,1,186_778,2
E0146686_1,agricultural_burning,low,0,1,186_781,3
E0146727_1,agricultural_burning,low,0,1,186_787,3
E0146833_1,agricultural_burning,low,0,1,186_808,4
E0146844_1,agricultural_burning,low,0,1,186_809,3
E0146850_1,agricultural_burning,low,0,1,186_810,3
E0146854_1,agricultural_burning,low,0,1,186_810,3
E0146858_1,agricultural_burning,low,0,1,186_811,2
E0146859_1,agricultural_burning,low,0,1,186_811,2
E0146925_2,agricultural_burning,low,0,1,186_840,1
E0146935_2,agricultural_burning,low,0,1,186_942,1
E0146935_3,agricultural_burning,low,0,1,186_942,1
E0146936_1,agricultural_burning,low,0,1,186_942,1
E0146957_1,agricultural_burning,low,0,1,186_948,2
E0146966_2,agricultural_burning,low,0,1,186_949,4
E0146987_2,agricultural_burning,low,0,1,186_952,4
E0146988_1,agricultural_burning,low,0,1,186_953,4
E0147012_1,agricultural_burning,low,0,1,186_958,3
E0147054_2,agricultural_burning,low,0,1,186_967,0
E0147056_1,agricultural_burning,low,0,1,186_967,0
E0147058_1,agricultural_burning,low,0,1,186_967,0
E0147129_2,industrial_fire,low,0,1,186_755,4
E0147207_1,agricultural_burning,low,0,1,186_785,3
E0147291_1,agricultural_burning,low,0,1,186_803,4
E0147296_2,agricultural_burning,low,0,1,186_803,4
E0147308_3,agricultural_burning,low,0,1,186_805,3
E0147336_1,agricultural_burning,low,0,1,186_808,4
E0147337_1,agricultural_burning,low,0,1,186_808,4
E0147344_1,agricultural_burning,low,0,1,186_809,3
E0147357_1,agricultural_burning,low,0,1,186_811,2
E0147360_1,agricultural_burning,low,0,1,186_811,2
E0147362_1,agricultural_burning,low,0,1,186_811,2
E0147438_1,agricultural_burning,low,0,1,186_947,1
E0147444_1,agricultural_burning,low,0,1,186_948,2
E0147445_1,agricultural_burning,low,0,1,186_948,2
E0147501_1,agricultural_burning,low,0,1,186_958,3
E0147504_1,agricultural_burning,low,0,1,186_958,3
E0147519_1,agricultural_burning,low,0,1,186_960,1
E0147547_1,agricultural_burning,low,0,1,186_967,0
E0147548_3,agricultural_burning,low,0,1,186_967,0
E0147549_1,agricultural_burning,low,0,1,186_967,0
E0147550_1,agricultural_burning,low,0,1,186_967,0
E0147657_2,agricultural_burning,low,0,1,186_778,2
E0147659_1,agricultural_burning,low,0,1,186_778,2
E0147661_2,agricultural_burning,low,0,1,186_778,2
E0147701_3,agricultural_burning,low,0,1,186_785,3
E0147716_2,agricultural_burning,low,0,1,186_788,0
E0147768_1,agricultural_burning,low,0,1,186_799,0
E0147791_1,agricultural_burning,low,0,1,186_803,4
E0147803_2,agricultural_burning,low,0,1,186_804,1
E0147825_2,agricultural_burning,low,0,1,186_807,2
E0147833_1,agricultural_burning,low,0,1,186_808,4
E0147841_1,agricultural_burning,low,0,1,186_809,3
E0147853_1,agricultural_burning,low,0,1,186_810,3
E0147859_1,agricultural_burning,low,0,1,186_811,2
E0147862_1,agricultural_burning,low,0,1,186_811,2
E0147907_1,agricultural_burning,low,0,1,186_830,1
E0147908_2,agricultural_burning,low,0,1,186_830,1
E0147915_2,agricultural_burning,low,0,1,186_837,1
E0147949_2,agricultural_burning,low,0,1,186_948,2
E0147950_1,agricultural_burning,low,0,1,186_948,2
E0147952_1,agricultural_burning,low,0,1,186_948,2
E0147952_2,agricultural_burning,low,0,1,186_948,2
E0148002_1,agricultural_burning,low,0,1,186_955,2
E0148016_4,agricultural_burning,low,0,1,186_957,2
E0148017_2,agricultural_burning,low,0,1,186_958,3
E0148061_2,agricultural_burning,low,0,1,186_967,0
E0148062_1,agricultural_burning,low,0,1,186_967,0
E0148063_1,agricultural_burning,low,0,1,186_967,0
E0148073_7,industrial_fire,medium,1,1,186_730,2
E0148183_2,agricultural_burning,low,0,1,186_778,2
E0148187_1,agricultural_burning,low,0,1,186_778,2
E0148214_1,agricultural_burning,low,0,1,186_783,2
E0148227_2,agricultural_burning,low,0,1,186_785,3
E0148228_1,agricultural_burning,low,0,1,186_786,1
E0148305_1,agricultural_burning,low,0,1,186_802,1
E0148318_1,agricultural_burning,low,0,1,186_804,1
E0148321_1,agricultural_burning,low,0,1,186_804,1
E0148347_2,agricultural_burning,low,0,1,186_807,2
E0148354_1,agricultural_burning,low,0,1,186_808,4
E0148358_1,agricultural_burning,low,0,1,186_809,3
E0148365_1,agricultural_burning,low,0,1,186_810,3
E0148378_1,agricultural_burning,low,0,1,186_811,2
E0148379_1,agricultural_burning,low,0,1,186_811,2
E0148381_1,agricultural_burning,low,0,1,186_811,2
E0148449_1,agricultural_burning,low,0,1,186_948,2
E0148453_2,agricultural_burning,low,0,1,186_948,2
E0148502_2,agricultural_burning,low,0,1,186_957,2
E0148503_1,agricultural_burning,low,0,1,186_957,2
E0148557_3,agricultural_burning,low,0,1,186_966,1
E0148693_1,agricultural_burning,low,0,1,186_779,3
E0148722_1,agricultural_burning,low,0,1,186_784,4
E0148800_1,agricultural_burning,low,0,1,186_803,4
E0148835_2,agricultural_burning,low,0,1,186_807,2
E0148840_1,agricultural_burning,low,0,1,186_808,4
E0148850_1,agricultural_burning,low,0,1,186_809,3
E0148854_1,agricultural_burning,low,0,1,186_810,3
E0148860_1,agricultural_burning,low,0,1,186_811,2
E0148863_1,agricultural_burning,low,0,1,186_811,2
E0148865_1,agricultural_burning,low,0,1,186_811,2
E0148867_1,agricultural_burning,low,0,1,186_811,2
E0148883_1,agricultural_burning,low,0,1,186_820,3
E0148967_3,agricultural_burning,low,0,1,186_948,2
E0148968_2,agricultural_burning,low,0,1,186_948,2
E0148969_2,agricultural_burning,low,0,1,186_948,2
E0148970_3,agricultural_burning,low,0,1,186_948,2
E0148977_1,agricultural_burning,low,0,1,186_949,4
E0149028_3,agricultural_burning,low,0,1,186_958,3
E0149064_1,agricultural_burning,low,0,1,186_965,2
E0149184_2,agricultural_burning,low,0,1,187_778,1
E0149187_1,agricultural_burning,low,0,1,187_778,1
E0149187_3,agricultural_burning,low,0,1,186_778,2
E0149191_2,agricultural_burning,low,0,1,186_779,3
E0149192_3,agricultural_burning,low,0,1,187_779,3
E0149234_1,agricultural_burning,low,0,1,186_786,1
E0149335_2,agricultural_burning,low,0,1,186_806,1
E0149336_1,agricultural_burning,low,0,1,186_806,1
E0149361_1,agricultural_burning,low,0,1,186_810,3
E0149365_1,agricultural_burning,low,0,1,187_810,2
E0149371_1,agricultural_burning,low,0,1,186_811,2
E0149396_1,agricultural_burning,low,0,1,187_819,2
E0149409_1,agricultural_burning,low,0,1,186_825,0
E0149475_1,agricultural_burning,low,0,1,187_948,4
E0149479_2,agricultural_burning,low,0,1,186_948,2
E0149527_4,agricultural_burning,low,0,1,187_957,1
E0149532_1,agricultural_burning,low,0,1,186_957,2
E0149706_1,agricultural_burning,low,0,1,187_778,1
E0149708_1,agricultural_burning,low,0,1,187_778,1
E0149713_2,agricultural_burning,low,0,1,187_779,3
E0149716_1,agricultural_burning,low,0,1,187_779,3
E0149779_2,agricultural_burning,low,0,1,187_788,4
E0149864_1,agricultural_burning,low,0,1,187_806,1
E0149866_2,agricultural_burning,low,0,1,187_807,4
E0149873_1,agricultural_burning,low,0,1,187_808,1
E0149888_1,agricultural_burning,low,0,1,187_810,2
E0149892_1,agricultural_burning,low,0,1,187_810,2
E0149893_1,agricultural_burning,low,0,1,187_811,3
E0149896_1,agricultural_burning,low,0,1,187_811,3
E0149998_1,agricultural_burning,low,0,1,187_947,2
E0149999_1,agricultural_burning,low,0,1,187_947,2
E0150060_1,agricultural_burning,low,0,1,187_957,1
E0150061_1,agricultural_burning,low,0,1,187_957,1
E0150115_1,agricultural_burning,low,0,1,187_967,1
E0150333_2,agricultural_burning,low,0,1,187_803,3
E0150363_2,agricultural_burning,low,0,1,187_806,1
E0150373_1,agricultural_burning,low,0,1,187_808,1
E0150386_1,agricultural_burning,low,0,1,187_810,2
E0150389_1,agricultural_burning,low,0,1,187_811,3
E0150392_1,agricultural_burning,low,0,1,187_811,3
E0150394_1,agricultural_burning,low,0,1,187_811,3
E0150513_3,agricultural_burning,low,0,1,187_950,1
E0150558_1,agricultural_burning,low,0,1,187_957,1
E0150580_1,agricultural_burning,low,0,1,187_959,3
E0150594_1,agricultural_burning,low,0,1,187_961,4
E0150665_1,industrial_fire,medium,1,1,187_738,0
E0150740_1,agricultural_burning,low,0,1,187_779,3
E0150816_4,mining_activity,medium,1,1,187_795,3
E0150852_1,agricultural_burning,low,0,1,187_805,3
E0150866_1,agricultural_burning,low,0,1,187_806,1
E0150982_1,agricultural_burning,low,0,1,187_936,0
E0151002_1,agricultural_burning,low,0,1,187_947,2
E0151029_3,agricultural_burning,low,0,1,187_950,1
E0151070_3,agricultural_burning,low,0,1,187_957,1
E0151071_2,agricultural_burning,low,0,1,187_957,1
E0151224_1,agricultural_burning,low,0,1,187_778,1
E0151230_1,agricultural_burning,low,0,1,187_779,3
E0151230_2,agricultural_burning,low,0,1,187_779,3
E0151319_3,mining_activity,medium,1,1,187_795,3
E0151372_1,agricultural_burning,low,0,1,187_804,4
E0151409_1,agricultural_burning,low,0,1,187_811,3
E0151410_1,agricultural_burning,low,0,1,187_811,3
E0151425_1,agricultural_burning,low,0,1,187_819,2
E0151526_1,agricultural_burning,low,0,1,187_948,4
E0151732_1,agricultural_burning,low,0,1,187_778,1
E0151752_1,agricultural_burning,low,0,1,187_781,1
E0151780_2,agricultural_burning,low,0,1,187_785,2
E0151825_1,agricultural_burning,low,0,1,187_793,3
E0151851_1,agricultural_burning,low,0,1,187_802,3
E0151915_1,agricultural_burning,low,0,1,187_811,3
E0152009_1,agricultural_burning,low,0,1,187_943,3
E0152029_2,agricultural_burning,low,0,1,187_948,4
E0152034_1,agricultural_burning,low,0,1,187_949,3
E0152075_2,agricultural_burning,low,0,1,187_955,2
E0152092_1,agricultural_burning,low,0,1,187_957,1
E0152128_1,agricultural_burning,low,0,1,187_962,1
E0152141_1,agricultural_burning,low,0,1,187_966,3
E0152353_1,agricultural_burning,low,0,1,187_802,3
E0152363_1,agricultural_burning,low,0,1,187_803,3
E0152395_1,agricultural_burning,low,0,1,187_808,1
E0152404_2,agricultural_burning,low,0,1,187_809,0
E0152405_1,agricultural_burning,low,0,1,187_809,0
E0152434_2,agricultural_burning,low,0,1,187_819,2
E0152470_1,agricultural_burning,low,0,1,187_831,4
E0152506_1,agricultural_burning,low,0,1,187_936,0
E0152514_1,agricultural_burning,low,0,1,187_942,2
E0152515_1,agricultural_burning,low,0,1,187_943,3
E0152526_1,agricultural_burning,low,0,1,187_947,2
E0152597_1,agricultural_burning,low,0,1,187_958,4
E0152606_2,agricultural_burning,low,0,1,187_959,3
E0152663_1,industrial_fire,medium,1,1,187_732,1
E0152755_1,agricultural_burning,low,0,1,187_779,3
E0152860_2,agricultural_burning,low,0,1,187_803,3
E0152861_2,agricultural_burning,low,0,1,187_803,3
E0152864_1,agricultural_burning,low,0,1,187_803,3
E0152878_1,agricultural_burning,low,0,1,187_805,3
E0152887_2,agricultural_burning,low,0,1,187_806,1
E0152889_2,agricultural_burning,low,0,1,187_806,1
E0152908_1,agricultural_burning,low,0,1,187_808,1
E0152953_1,agricultural_burning,low,0,1,187_821,3
E0152967_1,agricultural_burning,low,0,1,187_825,3
E0153044_2,agricultural_burning,low,0,1,187_947,2
E0153052_1,agricultural_burning,low,0,1,187_948,4
E0153117_2,agricultural_burning,low,0,1,187_957,1
E0153158_2,agricultural_burning,low,0,1,187_963,1
E0153160_1,agricultural_burning,low,0,1,187_964,2
E0153399_1,agricultural_burning,low,0,1,187_803,3
E0153418_1,agricultural_burning,low,0,1,187_806,1
E0153418_2,agricultural_burning,low,0,1,187_806,1
E0153419_2,agricultural_burning,low,0,1,187_806,1
E0153477_1,agricultural_burning,low,0,1,187_821,3
E0153488_2,agricultural_burning,low,0,1,187_825,3
E0153594_1,agricultural_burning,low,0,1,187_955,2
E0153597_1,agricultural_burning,low,0,1,187_955,2
E0153616_1,agricultural_burning,low,0,1,187_957,1
E0153617_4,agricultural_burning,low,0,1,187_957,1
E0153618_4,agricultural_burning,low,0,1,187_957,1
E0153622_1,agricultural_burning,low,0,1,187_958,4
E0153626_1,agricultural_burning,low,0,1,187_958,4
E0153672_1,agricultural_burning,low,0,1,187_966,3
E0153708_1,industrial_fire,low,0,1,187_736,2
E0153916_2,agricultural_burning,low,0,1,187_806,1
E0153920_1,agricultural_burning,low,0,1,187_806,1
E0153921_2,agricultural_burning,low,0,1,187_806,1
E0153943_1,agricultural_burning,low,0,1,187_809,0
E0153974_2,agricultural_burning,low,0,1,187_820,1
E0154037_3,agricultural_burning,low,0,1,187_935,3
E0154047_1,agricultural_burning,low,0,1,187_942,2
E0154065_1,agricultural_burning,low,0,1,187_947,2
E0154111_2,agricultural_burning,low,0,1,187_954,1
E0154132_4,agricultural_burning,low,0,1,187_957,1
E0154133_2,agricultural_burning,low,0,1,187_957,1
E0154243_14,agricultural_burning,low,0,1,188_742,2
E0154401_2,agricultural_burning,low,0,1,188_802,3
E0154406_1,agricultural_burning,low,0,1,188_803,2
E0154422_2,agricultural_burning,low,0,1,188_806,1
E0154563_1,agricultural_burning,low,0,1,188_947,0
E0154563_2,agricultural_burning,low,0,1,187_947,2
E0154676_1,agricultural_burning,low,0,1,187_965,1
E0154690_2,agricultural_burning,low,0,1,188_731,0
E0154722_1,agricultural_burning,low,0,1,188_738,2
E0154731_15,agricultural_burning,low,0,1,188_742,2
E0154731_9,agricultural_burning,low,0,1,188_742,2
E0154802_1,agricultural_burning,low,0,1,188_780,1
E0154815_2,agricultural_burning,low,0,1,188_782,3
E0154893_2,agricultural_burning,low,0,1,188_801,0
E0154908_2,agricultural_burning,low,0,1,188_802,3
E0154913_1,agricultural_burning,low,0,1,188_803,2
E0154924_1,agricultural_burning,low,0,1,188_805,2
E0154944_1,agricultural_burning,low,0,1,188_808,3
E0155018_1,agricultural_burning,low,0,1,188_832,0
E0155072_2,agricultural_burning,low,0,1,188_947,0
E0155073_1,agricultural_burning,low,0,1,188_947,0
E0155073_2,agricultural_burning,low,0,1,188_947,0
E0155075_1,agricultural_burning,low,0,1,188_947,0
E0155076_1,agricultural_burning,low,0,1,188_947,0
E0155155_1,agricultural_burning,low,0,1,188_959,2
E0155319_1,agricultural_burning,low,0,1,188_779,3
E0155342_1,agricultural_burning,low,0,1,188_782,3
E0155354_2,agricultural_burning,low,0,1,188_784,4
E0155421_2,agricultural_burning,low,0,1,188_802,3
E0155431_2,agricultural_burning,low,0,1,188_803,2
E0155444_2,agricultural_burning,low,0,1,188_806,1
E0155475_1,agricultural_burning,low,0,1,188_811,1
E0155489_1,agricultural_burning,low,0,1,188_818,0
E0155547_2,agricultural_burning,low,0,1,188_831,1
E0155601_1,agricultural_burning,low,0,1,188_942,2
E0155602_2,agricultural_burning,low,0,1,188_943,4
E0155614_2,agricultural_burning,low,0,1,188_947,0
E0155616_1,agricultural_burning,low,0,1,188_947,0
E0155673_1,agricultural_burning,low,0,1,188_955,4
E0155688_1,agricultural_burning,low,0,1,188_957,1
E0155713_1,agricultural_burning,low,0,1,188_959,2
E0155715_1,agricultural_burning,low,0,1,188_960,3
E0155741_2,agricultural_burning,low,0,1,188_965,2
E0155766_2,agricultural_burning,low,0,1,188_731,0
E0155857_1,agricultural_burning,low,0,1,188_780,1
E0155858_1,agricultural_burning,low,0,1,188_780,1
E0155867_2,agricultural_burning,low,0,1,188_782,3
E0155869_1,agricultural_burning,low,0,1,188_782,3
E0155880_2,agricultural_burning,low,0,1,188_784,4
E0155932_2,agricultural_burning,low,0,1,188_801,0
E0155941_1,agricultural_burning,low,0,1,188_802,3
E0155942_1,agricultural_burning,low,0,1,188_802,3
E0155948_1,agricultural_burning,low,0,1,188_803,2
E0155965_1,agricultural_burning,low,0,1,188_805,2
E0156027_2,agricultural_burning,low,0,1,188_821,0
E0156051_1,agricultural_burning,low,0,1,188_831,1
E0156078_2,agricultural_burning,low,0,1,188_838,4
E0156096_1,agricultural_burning,low,0,1,188_935,3
E0156118_1,agricultural_burning,low,0,1,188_943,4
E0156130_1,agricultural_burning,low,0,1,188_948,1
E0156132_2,agricultural_burning,low,0,1,188_948,1
E0156151_1,agricultural_burning,low,0,1,188_950,2
E0156176_1,agricultural_burning,low,0,1,188_955,4
E0156202_2,agricultural_burning,low,0,1,188_958,4
E0156367_1,agricultural_burning,low,0,1,188_780,1
E0156369_1,agricultural_burning,low,0,1,188_780,1
E0156381_1,agricultural_burning,low,0,1,188_782,3
E0156389_1,agricultural_burning,low,0,1,188_784,4
E0156458_1,agricultural_burning,low,0,1,188_801,0
E0156465_1,agricultural_burning,low,0,1,188_802,3
E0156472_2,agricultural_burning,low,0,1,188_802,3
E0156482_1,agricultural_burning,low,0,1,188_804,3
E0156488_2,agricultural_burning,low,0,1,188_805,2
E0156493_1,agricultural_burning,low,0,1,188_806,1
E0156495_1,agricultural_burning,low,0,1,188_806,1
E0156555_1,agricultural_burning,low,0,1,188_831,1
E0156562_1,agricultural_burning,low,0,1,188_831,1
E0156603_1,agricultural_burning,low,0,1,188_942,2
E0156612_2,agricultural_burning,low,0,1,188_943,4
E0156632_1,agricultural_burning,low,0,1,188_949,3
E0156634_3,agricultural_burning,low,0,1,188_949,3
E0156676_2,agricultural_burning,low,0,1,188_955,4
E0156691_1,agricultural_burning,low,0,1,188_957,1
E0156693_1,agricultural_burning,low,0,1,188_957,1
E0156704_1,agricultural_burning,low,0,1,188_958,4
E0156866_1,agricultural_burning,low,0,1,188_779,3
E0156876_1,agricultural_burning,low,0,1,188_780,1
E0156891_1,agricultural_burning,low,0,1,188_782,3
E0156970_1,agricultural_burning,low,0,1,188_801,0
E0156987_2,agricultural_burning,low,0,1,188_802,3
E0157003_1,agricultural_burning,low,0,1,188_805,2
E0157007_1,agricultural_burning,low,0,1,188_805,2
E0157087_1,agricultural_burning,low,0,1,188_831,1
E0157107_3,agricultural_burning,low,0,1,188_838,4
E0157139_2,agricultural_burning,low,0,1,188_947,0
E0157167_2,agricultural_burning,low,0,1,188_950,2
E0157191_2,agricultural_burning,low,0,1,188_954,4
E0157230_1,agricultural_burning,low,0,1,188_959,2
E0157230_2,agricultural_burning,low,0,1,188_959,2
E0157231_2,agricultural_burning,low,0,1,188_959,2
E0157236_1,agricultural_burning,low,0,1,188_959,2
E0157251_1,agricultural_burning,low,0,1,188_962,4
E0157254_1,agricultural_burning,low,0,1,188_962,4
E0157278_2,agricultural_burning,low,0,1,188_966,2
E0157290_13,gas_flare,medium,1,1,188_729,1
E0157433_1,agricultural_burning,low,0,1,188_780,1
E0157434_2,agricultural_burning,low,0,1,188_780,1
E0157437_1,agricultural_burning,low,0,1,188_781,4
E0157525_1,agricultural_burning,low,0,1,188_801,0
E0157530_2,agricultural_burning,low,0,1,188_801,0
E0157563_2,agricultural_burning,low,0,1,188_806,1
E0157572_2,agricultural_burning,low,0,1,188_807,4
E0157617_1,agricultural_burning,low,0,1,188_824,1
E0157643_1,agricultural_burning,low,0,1,188_832,0
E0157674_1,agricultural_burning,low,0,1,188_940,3
E0157688_3,agricultural_burning,low,0,1,188_943,4
E0157715_1,agricultural_burning,low,0,1,188_949,3
E0157722_2,agricultural_burning,low,0,1,188_950,2
E0157731_2,agricultural_burning,low,0,1,188_951,2
E0157782_1,agricultural_burning,low,0,1,188_959,2
E0157783_1,agricultural_burning,low,0,1,188_959,2
E0157784_1,agricultural_burning,low,0,1,188_959,2
E0157795_1,agricultural_burning,low,0,1,188_962,4
E0157965_1,agricultural_burning,low,0,1,188_781,4
E0157976_1,agricultural_burning,low,0,1,188_782,3
E0158045_2,agricultural_burning,low,0,1,188_801,0
E0158048_1,agricultural_burning,low,0,1,188_802,3
E0158094_1,agricultural_burning,low,0,1,188_810,3
E0158154_1,agricultural_burning,low,0,1,188_833,0
E0158164_1,agricultural_burning,low,0,1,188_838,4
E0158215_1,agricultural_burning,low,0,1,188_949,3
E0158227_1,agricultural_burning,low,0,1,188_951,2
E0158274_1,agricultural_burning,low,0,1,188_958,4
E0158284_1,agricultural_burning,low,0,1,188_959,2
E0158320_1,agricultural_burning,low,0,1,188_966,2
E0158495_1,agricultural_burning,low,0,1,188_784,4
E0158603_2,agricultural_burning,low,0,1,188_806,1
E0158610_1,agricultural_burning,low,0,1,188_807,4
E0158618_1,agricultural_burning,low,0,1,188_808,3
E0158623_1,agricultural_burning,low,0,1,188_809,3
E0158624_1,agricultural_burning,low,0,1,188_810,3
E0158625_1,agricultural_burning,low,0,1,188_810,3
E0158626_1,agricultural_burning,low,0,1,188_810,3
E0158768_1,agricultural_burning,low,0,1,188_951,2
E0158771_1,agricultural_burning,low,0,1,188_952,2
E0158792_1,agricultural_burning,low,0,1,188_957,1
E0158795_1,agricultural_burning,low,0,1,188_957,1
E0158800_1,agricultural_burning,low,0,1,188_958,4
E0158809_1,agricultural_burning,low,0,1,188_959,2
E0158811_1,agricultural_burning,low,0,1,188_959,2
E0158811_2,agricultural_burning,low,0,1,188_959,2
E0158812_1,agricultural_burning,low,0,1,188_959,2
E0158858_1,industrial_fire,low,0,1,188_729,1
E0158969_1,agricultural_burning,low,0,1,188_780,1
E0158998_2,agricultural_burning,low,0,1,188_785,4
E0159068_1,agricultural_burning,low,0,1,188_802,3
E0159101_1,agricultural_burning,low,0,1,188_806,1
E0159190_1,agricultural_burning,low,0,1,188_833,0
E0159250_2,agricultural_burning,low,0,1,188_949,3
E0159253_2,agricultural_burning,low,0,1,188_949,3
E0159276_2,agricultural_burning,low,0,1,188_954,4
E0159303_1,agricultural_burning,low,0,1,188_958,4
E0159312_3,agricultural_burning,low,0,1,188_959,2
E0159313_2,agricultural_burning,low,0,1,188_959,2
E0159314_2,agricultural_burning,low,0,1,188_959,2
E0159541_1,agricultural_burning,low,0,1,189_797,3
E0159550_2,agricultural_burning,low,0,1,189_800,1
E0159561_1,agricultural_burning,low,0,1,189_802,3
E0159567_2,agricultural_burning,low,0,1,188_803,2
E0159589_1,agricultural_burning,low,0,1,189_805,2
E0159602_1,agricultural_burning,low,0,1,188_807,4
E0159668_2,agricultural_burning,low,0,1,189_830,3
E0159747_1,agricultural_burning,low,0,1,189_949,1
E0159797_1,agricultural_burning,low,0,1,189_958,1
E0159808_1,agricultural_burning,low,0,1,189_959,0
E0159809_1,agricultural_burning,low,0,1,189_959,0
E0159829_1,agricultural_burning,low,0,1,188_962,4
E0159850_1,agricultural_burning,low,0,1,188_966,2
E0159956_1,agricultural_burning,low,0,1,189_780,0
E0159957_1,agricultural_burning,low,0,1,189_780,0
E0159973_2,agricultural_burning,low,0,1,189_784,2
E0159992_2,agricultural_burning,low,0,1,189_789,0
E0160012_1,agricultural_burning,low,0,1,189_793,3
E0160028_1,agricultural_burning,low,0,1,189_801,0
E0160051_1,agricultural_burning,low,0,1,189_804,3
E0160056_2,agricultural_burning,low,0,1,189_805,2
E0160072_1,agricultural_burning,low,0,1,189_807,3
E0160074_1,agricultural_burning,low,0,1,189_807,3
E0160178_1,agricultural_burning,low,0,1,189_843,3
E0160200_1,agricultural_burning,low,0,1,189_943,3
E0160230_1,agricultural_burning,low,0,1,189_949,1
E0160247_2,agricultural_burning,low,0,1,189_952,3
E0160247_3,agricultural_burning,low,0,1,189_952,3
E0160276_3,agricultural_burning,low,0,1,189_958,1
E0160277_1,agricultural_burning,low,0,1,189_958,1
E0160285_1,agricultural_burning,low,0,1,189_958,1
E0160285_2,agricultural_burning,low,0,1,189_958,1
E0160293_1,agricultural_burning,low,0,1,189_959,0
E0160316_2,agricultural_burning,low,0,1,189_963,2
E0160437_4,agricultural_burning,low,0,1,189_780,0
E0160453_1,agricultural_burning,low,0,1,189_784,2
E0160516_2,agricultural_burning,low,0,1,189_801,0
E0160536_2,agricultural_burning,low,0,1,189_804,3
E0160539_1,agricultural_burning,low,0,1,189_804,3
E0160541_1,agricultural_burning,low,0,1,189_805,2
E0160649_1,agricultural_burning,low,0,1,189_843,3
E0160661_2,agricultural_burning,low,0,1,189_940,3
E0160719_1,agricultural_burning,low,0,1,189_952,3
E0160731_2,agricultural_burning,low,0,1,189_954,0
E0160754_3,agricultural_burning,low,0,1,189_957,0
E0160760_1,agricultural_burning,low,0,1,189_958,1
E0160773_1,agricultural_burning,low,0,1,189_959,0
E0160780_2,agricultural_burning,low,0,1,189_961,2
E0160810_1,agricultural_burning,low,0,1,189_969,4
E0160811_1,agricultural_burning,low,0,1,189_969,4
E0161010_1,agricultural_burning,low,0,1,189_800,1
E0161015_1,agricultural_burning,low,0,1,189_801,0
E0161032_1,agricultural_burning,low,0,1,189_803,2
E0161032_2,agricultural_burning,low,0,1,189_803,2
E0161033_2,agricultural_burning,low,0,1,189_803,2
E0161034_1,agricultural_burning,low,0,1,189_803,2
E0161038_1,agricultural_burning,low,0,1,189_804,3
E0161041_1,agricultural_burning,low,0,1,189_804,3
E0161051_2,agricultural_burning,low,0,1,189_805,2
E0161052_2,agricultural_burning,low,0,1,189_805,2
E0161154_1,agricultural_burning,low,0,1,189_833,2
E0161226_1,agricultural_burning,low,0,1,189_950,3
E0161253_1,agricultural_burning,low,0,1,189_955,2
E0161261_1,agricultural_burning,low,0,1,189_956,4
E0161271_2,agricultural_burning,low,0,1,189_957,0
E0161286_1,agricultural_burning,low,0,1,189_959,0
E0161524_1,agricultural_burning,low,0,1,189_802,3
E0161541_1,agricultural_burning,low,0,1,189_804,3
E0161547_2,agricultural_burning,low,0,1,189_805,2
E0161554_2,agricultural_burning,low,0,1,189_806,1
E0161556_1,agricultural_burning,low,0,1,189_806,1
E0161649_1,agricultural_burning,low,0,1,189_832,1
E0161725_2,agricultural_burning,low,0,1,189_949,1
E0161727_2,agricultural_burning,low,0,1,189_949,1
E0161727_3,agricultural_burning,low,0,1,189_949,1
E0161730_1,agricultural_burning,low,0,1,189_950,3
E0161744_2,agricultural_burning,low,0,1,189_952,3
E0161760_1,agricultural_burning,low,0,1,189_954,0
E0161779_1,agricultural_burning,low,0,1,189_957,0
E0161794_1,agricultural_burning,low,0,1,189_959,0
E0161795_1,agricultural_burning,low,0,1,189_959,0
E0161818_2,agricultural_burning,low,0,1,189_963,2
E0161832_1,agricultural_burning,low,0,1,189_965,3
E0161860_2,industrial_fire,low,0,1,189_735,3
E0162017_2,agricultural_burning,low,0,1,189_801,0
E0162021_1,agricultural_burning,low,0,1,189_801,0
E0162054_1,agricultural_burning,low,0,1,189_805,2
E0162057_2,agricultural_burning,low,0,1,189_806,1
E0162059_2,agricultural_burning,low,0,1,189_806,1
E0162067_1,agricultural_burning,low,0,1,189_807,3
E0162070_1,agricultural_burning,low,0,1,189_807,3
E0162073_1,agricultural_burning,low,0,1,189_808,3
E0162143_1,agricultural_burning,low,0,1,189_831,2
E0162153_1,agricultural_burning,low,0,1,189_833,2
E0162154_1,agricultural_burning,low,0,1,189_833,2
E0162203_1,agricultural_burning,low,0,1,189_947,2
E0162216_3,agricultural_burning,low,0,1,189_949,1
E0162219_4,agricultural_burning,low,0,1,189_949,1
E0162222_1,agricultural_burning,low,0,1,189_949,1
E0162222_2,agricultural_burning,low,0,1,189_949,1
E0162227_2,agricultural_burning,low,0,1,189_950,3
E0162238_2,agricultural_burning,low,0,1,189_951,1
E0162269_1,agricultural_burning,low,0,1,189_956,4
E0162290_1,agricultural_burning,low,0,1,189_958,1
E0162296_1,agricultural_burning,low,0,1,189_959,0
E0162297_1,agricultural_burning,low,0,1,189_959,0
E0162332_2,agricultural_burning,low,0,1,189_965,3
E0162337_2,agricultural_burning,low,0,1,189_731,1
E0162375_1,agricultural_burning,low,0,1,189_738,4
E0162517_1,agricultural_burning,low,0,1,189_800,1
E0162540_1,agricultural_burning,low,0,1,189_804,3
E0162544_1,agricultural_burning,low,0,1,189_804,3
E0162547_2,agricultural_burning,low,0,1,189_805,2
E0162558_2,agricultural_burning,low,0,1,189_806,1
E0162575_1,agricultural_burning,low,0,1,189_808,3
E0162621_1,agricultural_burning,low,0,1,189_827,3
E0162737_1,agricultural_burning,low,0,1,189_949,1
E0162741_2,agricultural_burning,low,0,1,189_950,3
E0162746_1,agricultural_burning,low,0,1,189_951,1
E0162752_2,agricultural_burning,low,0,1,189_951,1
E0162773_1,agricultural_burning,low,0,1,189_956,4
E0162774_1,agricultural_burning,low,0,1,189_956,4
E0162797_2,agricultural_burning,low,0,1,189_959,0
E0162798_1,agricultural_burning,low,0,1,189_959,0
E0162798_2,agricultural_burning,low,0,1,189_959,0
E0162821_1,agricultural_burning,low,0,1,189_962,2
E0162839_1,agricultural_burning,low,0,1,189_717,2
E0163032_1,agricultural_burning,low,0,1,189_800,1
E0163034_2,agricultural_burning,low,0,1,189_801,0
E0163054_1,agricultural_burning,low,0,1,189_803,2
E0163058_1,agricultural_burning,low,0,1,189_803,2
E0163059_1,agricultural_burning,low,0,1,189_803,2
E0163061_2,agricultural_burning,low,0,1,189_804,3
E0163062_1,agricultural_burning,low,0,1,189_804,3
E0163073_2,agricultural_burning,low,0,1,189_805,2
E0163097_1,agricultural_burning,low,0,1,189_808,3
E0163184_1,agricultural_burning,low,0,1,189_833,2
E0163189_1,agricultural_burning,low,0,1,189_833,2
E0163201_1,agricultural_burning,low,0,1,189_842,2
E0163223_1,agricultural_burning,low,0,1,189_941,4
E0163265_1,agricultural_burning,low,0,1,189_949,1
E0163312_1,agricultural_burning,low,0,1,189_956,4
E0163318_1,agricultural_burning,low,0,1,189_956,4
E0163612_2,agricultural_burning,low,0,1,189_805,2
E0163618_2,agricultural_burning,low,0,1,189_806,1
E0163623_1,agricultural_burning,low,0,1,189_806,1
E0163689_2,agricultural_burning,low,0,1,189_827,3
E0163693_3,agricultural_burning,low,0,1,189_827,3
E0163708_2,agricultural_burning,low,0,1,189_831,2
E0163720_2,agricultural_burning,low,0,1,189_833,2
E0163750_2,agricultural_burning,low,0,1,189_938,0
E0163768_1,agricultural_burning,low,0,1,189_947,2
E0163791_2,agricultural_burning,low,0,1,189_949,1
E0163816_2,agricultural_burning,low,0,1,189_953,4
E0163834_2,agricultural_burning,low,0,1,189_955,2
E0163841_1,agricultural_burning,low,0,1,189_956,4
E0164072_1,agricultural_burning,low,0,1,189_792,0
E0164075_1,agricultural_burning,low,0,1,189_792,0
E0164099_2,agricultural_burning,low,0,1,189_800,1
E0164102_1,agricultural_burning,low,0,1,189_800,1
E0164103_2,agricultural_burning,low,0,1,189_800,1
E0164121_1,agricultural_burning,low,0,1,189_803,2
E0164146_1,agricultural_burning,low,0,1,189_806,1
E0164170_1,agricultural_burning,low,0,1,189_811,4
E0164223_1,agricultural_burning,low,0,1,189_827,3
E0164283_2,agricultural_burning,low,0,1,189_938,0
E0164300_2,agricultural_burning,low,0,1,189_947,2
E0164322_1,agricultural_burning,low,0,1,189_949,1
E0164324_1,agricultural_burning,low,0,1,189_950,3
E0164368_2,agricultural_burning,low,0,1,189_955,2
E0164393_1,agricultural_burning,low,0,1,189_958,1
E0164415_1,agricultural_burning,low,0,1,189_962,2
E0164426_3,agricultural_burning,low,0,1,190_717,4
E0164474_1,industrial_fire,low,0,1,189_745,1
E0164590_1,agricultural_burning,low,0,1,189_792,0
E0164614_1,agricultural_burning,low,0,1,189_800,1
E0164645_2,agricultural_burning,low,0,1,189_804,3
E0164656_1,agricultural_burning,low,0,1,189_805,2
E0164660_1,agricultural_burning,low,0,1,189_805,2
E0164664_2,agricultural_burning,low,0,1,190_806,3
E0164669_1,agricultural_burning,low,0,1,190_806,3
E0164674_1,agricultural_burning,low,0,1,190_807,2
E0164678_1,agricultural_burning,low,0,1,189_808,3
E0164740_1,agricultural_burning,low,0,1,189_827,3
E0164757_1,agricultural_burning,low,0,1,189_831,2
E0164822_1,agricultural_burning,low,0,1,189_947,2
E0164825_4,agricultural_burning,low,0,1,190_947,3
E0164864_1,agricultural_burning,low,0,1,190_952,4
E0164880_1,agricultural_burning,low,0,1,189_955,2
E0164881_2,agricultural_burning,low,0,1,190_955,4
E0164886_2,agricultural_burning,low,0,1,190_955,4
E0164890_3,agricultural_burning,low,0,1,189_956,4
E0164900_1,agricultural_burning,low,0,1,190_957,0
E0164902_1,agricultural_burning,low,0,1,190_957,0
E0164932_1,agricultural_burning,low,0,1,190_962,1
E0165072_1,agricultural_burning,low,0,1,190_781,0
E0165093_1,agricultural_burning,low,0,1,190_786,4
E0165102_3,agricultural_burning,low,0,1,190_787,0
E0165123_1,agricultural_burning,low,0,1,190_792,4
E0165174_2,agricultural_burning,low,0,1,190_803,3
E0165194_2,agricultural_burning,low,0,1,190_805,1
E0165195_1,agricultural_burning,low,0,1,190_805,1
E0165197_1,agricultural_burning,low,0,1,190_805,1
E0165200_2,agricultural_burning,low,0,1,190_805,1
E0165282_2,agricultural_burning,low,0,1,190_831,4
E0165284_1,agricultural_burning,low,0,1,190_831,4
E0165366_2,agricultural_burning,low,0,1,190_948,3
E0165367_3,agricultural_burning,low,0,1,190_948,3
E0165391_1,agricultural_burning,low,0,1,190_952,4
E0165410_2,agricultural_burning,low,0,1,190_955,4
E0165414_3,agricultural_burning,low,0,1,190_956,1
E0165417_3,agricultural_burning,low,0,1,190_956,1
E0165441_1,agricultural_burning,low,0,1,190_958,3
E0165453_1,agricultural_burning,low,0,1,190_961,0
E0165459_1,agricultural_burning,low,0,1,190_961,0
E0165462_1,agricultural_burning,low,0,1,190_962,1
E0165484_2,industrial_fire,medium,1,1,190_728,0
E0165500_2,agricultural_burning,low,0,1,190_732,2
E0165667_1,agricultural_burning,low,0,1,190_792,4
E0165692_1,agricultural_burning,low,0,1,190_800,1
E0165702_1,agricultural_burning,low,0,1,190_801,3
E0165734_2,agricultural_burning,low,0,1,190_805,1
E0165735_2,agricultural_burning,low,0,1,190_805,1
E0165737_2,agricultural_burning,low,0,1,190_805,1
E0165739_1,agricultural_burning,low,0,1,190_805,1
E0165740_3,agricultural_burning,low,0,1,190_805,1
E0165741_2,agricultural_burning,low,0,1,190_805,1
E0165742_1,agricultural_burning,low,0,1,190_805,1
E0165742_2,agricultural_burning,low,0,1,190_805,1
E0165748_1,agricultural_burning,low,0,1,190_806,3
E0165804_2,agricultural_burning,low,0,1,190_827,4
E0165805_2,agricultural_burning,low,0,1,190_828,4
E0165863_2,agricultural_burning,low,0,1,190_940,2
E0165895_2,agricultural_burning,low,0,1,190_948,3
E0165904_4,agricultural_burning,low,0,1,190_950,4
E0165914_1,agricultural_burning,low,0,1,190_951,4
E0165921_2,agricultural_burning,low,0,1,190_952,4
E0165939_3,agricultural_burning,low,0,1,190_954,3
E0165948_1,agricultural_burning,low,0,1,190_955,4
E0165956_2,agricultural_burning,low,0,1,190_956,1
E0165991_2,agricultural_burning,low,0,1,190_961,0
E0166193_1,agricultural_burning,low,0,1,190_792,4
E0166218_2,agricultural_burning,low,0,1,190_801,3
E0166219_2,agricultural_burning,low,0,1,190_801,3
E0166221_1,agricultural_burning,low,0,1,190_801,3
E0166222_1,agricultural_burning,low,0,1,190_801,3
E0166240_2,agricultural_burning,low,0,1,190_803,3
E0166242_2,agricultural_burning,low,0,1,190_803,3
E0166259_2,agricultural_burning,low,0,1,190_805,1
E0166260_2,agricultural_burning,low,0,1,190_805,1
E0166293_1,agricultural_burning,low,0,1,190_820,2
E0166294_1,agricultural_burning,low,0,1,190_820,2
E0166329_1,agricultural_burning,low,0,1,190_828,4
E0166346_1,agricultural_burning,low,0,1,190_832,3
E0166445_1,agricultural_burning,low,0,1,190_950,4
E0166478_1,agricultural_burning,low,0,1,190_955,4
E0166486_1,agricultural_burning,low,0,1,190_955,4
E0166516_1,agricultural_burning,low,0,1,190_959,1
E0166520_1,agricultural_burning,low,0,1,190_960,4
E0166756_1,agricultural_burning,low,0,1,190_800,1
E0166778_1,agricultural_burning,low,0,1,190_803,3
E0166779_1,agricultural_burning,low,0,1,190_803,3
E0166785_2,agricultural_burning,low,0,1,190_804,3
E0166804_2,agricultural_burning,low,0,1,190_806,3
E0166848_2,agricultural_burning,low,0,1,190_822,4
E0166904_2,agricultural_burning,low,0,1,190_843,1
E0166915_2,agricultural_burning,low,0,1,190_937,1
E0166917_1,agricultural_burning,low,0,1,190_938,2
E0166936_2,agricultural_burning,low,0,1,190_941,1
E0166939_3,agricultural_burning,low,0,1,190_941,1
E0166996_1,agricultural_burning,low,0,1,190_952,4
E0167015_1,agricultural_burning,low,0,1,190_955,4
E0167034_3,agricultural_burning,low,0,1,190_957,0
E0167047_1,agricultural_burning,low,0,1,190_959,1
E0167116_1,agricultural_burning,low,0,1,190_734,3
E0167285_2,agricultural_burning,low,0,1,190_799,4
E0167305_1,agricultural_burning,low,0,1,190_802,4
E0167330_2,agricultural_burning,low,0,1,190_805,1
E0167331_2,agricultural_burning,low,0,1,190_805,1
E0167333_2,agricultural_burning,low,0,1,190_805,1
E0167338_1,agricultural_burning,low,0,1,190_806,3
E0167412_1,agricultural_burning,low,0,1,190_827,4
E0167462_1,agricultural_burning,low,0,1,190_844,3
E0167486_2,agricultural_burning,low,0,1,190_940,2
E0167528_1,agricultural_burning,low,0,1,190_949,4
E0167530_1,agricultural_burning,low,0,1,190_949,4
E0167533_1,agricultural_burning,low,0,1,190_949,4
E0167560_2,agricultural_burning,low,0,1,190_954,3
E0167565_2,agricultural_burning,low,0,1,190_954,3
E0167587_1,agricultural_burning,low,0,1,190_957,0
E0167589_1,agricultural_burning,low,0,1,190_957,0
E0167590_4,agricultural_burning,low,0,1,190_957,0
E0167807_1,agricultural_burning,low,0,1,190_785,3
E0167808_1,agricultural_burning,low,0,1,190_786,4
E0167838_1,agricultural_burning,low,0,1,190_791,3
E0167845_1,agricultural_burning,low,0,1,190_792,4
E0167846_2,agricultural_burning,low,0,1,190_792,4
E0167867_3,agricultural_burning,low,0,1,190_801,3
E0167889_1,agricultural_burning,low,0,1,190_803,3
E0167902_1,agricultural_burning,low,0,1,190_805,1
E0167905_1,agricultural_burning,low,0,1,190_805,1
E0167905_2,agricultural_burning,low,0,1,190_805,1
E0167908_3,agricultural_burning,low,0,1,190_805,1
E0167916_1,agricultural_burning,low,0,1,190_806,3
E0167982_1,agricultural_burning,low,0,1,190_827,4
E0167984_1,agricultural_burning,low,0,1,190_827,4
E0167987_2,agricultural_burning,low,0,1,190_827,4
E0168007_1,agricultural_burning,low,0,1,190_832,3
E0168009_1,agricultural_burning,low,0,1,190_832,3
E0168016_1,agricultural_burning,low,0,1,190_833,3
E0168071_3,agricultural_burning,low,0,1,190_941,1
E0168152_2,agricultural_burning,low,0,1,190_955,4
E0168156_1,agricultural_burning,low,0,1,190_956,1
E0168160_1,agricultural_burning,low,0,1,190_956,1
E0168195_1,agricultural_burning,low,0,1,190_960,4
E0168196_1,agricultural_burning,low,0,1,190_961,0
E0168201_1,agricultural_burning,low,0,1,190_961,0
E0168206_2,agricultural_burning,low,0,1,190_962,1
E0168332_1,agricultural_burning,low,0,1,190_770,2
E0168429_2,agricultural_burning,low,0,1,190_799,4
E0168434_1,agricultural_burning,low,0,1,190_800,1
E0168447_2,agricultural_burning,low,0,1,190_802,4
E0168455_2,agricultural_burning,low,0,1,190_803,3
E0168460_1,agricultural_burning,low,0,1,190_803,3
E0168483_1,agricultural_burning,low,0,1,190_806,3
E0168592_2,agricultural_burning,low,0,1,190_843,1
E0168593_2,agricultural_burning,low,0,1,190_843,1
E0168636_2,agricultural_burning,low,0,1,190_946,2
E0168637_2,agricultural_burning,low,0,1,190_946,2
E0168662_1,agricultural_burning,low,0,1,190_950,4
E0168683_2,agricultural_burning,low,0,1,190_954,3
E0168690_1,agricultural_burning,low,0,1,190_955,4
E0168719_1,agricultural_burning,low,0,1,190_958,3
E0168722_1,agricultural_burning,low,0,1,190_959,1
E0168785_2,agricultural_burning,low,0,1,190_731,1
E0168797_1,agricultural_burning,low,0,1,190_733,3
E0168812_2,agricultural_burning,low,0,1,190_736,3
E0168845_2,industrial_fire,low,0,1,190_748,0
E0168859_1,agricultural_burning,low,0,1,190_754,0
E0168932_1,agricultural_burning,low,0,1,190_786,4
E0168959_1,agricultural_burning,low,0,1,190_791,3
E0168961_2,agricultural_burning,low,0,1,190_791,3
E0168977_1,agricultural_burning,low,0,1,190_799,4
E0168998_1,agricultural_burning,low,0,1,190_803,3
E0169000_2,agricultural_burning,low,0,1,190_803,3
E0169004_1,agricultural_burning,low,0,1,190_803,3
E0169009_1,agricultural_burning,low,0,1,190_804,3
E0169111_2,agricultural_burning,low,0,1,190_833,3
E0169164_2,agricultural_burning,low,0,1,190_940,2
E0169177_1,agricultural_burning,low,0,1,190_946,2
E0169195_2,agricultural_burning,low,0,1,190_948,3
E0169204_1,agricultural_burning,low,0,1,190_950,4
E0169258_1,agricultural_burning,low,0,1,190_958,3
E0169260_1,agricultural_burning,low,0,1,190_958,3
E0169281_1,agricultural_burning,low,0,1,190_962,1
E0169445_1,industrial_fire,low,0,1,190_779,4
E0169496_1,agricultural_burning,low,0,1,190_792,4
E0169515_1,agricultural_burning,low,0,1,190_800,1
E0169516_1,agricultural_burning,low,0,1,190_800,1
E0169532_1,agricultural_burning,low,0,1,190_802,4
E0169547_1,agricultural_burning,low,0,1,190_804,3
E0169568_2,agricultural_burning,low,0,1,190_807,2
E0169605_4,industrial_fire,low,0,1,190_821,3
E0169631_1,agricultural_burning,low,0,1,190_827,4
E0169632_1,agricultural_burning,low,0,1,190_827,4
E0169637_1,agricultural_burning,low,0,1,190_828,4
E0169703_1,agricultural_burning,low,0,1,190_940,2
E0169739_2,agricultural_burning,low,0,1,190_948,3
E0169807_1,agricultural_burning,low,0,1,190_958,3
E0169863_1,agricultural_burning,low,0,1,190_965,1
E0170051_2,agricultural_burning,low,0,1,191_786,3
E0170077_2,agricultural_burning,low,0,1,191_791,1
E0170108_2,agricultural_burning,low,0,1,190_799,4
E0170145_2,agricultural_burning,low,0,1,191_804,1
E0170152_1,agricultural_burning,low,0,1,191_805,2
E0170153_1,agricultural_burning,low,0,1,191_805,2
E0170168_1,agricultural_burning,low,0,1,190_807,2
E0170233_1,agricultural_burning,low,0,1,191_832,0
E0170313_2,agricultural_burning,low,0,1,190_941,1
E0170319_2,agricultural_burning,low,0,1,190_946,2
E0170327_1,agricultural_burning,low,0,1,190_947,3
E0170380_1,agricultural_burning,low,0,1,191_955,2
E0170392_2,agricultural_burning,low,0,1,190_956,1
E0170408_1,agricultural_burning,low,0,1,191_958,1
E0170411_2,agricultural_burning,low,0,1,191_959,4
E0170432_2,agricultural_burning,low,0,1,190_961,0
E0170456_2,agricultural_burning,low,0,1,191_965,3
E0170637_2,agricultural_burning,low,0,1,191_785,1
E0170649_1,agricultural_burning,low,0,1,191_786,3
E0170696_2,agricultural_burning,low,0,1,191_799,0
E0170705_2,agricultural_burning,low,0,1,191_800,0
E0170717_1,agricultural_burning,low,0,1,191_802,1
E0170837_1,agricultural_burning,low,0,1,191_831,0
E0170980_1,agricultural_burning,low,0,1,191_955,2
E0171011_2,agricultural_burning,low,0,1,191_958,1
E0171015_1,agricultural_burning,low,0,1,191_959,4
E0171092_1,agricultural_burning,low,0,1,191_733,4
E0171216_1,agricultural_burning,low,0,1,191_785,1
E0171241_2,agricultural_burning,low,0,1,191_788,1
E0171242_3,agricultural_burning,low,0,1,191_788,1
E0171255_2,agricultural_burning,low,0,1,191_791,1
E0171276_1,agricultural_burning,low,0,1,191_799,0
E0171284_1,agricultural_burning,low,0,1,191_800,0
E0171296_1,agricultural_burning,low,0,1,191_801,4
E0171300_2,agricultural_burning,low,0,1,191_801,4
E0171336_1,agricultural_burning,low,0,1,191_806,1
E0171406_2,agricultural_burning,low,0,1,191_828,1
E0171407_2,agricultural_burning,low,0,1,191_828,1
E0171411_1,agricultural_burning,low,0,1,191_828,1
E0171561_1,agricultural_burning,low,0,1,191_954,4
E0171588_3,agricultural_burning,low,0,1,191_957,2
E0171609_1,agricultural_burning,low,0,1,191_959,4
E0171705_1,agricultural_burning,low,0,1,191_738,1
E0171836_1,agricultural_burning,low,0,1,191_785,1
E0171854_3,agricultural_burning,low,0,1,191_788,1
E0171903_1,agricultural_burning,low,0,1,191_799,0
E0171904_1,agricultural_burning,low,0,1,191_799,0
E0171937_1,agricultural_burning,low,0,1,191_803,0
E0171949_1,agricultural_burning,low,0,1,191_805,2
E0171950_1,agricultural_burning,low,0,1,191_805,2
E0171959_2,agricultural_burning,low,0,1,191_806,1
E0172103_1,agricultural_burning,low,0,1,191_942,0
E0172108_2,agricultural_burning,low,0,1,191_946,1
E0172122_3,agricultural_burning,low,0,1,191_948,2
E0172125_1,agricultural_burning,low,0,1,191_948,2
E0172136_1,agricultural_burning,low,0,1,191_949,2
E0172136_2,agricultural_burning,low,0,1,191_949,2
E0172173_2,agricultural_burning,low,0,1,191_954,4
E0172177_1,agricultural_burning,low,0,1,191_955,2
E0172224_1,agricultural_burning,low,0,1,191_960,2
E0172225_2,agricultural_burning,low,0,1,191_960,2
E0172234_1,agricultural_burning,low,0,1,191_961,1
E0172270_1,agricultural_burning,low,0,1,191_710,2
E0172292_1,agricultural_burning,low,0,1,191_733,4
E0172468_1,agricultural_burning,low,0,1,191_789,3
E0172488_1,agricultural_burning,low,0,1,191_791,1
E0172528_1,agricultural_burning,low,0,1,191_801,4
E0172557_1,agricultural_burning,low,0,1,191_804,1
E0172562_2,agricultural_burning,low,0,1,191_804,1
E0172573_1,agricultural_burning,low,0,1,191_805,2
E0172601_1,agricultural_burning,low,0,1,191_811,4
E0172607_1,agricultural_burning,low,0,1,191_814,1
E0172644_1,agricultural_burning,low,0,1,191_828,1
E0172760_2,agricultural_burning,low,0,1,191_949,2
E0172761_1,agricultural_burning,low,0,1,191_949,2
E0172789_2,agricultural_burning,low,0,1,191_954,4
E0172851_2,agricultural_burning,low,0,1,191_962,4
E0172896_1,industrial_fire,low,0,1,191_728,4
E0172932_1,agricultural_burning,low,0,1,191_735,4
E0173058_1,agricultural_burning,low,0,1,191_785,1
E0173079_1,agricultural_burning,low,0,1,191_788,1
E0173106_2,agricultural_burning,low,0,1,191_791,1
E0173107_2,agricultural_burning,low,0,1,191_791,1
E0173136_1,agricultural_burning,low,0,1,191_799,0
E0173147_2,agricultural_burning,low,0,1,191_801,4
E0173167_2,agricultural_burning,low,0,1,191_803,0
E0173184_1,agricultural_burning,low,0,1,191_805,2
E0173188_1,agricultural_burning,low,0,1,191_805,2
E0173190_1,agricultural_burning,low,0,1,191_805,2
E0173225_1,agricultural_burning,low,0,1,191_810,2
E0173231_1,agricultural_burning,low,0,1,191_811,4
E0173247_1,agricultural_burning,low,0,1,191_815,4
E0173373_3,agricultural_burning,low,0,1,191_946,1
E0173437_3,agricultural_burning,low,0,1,191_954,4
E0173445_3,agricultural_burning,low,0,1,191_955,2
E0173459_4,agricultural_burning,low,0,1,191_957,2
E0173462_4,agricultural_burning,low,0,1,191_957,2
E0173485_2,agricultural_burning,low,0,1,191_961,1
E0173641_1,agricultural_burning,low,0,1,191_779,1
E0173661_2,agricultural_burning,low,0,1,191_784,2
E0173667_3,agricultural_burning,low,0,1,191_784,2
E0173670_2,agricultural_burning,low,0,1,191_785,1
E0173672_1,agricultural_burning,low,0,1,191_785,1
E0173681_1,agricultural_burning,low,0,1,191_786,3
E0173744_2,agricultural_burning,low,0,1,191_799,0
E0173774_2,agricultural_burning,low,0,1,191_802,1
E0173793_1,agricultural_burning,low,0,1,191_805,2
E0173794_1,agricultural_burning,low,0,1,191_805,2
E0173796_1,agricultural_burning,low,0,1,191_805,2
E0173811_1,agricultural_burning,low,0,1,191_807,1
E0173824_1,agricultural_burning,low,0,1,191_808,1
E0173827_1,agricultural_burning,low,0,1,191_809,3
E0173838_1,agricultural_burning,low,0,1,191_810,2
E0173846_1,agricultural_burning,low,0,1,191_811,4
E0173961_1,agricultural_burning,low,0,1,191_938,4
E0173989_1,agricultural_burning,low,0,1,191_946,1
E0174017_1,agricultural_burning,low,0,1,191_949,2
E0174027_3,agricultural_burning,low,0,1,191_951,3
E0174029_1,agricultural_burning,low,0,1,191_951,3
E0174035_1,agricultural_burning,low,0,1,191_952,3
E0174044_2,agricultural_burning,low,0,1,191_953,3
E0174077_1,agricultural_burning,low,0,1,191_957,2
E0174077_3,agricultural_burning,low,0,1,191_957,2
E0174079_1,agricultural_burning,low,0,1,191_957,2
E0174105_2,agricultural_burning,low,0,1,191_960,2
E0174123_1,agricultural_burning,low,0,1,191_964,3
E0174309_2,agricultural_burning,low,0,1,191_785,1
E0174312_2,agricultural_burning,low,0,1,191_785,1
E0174331_1,agricultural_burning,low,0,1,191_788,1
E0174334_2,agricultural_burning,low,0,1,191_788,1
E0174351_2,agricultural_burning,low,0,1,191_790,1
E0174358_1,agricultural_burning,low,0,1,191_791,1
E0174384_1,agricultural_burning,low,0,1,191_799,0
E0174385_2,agricultural_burning,low,0,1,191_800,0
E0174430_1,agricultural_burning,low,0,1,191_805,2
E0174448_1,agricultural_burning,low,0,1,191_808,1
E0174451_1,agricultural_burning,low,0,1,191_809,3
E0174576_1,agricultural_burning,low,0,1,191_937,4
E0174619_4,agricultural_burning,low,0,1,191_947,3
E0174622_3,agricultural_burning,low,0,1,191_947,3
E0174705_1,agricultural_burning,low,0,1,191_957,2
E0174709_1,agricultural_burning,low,0,1,191_957,2
E0174731_2,agricultural_burning,low,0,1,191_960,2
E0174734_1,agricultural_burning,low,0,1,191_961,1
E0174752_1,agricultural_burning,low,0,1,191_964,3
E0174752_2,agricultural_burning,low,0,1,191_964,3
E0174786_1,agricultural_burning,low,0,1,191_709,1
E0174962_1,agricultural_burning,low,0,1,191_788,1
E0174986_1,agricultural_burning,low,0,1,191_791,1
E0175015_1,agricultural_burning,low,0,1,191_800,0
E0175022_2,agricultural_burning,low,0,1,191_800,0
E0175023_2,agricultural_burning,low,0,1,191_800,0
E0175084_1,agricultural_burning,low,0,1,191_808,1
E0175093_1,agricultural_burning,low,0,1,191_809,3
E0175105_2,agricultural_burning,low,0,1,191_811,4
E0175195_1,agricultural_burning,low,0,1,191_841,1
E0175201_1,agricultural_burning,low,0,1,191_843,0
E0175256_3,agricultural_burning,low,0,1,191_946,1
E0175261_1,agricultural_burning,low,0,1,191_946,1
E0175271_2,agricultural_burning,low,0,1,191_947,3
E0175284_1,agricultural_burning,low,0,1,191_949,2
E0175313_1,agricultural_burning,low,0,1,191_953,3
E0175333_2,agricultural_burning,low,0,1,191_955,2
E0175352_1,agricultural_burning,low,0,1,191_957,2
E0175357_2,agricultural_burning,low,0,1,191_958,1
E0175394_2,agricultural_burning,low,0,1,191_964,3
E0175394_3,agricultural_burning,low,0,1,191_964,3
E0175559_1,agricultural_burning,low,0,1,191_784,2
E0175565_1,agricultural_burning,low,0,1,191_785,1
E0175578_2,agricultural_burning,low,0,1,191_787,0
E0175639_1,agricultural_burning,low,0,1,191_799,0
E0175690_1,agricultural_burning,low,0,1,191_806,1
E0175708_1,agricultural_burning,low,0,1,191_808,1
E0175709_2,agricultural_burning,low,0,1,191_809,3
E0175711_2,agricultural_burning,low,0,1,191_809,3
E0175729_1,agricultural_burning,low,0,1,191_811,4
E0175735_2,agricultural_burning,medium,1,1,191_812,1
E0175785_1,agricultural_burning,low,0,1,191_829,3
E0175800_1,agricultural_burning,low,0,1,191_832,0
E0175806_1,agricultural_burning,low,0,1,191_833,2
E0175889_1,agricultural_burning,low,0,1,191_946,1
E0175936_1,agricultural_burning,low,0,1,191_952,3
E0175939_2,agricultural_burning,low,0,1,191_953,3
E0175966_2,agricultural_burning,low,0,1,191_955,2
E0176090_1,agricultural_burning,low,0,1,192_736,4
E0176208_2,agricultural_burning,low,0,1,191_785,1
E0176225_1,agricultural_burning,low,0,1,192_788,4
E0176284_1,agricultural_burning,low,0,1,192_799,3
E0176289_2,agricultural_burning,low,0,1,192_800,3
E0176291_1,agricultural_burning,low,0,1,191_800,0
E0176292_2,agricultural_burning,low,0,1,192_800,3
E0176295_1,agricultural_burning,low,0,1,191_801,4
E0176326_1,agricultural_burning,low,0,1,191_805,2
E0176334_2,agricultural_burning,low,0,1,192_805,2
E0176341_1,agricultural_burning,low,0,1,192_807,1
E0176351_1,agricultural_burning,low,0,1,191_808,1
E0176353_1,agricultural_burning,low,0,1,191_808,1
E0176356_2,agricultural_burning,low,0,1,191_809,3
E0176368_1,agricultural_burning,low,0,1,192_810,3
E0176369_1,agricultural_burning,low,0,1,191_810,2
E0176373_1,agricultural_burning,low,0,1,191_811,4
E0176377_3,agricultural_burning,low,0,1,192_811,0
E0176381_2,agricultural_burning,low,0,1,191_812,1
E0176449_1,agricultural_burning,low,0,1,192_833,3
E0176475_1,agricultural_burning,low,0,1,192_841,1
E0176538_2,agricultural_burning,low,0,1,191_947,3
E0176599_3,agricultural_burning,low,0,1,192_954,3
E0176603_1,agricultural_burning,low,0,1,192_954,3
E0176614_1,agricultural_burning,low,0,1,191_956,0
E0176648_3,agricultural_burning,low,0,1,192_961,4
E0176651_2,agricultural_burning,low,0,1,191_961,1
E0176660_1,agricultural_burning,low,0,1,191_963,0
E0176836_1,agricultural_burning,low,0,1,192_785,1
E0176858_1,agricultural_burning,low,0,1,192_788,4
E0176882_1,agricultural_burning,low,0,1,192_790,2
E0176926_1,agricultural_burning,low,0,1,192_802,2
E0176928_2,agricultural_burning,low,0,1,192_802,2
E0176931_1,agricultural_burning,low,0,1,192_802,2
E0176931_2,agricultural_burning,low,0,1,192_802,2
E0176932_2,agricultural_burning,low,0,1,192_803,0
E0176934_2,agricultural_burning,low,0,1,192_803,0
E0176936_3,agricultural_burning,low,0,1,192_803,0
E0176945_2,agricultural_burning,low,0,1,192_804,3
E0176947_2,agricultural_burning,low,0,1,192_804,3
E0176949_1,agricultural_burning,low,0,1,192_804,3
E0176955_1,agricultural_burning,low,0,1,192_805,2
E0176963_2,agricultural_burning,low,0,1,192_806,2
E0176964_2,agricultural_burning,low,0,1,192_806,2
E0176977_1,agricultural_burning,low,0,1,192_808,0
E0176979_1,agricultural_burning,low,0,1,192_808,0
E0177047_1,agricultural_burning,low,0,1,192_828,3
E0177049_1,agricultural_burning,low,0,1,192_829,1
E0177049_2,agricultural_burning,low,0,1,192_829,1
E0177093_1,agricultural_burning,low,0,1,192_841,1
E0177097_1,agricultural_burning,low,0,1,192_841,1
E0177121_1,agricultural_burning,low,0,1,192_937,3
E0177143_1,agricultural_burning,low,0,1,192_945,1
E0177149_1,agricultural_burning,low,0,1,192_946,1
E0177162_1,agricultural_burning,low,0,1,192_947,3
E0177168_5,agricultural_burning,low,0,1,192_948,2
E0177199_2,agricultural_burning,low,0,1,192_952,3
E0177207_1,agricultural_burning,low,0,1,192_953,0
E0177219_1,agricultural_burning,low,0,1,192_954,3
E0177243_2,agricultural_burning,low,0,1,192_957,4
E0177270_2,agricultural_burning,low,0,1,192_960,2
E0177300_1,agricultural_burning,low,0,1,192_967,2
E0177349_1,agricultural_burning,low,0,1,192_735,3
E0177465_1,agricultural_burning,low,0,1,192_783,0
E0177476_1,agricultural_burning,low,0,1,192_784,1
E0177493_2,agricultural_burning,low,0,1,192_786,4
E0177494_2,agricultural_burning,low,0,1,192_786,4
E0177501_2,agricultural_burning,low,0,1,192_787,4
E0177502_1,agricultural_burning,low,0,1,192_787,4
E0177503_1,agricultural_burning,low,0,1,192_787,4
E0177504_1,agricultural_burning,low,0,1,192_787,4
E0177506_1,agricultural_burning,low,0,1,192_788,4
E0177510_2,agricultural_burning,low,0,1,192_788,4
E0177522_1,agricultural_burning,low,0,1,192_789,0
E0177563_1,agricultural_burning,low,0,1,192_800,3
E0177586_2,agricultural_burning,low,0,1,192_803,0
E0177587_2,agricultural_burning,low,0,1,192_804,3
E0177594_3,agricultural_burning,low,0,1,192_804,3
E0177598_2,agricultural_burning,low,0,1,192_805,2
E0177607_2,agricultural_burning,low,0,1,192_806,2
E0177625_1,agricultural_burning,low,0,1,192_808,0
E0177719_1,agricultural_burning,low,0,1,192_832,2
E0177741_1,agricultural_burning,low,0,1,192_836,0
E0177753_1,agricultural_burning,low,0,1,192_841,1
E0177815_2,agricultural_burning,low,0,1,192_947,3
E0177845_1,agricultural_burning,low,0,1,192_951,4
E0177846_3,agricultural_burning,low,0,1,192_951,4
E0177873_1,agricultural_burning,low,0,1,192_954,3
E0177891_1,agricultural_burning,low,0,1,192_956,4
E0177899_1,agricultural_burning,low,0,1,192_957,4
E0177900_1,agricultural_burning,low,0,1,192_958,4
E0177955_2,agricultural_burning,low,0,1,192_969,2
E0177967_1,agricultural_burning,low,0,1,192_730,3
E0177980_1,agricultural_burning,low,0,1,192_733,3
E0177985_1,agricultural_burning,low,0,1,192_734,2
E0178035_1,industrial_fire,low,0,1,192_756,0
E0178113_2,agricultural_burning,low,0,1,192_783,0
E0178115_2,agricultural_burning,low,0,1,192_783,0
E0178130_1,agricultural_burning,low,0,1,192_785,1
E0178138_1,agricultural_burning,low,0,1,192_786,4
E0178140_1,agricultural_burning,low,0,1,192_786,4
E0178161_1,agricultural_burning,low,0,1,192_789,0
E0178163_2,agricultural_burning,low,0,1,192_789,0
E0178178_1,agricultural_burning,low,0,1,192_791,4
E0178189_1,agricultural_burning,low,0,1,192_798,0
E0178199_1,agricultural_burning,low,0,1,192_800,3
E0178202_1,agricultural_burning,low,0,1,192_800,3
E0178217_1,agricultural_burning,low,0,1,192_803,0
E0178227_1,agricultural_burning,low,0,1,192_804,3
E0178232_1,agricultural_burning,low,0,1,192_805,2
E0178243_1,agricultural_burning,low,0,1,192_806,2
E0178256_1,agricultural_burning,low,0,1,192_808,0
E0178257_1,agricultural_burning,low,0,1,192_808,0
E0178258_1,agricultural_burning,low,0,1,192_808,0
E0178261_1,agricultural_burning,low,0,1,192_808,0
E0178263_1,agricultural_burning,low,0,1,192_808,0
E0178276_1,agricultural_burning,low,0,1,192_810,3
E0178277_1,agricultural_burning,low,0,1,192_811,0
E0178282_3,agricultural_burning,low,0,1,192_811,0
E0178343_1,agricultural_burning,low,0,1,192_828,3
E0178398_1,agricultural_burning,low,0,1,192_841,1
E0178443_3,agricultural_burning,low,0,1,192_945,1
E0178448_1,agricultural_burning,low,0,1,192_946,1
E0178451_1,agricultural_burning,low,0,1,192_946,1
E0178461_1,agricultural_burning,low,0,1,192_947,3
E0178512_1,agricultural_burning,low,0,1,192_953,0
E0178513_1,agricultural_burning,low,0,1,192_953,0
E0178513_2,agricultural_burning,low,0,1,192_953,0
E0178522_2,agricultural_burning,low,0,1,192_954,3
E0178614_1,agricultural_burning,low,0,1,192_969,2
E0178636_2,agricultural_burning,low,0,1,192_732,3
E0178775_1,agricultural_burning,low,0,1,192_783,0
E0178799_2,agricultural_burning,low,0,1,192_786,4
E0178827_1,agricultural_burning,low,0,1,192_790,2
E0178880_1,agricultural_burning,low,0,1,192_804,3
E0178896_1,agricultural_burning,low,0,1,192_806,2
E0178900_1,agricultural_burning,low,0,1,192_806,2
E0178909_2,agricultural_burning,low,0,1,192_808,0
E0178910_2,agricultural_burning,low,0,1,192_808,0
E0178915_1,agricultural_burning,low,0,1,192_808,0
E0178917_1,agricultural_burning,low,0,1,192_809,1
E0178922_1,agricultural_burning,low,0,1,192_809,1
E0178925_1,agricultural_burning,low,0,1,192_809,1
E0178941_1,agricultural_burning,low,0,1,192_811,0
E0178942_5,agricultural_burning,low,0,1,192_811,0
E0178949_1,agricultural_burning,low,0,1,192_812,2
E0178952_1,agricultural_burning,low,0,1,192_812,2
E0178996_2,agricultural_burning,low,0,1,192_828,3
E0178998_1,agricultural_burning,low,0,1,192_828,3
E0179007_1,agricultural_burning,low,0,1,192_831,3
E0179019_1,agricultural_burning,low,0,1,192_833,3
E0179042_2,agricultural_burning,low,0,1,192_840,2
E0179097_1,agricultural_burning,low,0,1,192_945,1
E0179098_3,agricultural_burning,low,0,1,192_945,1
E0179103_3,agricultural_burning,low,0,1,192_946,1
E0179152_1,agricultural_burning,low,0,1,192_952,3
E0179171_1,agricultural_burning,low,0,1,192_954,3
E0179206_2,agricultural_burning,low,0,1,192_960,2
E0179251_1,agricultural_burning,low,0,1,192_969,2
E0179405_1,agricultural_burning,low,0,1,192_782,1
E0179406_1,agricultural_burning,low,0,1,192_783,0
E0179448_2,agricultural_burning,low,0,1,192_788,4
E0179454_2,agricultural_burning,low,0,1,192_789,0
E0179482_1,agricultural_burning,low,0,1,192_798,0
E0179494_2,agricultural_burning,low,0,1,192_802,2
E0179508_1,agricultural_burning,low,0,1,192_804,3
E0179515_2,agricultural_burning,low,0,1,192_804,3
E0179518_1,agricultural_burning,low,0,1,192_805,2
E0179519_1,agricultural_burning,low,0,1,192_805,2
E0179528_1,agricultural_burning,low,0,1,192_806,2
E0179532_2,agricultural_burning,low,0,1,192_806,2
E0179539_3,agricultural_burning,low,0,1,192_808,0
E0179550_1,agricultural_burning,low,0,1,192_809,1
E0179556_1,agricultural_burning,low,0,1,192_809,1
E0179557_2,agricultural_burning,low,0,1,192_809,1
E0179562_1,agricultural_burning,low,0,1,192_810,3
E0179563_1,agricultural_burning,low,0,1,192_810,3
E0179564_1,agricultural_burning,low,0,1,192_810,3
E0179572_2,agricultural_burning,low,0,1,192_811,0
E0179573_1,agricultural_burning,low,0,1,192_811,0
E0179578_2,agricultural_burning,low,0,1,192_812,2
E0179589_1,agricultural_burning,low,0,1,192_813,0
E0179627_1,agricultural_burning,low,0,1,192_828,3
E0179644_1,agricultural_burning,low,0,1,192_832,2
E0179689_2,agricultural_burning,low,0,1,192_843,2
E0179719_1,agricultural_burning,low,0,1,192_945,1
E0179720_1,agricultural_burning,low,0,1,192_945,1
E0179721_1,agricultural_burning,low,0,1,192_945,1
E0179724_1,agricultural_burning,low,0,1,192_946,1
E0179757_1,agricultural_burning,low,0,1,192_949,4
E0179776_5,agricultural_burning,low,0,1,192_952,3
E0179784_2,agricultural_burning,low,0,1,192_953,0
E0179869_2,agricultural_burning,low,0,1,192_969,2
E0180081_1,agricultural_burning,low,0,1,192_790,2
E0180089_1,agricultural_burning,low,0,1,192_793,4
E0180107_1,agricultural_burning,low,0,1,192_798,0
E0180121_1,agricultural_burning,low,0,1,192_801,2
E0180141_1,agricultural_burning,low,0,1,192_803,0
E0180154_2,agricultural_burning,low,0,1,192_805,2
E0180158_1,agricultural_burning,low,0,1,192_805,2
E0180161_1,agricultural_burning,low,0,1,192_805,2
E0180175_2,agricultural_burning,low,0,1,192_807,1
E0180195_1,agricultural_burning,low,0,1,192_810,3
E0180196_1,agricultural_burning,low,0,1,192_810,3
E0180198_1,agricultural_burning,low,0,1,192_810,3
E0180202_1,agricultural_burning,low,0,1,192_810,3
E0180210_2,agricultural_burning,low,0,1,192_811,0
E0180211_2,agricultural_burning,low,0,1,192_811,0
E0180215_2,agricultural_burning,low,0,1,192_812,2
E0180270_3,agricultural_burning,low,0,1,192_831,3
E0180323_1,agricultural_burning,low,0,1,192_843,2
E0180339_3,agricultural_burning,low,0,1,192_940,2
E0180358_1,agricultural_burning,low,0,1,192_945,1
E0180362_2,agricultural_burning,low,0,1,192_945,1
E0180363_2,agricultural_burning,low,0,1,192_945,1
E0180384_2,agricultural_burning,low,0,1,192_947,3
E0180387_1,agricultural_burning,low,0,1,192_948,2
E0180412_1,agricultural_burning,low,0,1,192_951,4
E0180444_1,agricultural_burning,low,0,1,192_956,4
E0180504_1,agricultural_burning,low,0,1,192_964,4
E0180564_1,agricultural_burning,low,0,1,192_735,3
E0180694_1,agricultural_burning,low,0,1,192_786,4
E0180701_1,agricultural_burning,low,0,1,192_787,4
E0180704_2,agricultural_burning,low,0,1,192_787,4
E0180745_1,agricultural_burning,low,0,1,192_798,0
E0180746_1,agricultural_burning,low,0,1,192_799,3
E0180765_2,agricultural_burning,low,0,1,192_802,2
E0180777_2,agricultural_burning,low,0,1,192_804,3
E0180778_3,agricultural_burning,low,0,1,192_804,3
E0180792_1,agricultural_burning,low,0,1,192_806,2
E0180811_1,agricultural_burning,low,0,1,192_808,0
E0180813_1,agricultural_burning,low,0,1,192_809,1
E0180819_1,agricultural_burning,low,0,1,192_809,1
E0180830_1,agricultural_burning,low,0,1,192_810,3
E0180840_2,agricultural_burning,low,0,1,192_812,2
E0180849_1,agricultural_burning,low,0,1,192_812,2
E0180912_2,agricultural_burning,low,0,1,192_832,2
E0180960_1,agricultural_burning,low,0,1,192_843,2
E0180981_2,agricultural_burning,low,0,1,192_941,1
E0181041_2,agricultural_burning,low,0,1,192_949,4
E0181044_1,agricultural_burning,low,0,1,192_950,3
E0181045_1,agricultural_burning,low,0,1,192_950,3
E0181053_1,agricultural_burning,low,0,1,192_951,4
E0181143_2,agricultural_burning,low,0,1,192_964,4
E0181169_2,agricultural_burning,low,0,1,192_969,2
E0181172_4,agricultural_burning,low,0,1,192_714,1
E0181173_7,agricultural_burning,low,0,1,192_714,1
E0181174_1,agricultural_burning,low,0,1,192_714,1
E0181197_3,industrial_fire,low,0,1,192_733,3
E0181336_2,agricultural_burning,low,0,1,192_785,1
E0181343_1,agricultural_burning,low,0,1,192_785,1
E0181345_1,agricultural_burning,low,0,1,192_786,4
E0181350_1,agricultural_burning,low,0,1,192_786,4
E0181354_2,agricultural_burning,low,0,1,192_786,4
E0181358_2,agricultural_burning,low,0,1,192_787,4
E0181361_1,agricultural_burning,low,0,1,192_787,4
E0181390_1,agricultural_burning,low,0,1,192_798,0
E0181392_1,agricultural_burning,low,0,1,192_798,0
E0181396_1,agricultural_burning,low,0,1,192_799,3
E0181410_2,agricultural_burning,low,0,1,192_802,2
E0181437_1,agricultural_burning,low,0,1,192_805,2
E0181439_3,agricultural_burning,low,0,1,192_806,2
E0181470_1,agricultural_burning,low,0,1,192_810,3
E0181472_1,agricultural_burning,low,0,1,192_810,3
E0181478_1,agricultural_burning,low,0,1,192_811,0
E0181479_1,agricultural_burning,low,0,1,192_811,0
E0181480_1,agricultural_burning,low,0,1,192_811,0
E0181485_1,agricultural_burning,low,0,1,192_811,0
E0181487_1,agricultural_burning,low,0,1,192_811,0
E0181499_1,agricultural_burning,low,0,1,192_813,0
E0181503_1,agricultural_burning,low,0,1,192_814,2
E0181606_3,agricultural_burning,low,0,1,192_935,0
E0181616_1,agricultural_burning,low,0,1,192_940,2
E0181648_1,agricultural_burning,low,0,1,192_947,3
E0181649_2,agricultural_burning,low,0,1,192_947,3
E0181688_2,agricultural_burning,low,0,1,192_952,3
E0181692_1,agricultural_burning,low,0,1,192_952,3
E0181711_1,agricultural_burning,low,0,1,192_955,1
E0181724_3,agricultural_burning,low,0,1,192_956,4
E0181755_1,agricultural_burning,low,0,1,192_961,4
E0181789_1,agricultural_burning,low,0,1,192_967,2
E0181860_1,agricultural_burning,low,0,1,192_736,4
E0181987_1,agricultural_burning,low,0,1,192_781,3
E0182012_3,agricultural_burning,low,0,1,192_786,4
E0182022_2,agricultural_burning,low,0,1,192_787,4
E0182024_1,agricultural_burning,low,0,1,192_787,4
E0182036_1,agricultural_burning,low,0,1,192_790,2
E0182051_1,agricultural_burning,low,0,1,192_798,0
E0182067_1,agricultural_burning,low,0,1,192_801,2
E0182070_2,agricultural_burning,low,0,1,192_802,2
E0182092_2,agricultural_burning,low,0,1,192_805,2
E0182111_1,agricultural_burning,low,0,1,192_807,1
E0182116_1,agricultural_burning,low,0,1,192_808,0
E0182117_1,agricultural_burning,low,0,1,192_808,0
E0182130_2,agricultural_burning,low,0,1,192_809,1
E0182135_2,agricultural_burning,low,0,1,192_810,3
E0182136_2,agricultural_burning,low,0,1,192_810,3
E0182150_3,agricultural_burning,low,0,1,192_811,0
E0182209_3,agricultural_burning,low,0,1,192_831,3
E0182250_1,agricultural_burning,low,0,1,192_841,1
E0182263_1,agricultural_burning,low,0,1,192_843,2
E0182302_1,agricultural_burning,low,0,1,192_946,1
E0182312_1,agricultural_burning,low,0,1,192_947,3
E0182315_1,agricultural_burning,low,0,1,192_947,3
E0182329_3,agricultural_burning,low,0,1,192_949,4
E0182355_2,agricultural_burning,low,0,1,192_952,3
E0182375_1,agricultural_burning,low,0,1,192_955,1
E0182473_1,agricultural_burning,low,0,1,192_968,1
E0182660_2,agricultural_burning,low,0,1,193_786,1
E0182666_2,agricultural_burning,low,0,1,193_787,3
E0182675_1,agricultural_burning,low,0,1,192_788,4
E0182695_1,agricultural_burning,low,0,1,193_798,1
E0182711_1,agricultural_burning,low,0,1,193_801,2
E0182727_1,agricultural_burning,low,0,1,193_804,2
E0182728_1,agricultural_burning,low,0,1,192_804,3
E0182731_2,agricultural_burning,low,0,1,193_804,2
E0182733_1,agricultural_burning,low,0,1,193_805,3
E0182737_1,agricultural_burning,low,0,1,193_805,3
E0182756_1,agricultural_burning,low,0,1,192_808,0
E0182770_2,agricultural_burning,low,0,1,192_809,1
E0182788_1,agricultural_burning,low,0,1,192_811,0
E0182793_1,agricultural_burning,low,0,1,193_812,1
E0182857_1,agricultural_burning,low,0,1,192_829,1
E0182924_1,agricultural_burning,low,0,1,193_941,0
E0182940_1,agricultural_burning,low,0,1,192_946,1
E0182941_1,agricultural_burning,low,0,1,193_946,1
E0182941_3,agricultural_burning,low,0,1,193_946,1
E0182952_1,agricultural_burning,low,0,1,193_947,2
E0182978_1,agricultural_burning,low,0,1,193_950,1
E0182982_1,agricultural_burning,low,0,1,192_951,4
E0182986_2,agricultural_burning,low,0,1,193_951,1
E0183000_2,agricultural_burning,low,0,1,193_953,1
E0183002_1,agricultural_burning,low,0,1,193_953,1
E0183024_1,agricultural_burning,low,0,1,192_956,4
E0183042_1,agricultural_burning,low,0,1,193_958,2
E0183045_1,agricultural_burning,low,0,1,193_958,2
E0183100_1,agricultural_burning,low,0,1,193_968,1
E0183101_1,agricultural_burning,low,0,1,192_968,1
E0183136_2,agricultural_burning,low,0,1,193_734,4
E0183266_2,agricultural_burning,low,0,1,193_780,3
E0183281_2,agricultural_burning,low,0,1,193_782,2
E0183282_2,agricultural_burning,low,0,1,193_782,2
E0183314_1,agricultural_burning,low,0,1,193_787,3
E0183331_1,agricultural_burning,low,0,1,193_791,4
E0183344_1,agricultural_burning,low,0,1,193_798,1
E0183354_1,agricultural_burning,low,0,1,193_800,4
E0183362_1,agricultural_burning,low,0,1,193_801,2
E0183365_2,agricultural_burning,low,0,1,193_802,0
E0183384_2,agricultural_burning,low,0,1,193_804,2
E0183402_1,agricultural_burning,low,0,1,193_807,3
E0183403_2,agricultural_burning,low,0,1,193_807,3
E0183406_1,agricultural_burning,low,0,1,193_808,0
E0183431_1,agricultural_burning,low,0,1,193_810,0
E0183486_1,agricultural_burning,low,0,1,193_827,1
E0183503_2,agricultural_burning,low,0,1,193_832,0
E0183516_2,agricultural_burning,low,0,1,193_834,0
E0183583_1,agricultural_burning,low,0,1,193_946,1
E0183587_1,agricultural_burning,low,0,1,193_947,2
E0183621_1,agricultural_burning,low,0,1,193_950,1
E0183656_1,agricultural_burning,low,0,1,193_955,1
E0183712_1,agricultural_burning,low,0,1,193_964,1
E0183738_1,agricultural_burning,low,0,1,193_968,1
E0183912_2,agricultural_burning,low,0,1,193_780,3
E0183992_1,agricultural_burning,low,0,1,193_800,4
E0183999_1,agricultural_burning,low,0,1,193_801,2
E0184020_2,agricultural_burning,low,0,1,193_805,3
E0184044_1,agricultural_burning,low,0,1,193_808,0
E0184056_1,agricultural_burning,low,0,1,193_809,1
E0184059_3,agricultural_burning,medium,1,1,193_809,1
E0184060_1,agricultural_burning,low,0,1,193_809,1
E0184070_1,agricultural_burning,low,0,1,193_810,0
E0184087_1,agricultural_burning,low,0,1,193_812,1
E0184088_1,agricultural_burning,low,0,1,193_812,1
E0184097_1,agricultural_burning,low,0,1,193_816,3
E0184141_1,agricultural_burning,low,0,1,193_829,1
E0184145_1,agricultural_burning,low,0,1,193_831,3
E0184151_2,agricultural_burning,low,0,1,193_832,0
E0184178_2,agricultural_burning,low,0,1,193_839,4
E0184288_1,agricultural_burning,low,0,1,193_952,1
E0184292_1,agricultural_burning,low,0,1,193_952,1
E0184314_1,agricultural_burning,low,0,1,193_955,1
E0184317_1,agricultural_burning,low,0,1,193_956,0
E0184338_1,agricultural_burning,low,0,1,193_958,2
E0184351_1,agricultural_burning,low,0,1,193_961,3
E0184370_1,agricultural_burning,low,0,1,193_964,1
E0184398_8,agricultural_burning,low,0,1,193_720,3
E0184435_2,agricultural_burning,low,0,1,193_733,4
E0184466_1,agricultural_burning,low,0,1,193_740,3
E0184569_2,agricultural_burning,low,0,1,193_785,1
E0184615_1,agricultural_burning,low,0,1,193_798,1
E0184628_1,agricultural_burning,low,0,1,193_801,2
E0184630_2,agricultural_burning,low,0,1,193_801,2
E0184635_2,agricultural_burning,low,0,1,193_801,2
E0184640_2,agricultural_burning,low,0,1,193_802,0
E0184670_2,agricultural_burning,low,0,1,193_807,3
E0184678_1,agricultural_burning,low,0,1,193_808,0
E0184693_2,agricultural_burning,low,0,1,193_809,1
E0184699_1,agricultural_burning,low,0,1,193_810,0
E0184702_2,agricultural_burning,low,0,1,193_810,0
E0184705_1,agricultural_burning,low,0,1,193_811,4
E0184709_1,agricultural_burning,low,0,1,193_811,4
E0184809_1,agricultural_burning,low,0,1,193_840,3
E0184861_1,agricultural_burning,low,0,1,193_945,0
E0184872_3,agricultural_burning,low,0,1,193_947,2
E0184893_1,agricultural_burning,low,0,1,193_949,2
E0184953_1,agricultural_burning,low,0,1,193_956,0
E0184977_1,agricultural_burning,low,0,1,193_960,2
E0185000_2,agricultural_burning,low,0,1,193_964,1
E0185001_1,agricultural_burning,low,0,1,193_964,1
E0185003_2,agricultural_burning,low,0,1,193_964,1
E0185142_1,agricultural_burning,low,0,1,193_760,1
E0185228_2,agricultural_burning,low,0,1,193_786,1
E0185230_2,agricultural_burning,low,0,1,193_786,1
E0185234_1,agricultural_burning,low,0,1,193_787,3
E0185267_1,agricultural_burning,low,0,1,193_801,2
E0185275_2,agricultural_burning,low,0,1,193_802,0
E0185283_1,agricultural_burning,low,0,1,193_803,3
E0185311_1,agricultural_burning,low,0,1,193_807,3
E0185318_1,agricultural_burning,low,0,1,193_808,0
E0185321_1,agricultural_burning,low,0,1,193_809,1
E0185329_4,agricultural_burning,low,0,1,193_809,1
E0185330_2,agricultural_burning,low,0,1,193_810,0
E0185341_3,agricultural_burning,low,0,1,193_811,4
E0185492_1,agricultural_burning,low,0,1,193_940,1
E0185493_1,agricultural_burning,low,0,1,193_940,1
E0185534_2,agricultural_burning,low,0,1,193_948,2
E0185562_2,agricultural_burning,low,0,1,193_952,1
E0185567_1,agricultural_burning,low,0,1,193_952,1
E0185575_1,agricultural_burning,low,0,1,193_953,1
E0185583_1,agricultural_burning,low,0,1,193_954,0
E0185587_1,agricultural_burning,low,0,1,193_954,0
E0185616_3,agricultural_burning,low,0,1,193_958,2
E0185639_2,agricultural_burning,low,0,1,193_962,4
E0185648_1,agricultural_burning,low,0,1,193_964,1
E0185650_1,agricultural_burning,low,0,1,193_964,1
E0185651_3,agricultural_burning,low,0,1,193_964,1
E0185691_1,agricultural_burning,low,0,1,193_713,2
E0185692_3,agricultural_burning,low,0,1,193_713,2
E0185914_3,agricultural_burning,low,0,1,193_786,1
E0185923_1,agricultural_burning,low,0,1,193_790,0
E0185956_2,agricultural_burning,low,0,1,193_802,0
E0185961_1,agricultural_burning,low,0,1,193_802,0
E0185964_1,agricultural_burning,low,0,1,193_803,3
E0185966_1,agricultural_burning,low,0,1,193_803,3
E0185970_2,agricultural_burning,low,0,1,193_803,3
E0186005_1,agricultural_burning,low,0,1,193_809,1
E0186022_1,agricultural_burning,low,0,1,193_811,4
E0186023_1,agricultural_burning,low,0,1,193_811,4
E0186024_1,agricultural_burning,low,0,1,193_811,4
E0186024_2,agricultural_burning,low,0,1,193_811,4
E0186055_1,agricultural_burning,low,0,1,193_819,0
E0186079_2,agricultural_burning,low,0,1,193_827,1
E0186160_1,agricultural_burning,low,0,1,193_938,2
E0186169_2,agricultural_burning,low,0,1,193_940,1
E0186208_3,agricultural_burning,low,0,1,193_948,2
E0186237_1,agricultural_burning,low,0,1,193_952,1
E0186239_1,agricultural_burning,low,0,1,193_952,1
E0186246_4,agricultural_burning,low,0,1,193_953,1
E0186252_1,agricultural_burning,low,0,1,193_954,0
E0186262_1,agricultural_burning,low,0,1,193_955,1
E0186263_2,agricultural_burning,low,0,1,193_955,1
E0186278_1,agricultural_burning,low,0,1,193_957,2
E0186313_1,agricultural_burning,low,0,1,193_963,2
E0186315_2,agricultural_burning,low,0,1,193_964,1
E0186317_1,agricultural_burning,low,0,1,193_964,1
E0186318_1,agricultural_burning,low,0,1,193_964,1
E0186326_3,agricultural_burning,low,0,1,193_966,1
E0186402_2,agricultural_burning,low,0,1,193_737,0
E0186545_1,agricultural_burning,low,0,1,193_786,1
E0186545_2,agricultural_burning,low,0,1,193_786,1
E0186558_1,agricultural_burning,low,0,1,193_790,0
E0186581_1,agricultural_burning,low,0,1,193_801,2
E0186593_1,agricultural_burning,low,0,1,193_802,0
E0186640_1,agricultural_burning,low,0,1,193_810,0
E0186645_1,agricultural_burning,low,0,1,193_811,4
E0186649_1,agricultural_burning,low,0,1,193_812,1
E0186686_1,agricultural_burning,low,0,1,193_828,3
E0186688_1,agricultural_burning,low,0,1,193_828,3
E0186752_1,agricultural_burning,low,0,1,193_935,2
E0186758_1,agricultural_burning,low,0,1,193_937,3
E0186764_2,agricultural_burning,low,0,1,193_938,2
E0186790_2,agricultural_burning,low,0,1,193_945,0
E0186794_1,agricultural_burning,low,0,1,193_945,0
E0186830_3,agricultural_burning,low,0,1,193_949,2
E0186846_2,agricultural_burning,low,0,1,193_951,1
E0186847_1,agricultural_burning,low,0,1,193_951,1
E0186858_1,agricultural_burning,low,0,1,193_952,1
E0186886_1,agricultural_burning,low,0,1,193_955,1
E0186898_1,agricultural_burning,low,0,1,193_957,2
E0186906_2,agricultural_burning,low,0,1,193_957,2
E0186908_1,agricultural_burning,low,0,1,193_958,2
E0186909_1,agricultural_burning,low,0,1,193_958,2
E0186956_1,agricultural_burning,low,0,1,193_966,1
E0186979_15,agricultural_burning,low,0,1,193_713,2
E0186979_7,agricultural_burning,low,0,1,193_713,2
E0187145_1,agricultural_burning,low,0,1,193_781,0
E0187208_1,agricultural_burning,low,0,1,193_801,2
E0187209_1,agricultural_burning,low,0,1,193_801,2
E0187272_2,agricultural_burning,low,0,1,193_811,4
E0187273_1,agricultural_burning,low,0,1,193_811,4
E0187396_1,agricultural_burning,low,0,1,193_937,3
E0187397_1,agricultural_burning,low,0,1,193_937,3
E0187412_1,agricultural_burning,low,0,1,193_939,3
E0187432_1,agricultural_burning,low,0,1,193_945,0
E0187434_1,agricultural_burning,low,0,1,193_945,0
E0187531_1,agricultural_burning,low,0,1,193_956,0
E0187546_1,agricultural_burning,low,0,1,193_958,2
E0187548_1,agricultural_burning,low,0,1,193_958,2
E0187588_2,agricultural_burning,low,0,1,193_964,1
E0187630_1,agricultural_burning,low,0,1,193_729,0
E0187827_1,agricultural_burning,low,0,1,193_799,3
E0187837_2,agricultural_burning,low,0,1,193_801,2
E0187890_1,agricultural_burning,low,0,1,193_808,0
E0187893_1,agricultural_burning,low,0,1,193_808,0
E0187894_1,agricultural_burning,low,0,1,193_808,0
E0187917_2,agricultural_burning,low,0,1,193_811,4
E0187977_1,agricultural_burning,low,0,1,193_830,2
E0188005_1,agricultural_burning,low,0,1,193_836,1
E0188037_1,agricultural_burning,low,0,1,193_934,2
E0188078_1,agricultural_burning,low,0,1,193_945,0
E0188145_3,agricultural_burning,low,0,1,193_953,1
E0188186_1,agricultural_burning,low,0,1,193_958,2
E0188208_1,agricultural_burning,low,0,1,193_960,2
E0188219_1,agricultural_burning,low,0,1,193_962,4
E0188229_2,agricultural_burning,low,0,1,193_963,2
E0188303_3,agricultural_burning,low,0,1,193_733,4
E0188451_2,agricultural_burning,low,0,1,193_782,2
E0188467_1,agricultural_burning,low,0,1,193_786,1
E0188483_1,agricultural_burning,low,0,1,193_790,0
E0188487_1,agricultural_burning,low,0,1,193_791,4
E0188519_1,agricultural_burning,low,0,1,193_802,0
E0188534_1,agricultural_burning,low,0,1,193_807,3
E0188535_2,agricultural_burning,low,0,1,193_807,3
E0188545_1,agricultural_burning,low,0,1,193_808,0
E0188562_2,agricultural_burning,low,0,1,193_809,1
E0188616_1,agricultural_burning,low,0,1,193_827,1
E0188699_1,agricultural_burning,low,0,1,193_935,2
E0188704_1,agricultural_burning,low,0,1,193_937,3
E0188720_1,agricultural_burning,low,0,1,193_941,0
E0188730_1,agricultural_burning,low,0,1,193_945,0
E0188730_2,agricultural_burning,low,0,1,193_945,0
E0188731_1,agricultural_burning,low,0,1,193_945,0
E0188744_1,agricultural_burning,low,0,1,193_947,2
E0188817_1,agricultural_burning,low,0,1,193_956,0
E0188836_2,agricultural_burning,low,0,1,193_958,2
E0188872_1,agricultural_burning,low,0,1,193_963,2
E0188963_1,agricultural_burning,low,0,1,193_736,2
E0189122_1,agricultural_burning,low,0,1,193_798,1
E0189131_1,agricultural_burning,low,0,1,194_801,1
E0189133_2,agricultural_burning,low,0,1,194_801,1
E0189153_2,agricultural_burning,low,0,1,194_804,3
E0189185_3,agricultural_burning,low,0,1,194_809,1
E0189204_1,agricultural_burning,low,0,1,194_811,3
E0189210_1,agricultural_burning,low,0,1,194_812,3
E0189249_1,agricultural_burning,low,0,1,194_827,1
E0189252_1,agricultural_burning,low,0,1,193_827,1
E0189353_3,agricultural_burning,low,0,1,193_941,0
E0189378_2,agricultural_burning,low,0,1,193_947,2
E0189399_3,agricultural_burning,low,0,1,194_949,3
E0189423_1,agricultural_burning,low,0,1,194_953,2
E0189455_2,agricultural_burning,low,0,1,194_957,3
E0189500_1,agricultural_burning,low,0,1,193_963,2
E0189720_1,agricultural_burning,low,0,1,194_793,1
E0189723_2,agricultural_burning,low,0,1,194_794,3
E0189752_2,agricultural_burning,low,0,1,194_801,1
E0189777_1,agricultural_burning,low,0,1,194_804,3
E0189829_2,agricultural_burning,low,0,1,194_811,3
E0189830_2,agricultural_burning,low,0,1,194_811,3
E0189973_1,agricultural_burning,low,0,1,194_945,4
E0190009_2,agricultural_burning,low,0,1,194_949,3
E0190078_1,agricultural_burning,low,0,1,194_957,3
E0190081_1,agricultural_burning,low,0,1,194_958,2
E0190093_1,agricultural_burning,low,0,1,194_960,1
E0190097_1,agricultural_burning,low,0,1,194_960,1
E0190376_1,agricultural_burning,low,0,1,194_804,3
E0190402_2,agricultural_burning,low,0,1,194_808,1
E0190413_1,agricultural_burning,low,0,1,194_809,1
E0190415_1,agricultural_burning,low,0,1,194_809,1
E0190426_1,agricultural_burning,low,0,1,194_811,3
E0190429_1,agricultural_burning,low,0,1,194_811,3
E0190571_1,agricultural_burning,low,0,1,194_945,4
E0190604_4,agricultural_burning,low,0,1,194_949,3
E0190611_1,agricultural_burning,low,0,1,194_950,3
E0190693_1,agricultural_burning,low,0,1,194_959,2
E0190718_3,agricultural_burning,low,0,1,194_963,1
E0190719_2,agricultural_burning,low,0,1,194_963,1
E0190720_1,agricultural_burning,low,0,1,194_963,1
E0190722_1,agricultural_burning,low,0,1,194_963,1
E0190726_2,agricultural_burning,low,0,1,194_964,2
E0191015_2,agricultural_burning,low,0,1,194_809,1
E0191034_1,agricultural_burning,low,0,1,194_811,3
E0191065_2,agricultural_burning,low,0,1,194_822,3
E0191165_1,agricultural_burning,low,0,1,194_938,2
E0191192_1,agricultural_burning,low,0,1,194_945,4
E0191193_1,agricultural_burning,low,0,1,194_945,4
E0191193_2,agricultural_burning,low,0,1,194_945,4
E0191241_1,agricultural_burning,low,0,1,194_950,3
E0191308_3,agricultural_burning,low,0,1,194_958,2
E0191327_2,agricultural_burning,low,0,1,194_962,4
E0191341_1,agricultural_burning,low,0,1,194_963,1
E0191343_2,agricultural_burning,low,0,1,194_964,2
E0191571_1,agricultural_burning,low,0,1,194_801,1
E0191611_3,agricultural_burning,low,0,1,194_807,2
E0191628_2,agricultural_burning,low,0,1,194_809,1
E0191641_1,agricultural_burning,low,0,1,194_811,3
E0191643_1,agricultural_burning,low,0,1,194_811,3
E0191691_1,agricultural_burning,low,0,1,194_826,4
E0191738_1,agricultural_burning,low,0,1,194_839,0
E0191777_1,agricultural_burning,low,0,1,194_938,2
E0191786_2,agricultural_burning,low,0,1,194_940,0
E0191788_1,agricultural_burning,low,0,1,194_941,3
E0191820_2,agricultural_burning,low,0,1,194_946,4
E0191870_3,agricultural_burning,low,0,1,194_953,2
E0191877_1,agricultural_burning,low,0,1,194_953,2
E0191898_1,agricultural_burning,low,0,1,194_956,2
E0191928_1,agricultural_burning,low,0,1,194_960,1
E0191953_2,agricultural_burning,low,0,1,194_963,1
E0191978_1,agricultural_burning,low,0,1,194_968,1
E0192017_2,agricultural_burning,low,0,1,194_732,0
E0192021_2,agricultural_burning,low,0,1,194_732,0
E0192235_2,agricultural_burning,low,0,1,194_809,1
E0192238_3,agricultural_burning,low,0,1,194_810,3
E0192249_1,agricultural_burning,low,0,1,194_811,3
E0192279_1,agricultural_burning,low,0,1,194_824,3
E0192287_2,agricultural_burning,low,0,1,194_826,4
E0192289_1,agricultural_burning,low,0,1,194_826,4
E0192314_1,agricultural_burning,low,0,1,194_832,3
E0192344_1,agricultural_burning,low,0,1,194_839,0
E0192452_3,agricultural_burning,low,0,1,194_950,3
E0192459_1,agricultural_burning,low,0,1,194_951,0
E0192472_1,agricultural_burning,low,0,1,194_953,2
E0192517_2,agricultural_burning,low,0,1,194_957,3
E0192541_1,agricultural_burning,low,0,1,194_961,2
E0192746_1,agricultural_burning,low,0,1,194_794,3
E0192766_1,agricultural_burning,low,0,1,194_801,1
E0192791_1,agricultural_burning,low,0,1,194_806,3
E0192793_2,agricultural_burning,low,0,1,194_806,3
E0192810_1,agricultural_burning,low,0,1,194_808,1
E0192816_1,agricultural_burning,low,0,1,194_809,1
E0192833_1,agricultural_burning,low,0,1,194_811,3
E0192836_1,agricultural_burning,low,0,1,194_811,3
E0192846_1,agricultural_burning,low,0,1,194_812,3
E0192873_1,agricultural_burning,low,0,1,194_826,4
E0192933_2,agricultural_burning,low,0,1,194_839,0
E0192991_1,agricultural_burning,low,0,1,194_945,4
E0192995_1,agricultural_burning,low,0,1,194_945,4
E0193005_3,agricultural_burning,low,0,1,194_946,4
E0193043_2,agricultural_burning,low,0,1,194_950,3
E0193071_1,agricultural_burning,low,0,1,194_954,2
E0193128_2,agricultural_burning,low,0,1,194_961,2
E0193140_2,agricultural_burning,low,0,1,194_963,1
E0193147_4,agricultural_burning,low,0,1,194_963,1
E0193221_1,agricultural_burning,low,0,1,194_735,2
E0193356_2,agricultural_burning,low,0,1,194_798,1
E0193379_2,agricultural_burning,low,0,1,194_804,3
E0193400_2,agricultural_burning,low,0,1,194_807,2
E0193410_1,agricultural_burning,low,0,1,194_808,1
E0193413_1,agricultural_burning,low,0,1,194_808,1
E0193429_1,agricultural_burning,low,0,1,194_810,3
E0193436_1,agricultural_burning,low,0,1,194_811,3
E0193511_1,agricultural_burning,low,0,1,194_836,2
E0193536_1,agricultural_burning,low,0,1,194_839,0
E0193593_1,agricultural_burning,low,0,1,194_945,4
E0193634_1,agricultural_burning,low,0,1,194_949,3
E0193680_2,agricultural_burning,low,0,1,194_954,2
E0193681_1,agricultural_burning,low,0,1,194_954,2
E0193712_2,agricultural_burning,low,0,1,194_958,2
E0193746_1,agricultural_burning,low,0,1,194_963,1
E0193960_1,agricultural_burning,low,0,1,194_798,1
E0193976_1,agricultural_burning,low,0,1,194_801,1
E0194015_2,agricultural_burning,low,0,1,194_807,2
E0194017_2,agricultural_burning,low,0,1,194_807,2
E0194027_2,agricultural_burning,low,0,1,194_808,1
E0194033_2,agricultural_burning,low,0,1,194_809,1
E0194041_1,agricultural_burning,low,0,1,194_810,3
E0194043_1,agricultural_burning,low,0,1,194_810,3
E0194145_2,agricultural_burning,low,0,1,194_838,0
E0194181_1,agricultural_burning,low,0,1,194_937,4
E0194207_2,agricultural_burning,low,0,1,194_942,1
E0194238_1,agricultural_burning,low,0,1,194_948,2
E0194262_2,agricultural_burning,low,0,1,194_950,3
E0194274_1,agricultural_burning,low,0,1,194_952,1
E0194297_1,agricultural_burning,low,0,1,194_955,3
E0194319_1,agricultural_burning,low,0,1,194_957,3
E0194325_1,agricultural_burning,low,0,1,194_958,2
E0194341_1,agricultural_burning,low,0,1,194_960,1
E0194348_1,agricultural_burning,low,0,1,194_960,1
E0194356_2,agricultural_burning,low,0,1,194_962,4
E0194597_1,agricultural_burning,low,0,1,194_801,1
E0194614_2,agricultural_burning,low,0,1,194_804,3
E0194629_2,agricultural_burning,low,0,1,194_807,2
E0194641_2,agricultural_burning,low,0,1,194_808,1
E0194866_3,agricultural_burning,low,0,1,194_949,3
E0194879_1,agricultural_burning,low,0,1,194_950,3
E0194880_1,agricultural_burning,low,0,1,194_950,3
E0194919_1,agricultural_burning,low,0,1,194_955,3
E0194933_1,agricultural_burning,low,0,1,194_957,3
E0194949_1,agricultural_burning,low,0,1,194_959,2
E0194951_2,agricultural_burning,low,0,1,194_959,2
E0194954_1,agricultural_burning,low,0,1,194_959,2
E0194979_1,agricultural_burning,low,0,1,194_963,1
E0195046_1,agricultural_burning,low,0,1,195_732,2
E0195230_1,agricultural_burning,low,0,1,195_801,1
E0195244_1,agricultural_burning,low,0,1,194_803,1
E0195264_2,agricultural_burning,low,0,1,194_807,2
E0195266_1,agricultural_burning,low,0,1,195_807,4
E0195267_1,agricultural_burning,low,0,1,194_807,2
E0195270_1,agricultural_burning,low,0,1,195_807,4
E0195276_2,agricultural_burning,low,0,1,195_808,1
E0195290_2,agricultural_burning,low,0,1,195_810,3
E0195294_1,agricultural_burning,low,0,1,194_810,3
E0195295_1,agricultural_burning,low,0,1,195_810,3
E0195296_1,agricultural_burning,low,0,1,194_810,3
E0195297_1,agricultural_burning,low,0,1,194_810,3
E0195304_2,agricultural_burning,low,0,1,194_811,3
E0195349_1,agricultural_burning,low,0,1,195_830,0
E0195379_1,agricultural_burning,low,0,1,194_837,2
E0195381_1,agricultural_burning,low,0,1,195_838,2
E0195428_3,agricultural_burning,low,0,1,195_936,4
E0195430_1,agricultural_burning,low,0,1,195_937,3
E0195450_1,agricultural_burning,low,0,1,194_941,3
E0195451_1,agricultural_burning,low,0,1,194_941,3
E0195474_1,agricultural_burning,low,0,1,195_946,4
E0195482_1,agricultural_burning,low,0,1,194_947,0
E0195483_1,agricultural_burning,low,0,1,194_947,0
E0195486_1,agricultural_burning,low,0,1,194_947,0
E0195499_3,agricultural_burning,low,0,1,195_948,1
E0195512_1,agricultural_burning,low,0,1,195_950,3
E0195513_3,agricultural_burning,low,0,1,195_950,3
E0195534_3,agricultural_burning,low,0,1,195_952,4
E0195591_1,agricultural_burning,low,0,1,194_959,2
E0195623_2,agricultural_burning,low,0,1,195_964,1
E0195686_2,agricultural_burning,low,0,1,195_732,2
E0195850_1,agricultural_burning,low,0,1,195_801,1
E0195864_1,agricultural_burning,low,0,1,195_804,4
E0195866_2,agricultural_burning,low,0,1,195_804,4
E0195881_2,agricultural_burning,low,0,1,195_807,4
E0195889_1,agricultural_burning,low,0,1,195_808,1
E0195894_1,agricultural_burning,low,0,1,195_808,1
E0195909_2,agricultural_burning,low,0,1,195_810,3
E0195913_2,agricultural_burning,low,0,1,195_810,3
E0196022_1,agricultural_burning,low,0,1,195_838,2
E0196034_1,agricultural_burning,low,0,1,195_840,3
E0196138_3,agricultural_burning,low,0,1,195_950,3
E0196188_1,agricultural_burning,low,0,1,195_955,3
E0196189_1,agricultural_burning,low,0,1,195_956,0
E0196206_1,agricultural_burning,low,0,1,195_957,2
E0196209_2,agricultural_burning,low,0,1,195_958,1
E0196242_1,agricultural_burning,low,0,1,195_963,1
E0196287_1,agricultural_burning,low,0,1,195_729,4
E0196445_1,agricultural_burning,low,0,1,195_789,2
E0196505_2,agricultural_burning,low,0,1,195_804,4
E0196521_1,agricultural_burning,low,0,1,195_806,0
E0196523_2,agricultural_burning,low,0,1,195_807,4
E0196525_1,agricultural_burning,low,0,1,195_807,4
E0196528_1,agricultural_burning,low,0,1,195_807,4
E0196531_2,agricultural_burning,low,0,1,195_808,1
E0196537_2,agricultural_burning,low,0,1,195_808,1
E0196543_2,agricultural_burning,low,0,1,195_809,2
E0196595_2,agricultural_burning,low,0,1,195_826,2
E0196633_1,agricultural_burning,low,0,1,195_833,4
E0196705_1,agricultural_burning,low,0,1,195_938,3
E0196730_2,agricultural_burning,low,0,1,195_945,2
E0196736_1,agricultural_burning,low,0,1,195_946,4
E0196745_3,agricultural_burning,low,0,1,195_946,4
E0196763_2,agricultural_burning,low,0,1,195_949,0
E0196815_1,agricultural_burning,low,0,1,195_954,4
E0196831_1,agricultural_burning,low,0,1,195_956,0
E0196868_1,agricultural_burning,low,0,1,195_961,2
E0196904_2,agricultural_burning,low,0,1,195_969,4
E0197070_1,agricultural_burning,low,0,1,195_794,3
E0197087_2,agricultural_burning,low,0,1,195_801,1
E0197088_2,agricultural_burning,low,0,1,195_801,1
E0197125_1,agricultural_burning,low,0,1,195_807,4
E0197137_1,agricultural_burning,low,0,1,195_809,2
E0197157_2,agricultural_burning,low,0,1,195_811,2
E0197162_1,agricultural_burning,low,0,1,195_812,4
E0197361_1,agricultural_burning,low,0,1,195_947,0
E0197376_2,agricultural_burning,low,0,1,195_949,0
E0197405_1,agricultural_burning,low,0,1,195_952,4
E0197418_1,agricultural_burning,low,0,1,195_954,4
E0197429_2,agricultural_burning,low,0,1,195_955,3
E0197436_2,agricultural_burning,low,0,1,195_956,0
E0197458_1,agricultural_burning,low,0,1,195_958,1
E0197459_1,agricultural_burning,low,0,1,195_958,1
E0197460_1,agricultural_burning,low,0,1,195_958,1
E0197715_3,agricultural_burning,low,0,1,195_801,1
E0197716_2,agricultural_burning,low,0,1,195_801,1
E0197718_2,agricultural_burning,low,0,1,195_801,1
E0197784_1,agricultural_burning,low,0,1,195_810,3
E0197799_1,agricultural_burning,low,0,1,195_812,4
E0197800_1,agricultural_burning,low,0,1,195_812,4
E0197861_2,agricultural_burning,low,0,1,195_829,3
E0197888_1,agricultural_burning,low,0,1,195_833,4
E0197913_1,agricultural_burning,low,0,1,195_837,3
E0197920_3,agricultural_burning,low,0,1,195_839,1
E0197940_1,agricultural_burning,low,0,1,195_842,3
E0197947_1,agricultural_burning,low,0,1,195_844,2
E0197956_2,agricultural_burning,low,0,1,195_936,4
E0197991_1,agricultural_burning,low,0,1,195_946,4
E0198011_2,agricultural_burning,low,0,1,195_949,0
E0198015_2,agricultural_burning,low,0,1,195_949,0
E0198048_1,agricultural_burning,low,0,1,195_952,4
E0198072_1,agricultural_burning,low,0,1,195_956,0
E0198083_3,agricultural_burning,low,0,1,195_957,2
E0198096_2,agricultural_burning,low,0,1,195_958,1
E0198106_1,agricultural_burning,low,0,1,195_959,4
E0198120_1,agricultural_burning,low,0,1,195_963,1
E0198123_1,agricultural_burning,low,0,1,195_963,1
E0198280_1,agricultural_burning,low,0,1,195_782,4
E0198392_1,agricultural_burning,low,0,1,195_808,1
E0198399_1,agricultural_burning,low,0,1,195_809,2
E0198401_3,agricultural_burning,low,0,1,195_809,2
E0198480_2,agricultural_burning,low,0,1,195_829,3
E0198486_3,agricultural_burning,low,0,1,195_829,3
E0198493_1,agricultural_burning,low,0,1,195_831,4
E0198511_1,agricultural_burning,low,0,1,195_834,0
E0198527_2,agricultural_burning,low,0,1,195_837,3
E0198613_1,agricultural_burning,low,0,1,195_946,4
E0198637_1,agricultural_burning,low,0,1,195_949,0
E0198725_1,agricultural_burning,low,0,1,195_959,4
E0198778_2,agricultural_burning,low,0,1,195_969,4
E0199020_1,agricultural_burning,low,0,1,195_806,0
E0199028_1,agricultural_burning,low,0,1,195_807,4
E0199073_1,agricultural_burning,low,0,1,195_813,2
E0199109_2,agricultural_burning,low,0,1,195_826,2
E0199199_1,agricultural_burning,low,0,1,195_841,4
E0199229_1,agricultural_burning,low,0,1,195_940,4
E0199232_1,agricultural_burning,low,0,1,195_940,4
E0199239_1,agricultural_burning,low,0,1,195_943,0
E0199286_1,agricultural_burning,low,0,1,195_949,0
E0199341_1,agricultural_burning,low,0,1,195_956,0
E0199341_3,agricultural_burning,low,0,1,195_956,0
E0199346_1,agricultural_burning,low,0,1,195_957,2
E0199346_2,agricultural_burning,low,0,1,195_957,2
E0199409_11,agricultural_burning,medium,1,1,195_713,4
E0199409_14,agricultural_burning,low,0,1,195_713,4
E0199410_8,agricultural_burning,low,0,1,195_713,4
E0199457_1,agricultural_burning,low,0,1,195_735,3
E0199628_2,agricultural_burning,low,0,1,195_801,1
E0199656_1,agricultural_burning,low,0,1,195_806,0
E0199664_1,agricultural_burning,low,0,1,195_807,4
E0199672_1,agricultural_burning,low,0,1,195_808,1
E0199677_1,agricultural_burning,low,0,1,195_809,2
E0199763_1,agricultural_burning,low,0,1,195_830,0
E0199874_1,agricultural_burning,low,0,1,195_941,4
E0199884_1,agricultural_burning,low,0,1,195_945,2
E0199901_1,agricultural_burning,low,0,1,195_947,0
E0199911_2,agricultural_burning,low,0,1,195_949,0
E0199934_1,agricultural_burning,low,0,1,195_951,0
E0199947_1,agricultural_burning,low,0,1,195_952,4
E0200173_1,agricultural_burning,low,0,1,195_783,2
E0200193_1,agricultural_burning,low,0,1,195_786,1
E0200226_4,agricultural_burning,low,0,1,195_801,1
E0200253_1,agricultural_burning,low,0,1,195_807,4
E0200258_1,agricultural_burning,low,0,1,195_808,1
E0200260_1,agricultural_burning,low,0,1,195_808,1
E0200263_1,agricultural_burning,low,0,1,195_808,1
E0200263_2,agricultural_burning,low,0,1,195_808,1
E0200276_2,agricultural_burning,low,0,1,195_810,3
E0200278_1,agricultural_burning,low,0,1,195_810,3
E0200283_1,agricultural_burning,low,0,1,195_810,3
E0200298_2,agricultural_burning,low,0,1,195_812,4
E0200335_4,agricultural_burning,low,0,1,195_825,3
E0200389_3,agricultural_burning,low,0,1,195_833,4
E0200482_1,agricultural_burning,low,0,1,195_945,2
E0200501_1,agricultural_burning,low,0,1,195_947,0
E0200571_1,agricultural_burning,low,0,1,195_955,3
E0200609_2,agricultural_burning,low,0,1,195_963,1
E0200621_2,agricultural_burning,low,0,1,195_965,2
E0200667_1,agricultural_burning,low,0,1,195_732,2
E0200814_3,agricultural_burning,low,0,1,195_801,1
E0200833_2,agricultural_burning,low,0,1,195_805,1
E0200858_1,agricultural_burning,low,0,1,195_809,2
E0200859_2,agricultural_burning,low,0,1,195_809,2
E0200866_2,agricultural_burning,low,0,1,195_809,2
E0200868_1,agricultural_burning,low,0,1,195_809,2
E0200953_1,agricultural_burning,low,0,1,195_830,0
E0200995_2,agricultural_burning,low,0,1,195_838,2
E0201009_1,agricultural_burning,low,0,1,195_840,3
E0201111_1,agricultural_burning,low,0,1,195_950,3
E0201161_1,agricultural_burning,low,0,1,195_957,2
E0201164_1,agricultural_burning,low,0,1,195_957,2
E0201188_1,agricultural_burning,low,0,1,195_963,1
E0201257_1,agricultural_burning,low,0,1,196_735,0
E0201344_1,agricultural_burning,low,0,1,196_783,3
E0201396_1,agricultural_burning,low,0,1,196_801,3
E0201401_1,agricultural_burning,low,0,1,196_801,3
E0201412_1,agricultural_burning,low,0,1,195_805,1
E0201414_2,agricultural_burning,low,0,1,196_806,2
E0201434_1,agricultural_burning,low,0,1,196_808,1
E0201439_1,agricultural_burning,low,0,1,196_809,3
E0201498_3,agricultural_burning,low,0,1,196_824,0
E0201672_1,agricultural_burning,low,0,1,196_949,2
E0201672_2,agricultural_burning,low,0,1,196_949,2
E0201673_2,agricultural_burning,low,0,1,196_949,2
E0201684_1,agricultural_burning,low,0,1,195_950,3
E0201702_1,agricultural_burning,low,0,1,195_953,3
E0201739_1,agricultural_burning,low,0,1,196_957,4
E0201740_1,agricultural_burning,low,0,1,196_957,4
E0201791_2,agricultural_burning,low,0,1,196_728,1
E0201969_1,agricultural_burning,low,0,1,196_792,2
E0202027_1,agricultural_burning,low,0,1,196_807,3
E0202028_1,agricultural_burning,low,0,1,196_807,3
E0202029_1,agricultural_burning,low,0,1,196_807,3
E0202034_1,agricultural_burning,low,0,1,196_807,3
E0202038_1,agricultural_burning,low,0,1,196_808,1
E0202049_1,agricultural_burning,low,0,1,196_809,3
E0202051_2,agricultural_burning,low,0,1,196_809,3
E0202054_1,agricultural_burning,low,0,1,196_809,3
E0202059_2,agricultural_burning,low,0,1,196_810,0
E0202139_2,agricultural_burning,low,0,1,196_830,4
E0202165_3,agricultural_burning,low,0,1,196_834,4
E0202197_1,agricultural_burning,low,0,1,196_841,2
E0202238_1,agricultural_burning,low,0,1,196_941,3
E0202247_2,agricultural_burning,low,0,1,196_945,3
E0202274_1,agricultural_burning,low,0,1,196_948,2
E0202347_1,agricultural_burning,low,0,1,196_957,4
E0202348_2,agricultural_burning,low,0,1,196_957,4
E0202417_1,agricultural_burning,low,0,1,196_733,0
E0202602_1,agricultural_burning,low,0,1,196_806,2
E0202615_1,agricultural_burning,low,0,1,196_807,3
E0202616_1,agricultural_burning,low,0,1,196_807,3
E0202713_1,agricultural_burning,low,0,1,196_830,4
E0202721_1,agricultural_burning,low,0,1,196_831,0
E0202902_1,agricultural_burning,low,0,1,196_955,3
E0202926_1,agricultural_burning,low,0,1,196_958,1
E0202940_1,agricultural_burning,low,0,1,196_963,2
E0203020_1,industrial_fire,low,0,1,196_737,4
E0203122_1,agricultural_burning,low,0,1,196_787,4
E0203174_1,agricultural_burning,low,0,1,196_800,1
E0203192_1,agricultural_burning,low,0,1,196_805,2
E0203219_2,agricultural_burning,low,0,1,196_808,1
E0203232_3,agricultural_burning,low,0,1,196_810,0
E0203289_1,agricultural_burning,low,0,1,196_825,0
E0203323_1,agricultural_burning,low,0,1,196_831,0
E0203399_1,agricultural_burning,low,0,1,196_943,4
E0203403_2,agricultural_burning,low,0,1,196_945,3
E0203416_3,agricultural_burning,low,0,1,196_946,1
E0203429_1,agricultural_burning,low,0,1,196_947,3
E0203430_1,agricultural_burning,low,0,1,196_947,3
E0203447_2,agricultural_burning,low,0,1,196_949,2
E0203510_1,agricultural_burning,low,0,1,196_957,4
E0203515_1,agricultural_burning,low,0,1,196_958,1
E0203518_1,agricultural_burning,low,0,1,196_958,1
E0203519_2,agricultural_burning,low,0,1,196_958,1
E0203538_1,agricultural_burning,low,0,1,196_963,2
E0203753_1,agricultural_burning,low,0,1,196_795,1
E0203779_3,agricultural_burning,low,0,1,196_801,3
E0203785_1,agricultural_burning,low,0,1,196_801,3
E0203827_1,agricultural_burning,low,0,1,196_808,1
E0203832_1,agricultural_burning,low,0,1,196_809,3
E0203843_1,agricultural_burning,low,0,1,196_810,0
E0203886_1,agricultural_burning,low,0,1,196_825,0
E0203894_1,agricultural_burning,low,0,1,196_826,4
E0203909_2,agricultural_burning,low,0,1,196_829,3
E0203943_2,agricultural_burning,low,0,1,196_836,4
E0203950_1,agricultural_burning,low,0,1,196_838,2
E0203950_2,agricultural_burning,low,0,1,196_838,2
E0204062_1,agricultural_burning,low,0,1,196_951,2
E0204108_1,agricultural_burning,low,0,1,196_957,4
E0204111_1,agricultural_burning,low,0,1,196_957,4
E0204141_3,agricultural_burning,low,0,1,196_963,2
E0204186_1,agricultural_burning,low,0,1,196_731,2
E0204189_2,agricultural_burning,low,0,1,196_732,0
E0204292_1,agricultural_burning,low,0,1,196_782,4
E0204322_1,agricultural_burning,low,0,1,196_790,0
E0204373_1,agricultural_burning,low,0,1,196_803,3
E0204377_1,agricultural_burning,low,0,1,196_804,1
E0204408_1,agricultural_burning,low,0,1,196_808,1
E0204410_2,agricultural_burning,low,0,1,196_809,3
E0204483_2,agricultural_burning,low,0,1,196_829,3
E0204486_2,agricultural_burning,low,0,1,196_830,4
E0204534_2,agricultural_burning,low,0,1,196_838,2
E0204583_1,agricultural_burning,low,0,1,196_939,2
E0204632_2,agricultural_burning,low,0,1,196_948,2
E0204644_2,agricultural_burning,low,0,1,196_950,1
E0204694_1,agricultural_burning,low,0,1,196_956,4
E0204706_2,agricultural_burning,low,0,1,196_958,1
E0204753_1,agricultural_burning,low,0,1,196_969,1
E0204779_1,agricultural_burning,low,0,1,196_731,2
E0204784_1,agricultural_burning,low,0,1,196_732,0
E0204854_1,industrial_fire,medium,1,1,196_764,1
E0204959_1,agricultural_burning,low,0,1,196_799,0
E0204983_1,agricultural_burning,low,0,1,196_804,1
E0204994_2,agricultural_burning,low,0,1,196_806,2
E0204997_1,agricultural_burning,low,0,1,196_806,2
E0205012_1,agricultural_burning,low,0,1,196_808,1
E0205014_2,agricultural_burning,low,0,1,196_808,1
E0205016_1,agricultural_burning,low,0,1,196_809,3
E0205019_1,agricultural_burning,low,0,1,196_809,3
E0205025_2,agricultural_burning,low,0,1,196_809,3
E0205037_1,agricultural_burning,low,0,1,196_811,1
E0205144_2,agricultural_burning,low,0,1,196_838,2
E0205322_2,agricultural_burning,low,0,1,196_957,4
E0205343_1,agricultural_burning,low,0,1,196_963,2
E0205452_1,industrial_fire,low,0,1,196_756,3
E0205532_1,agricultural_burning,low,0,1,196_786,4
E0205556_2,agricultural_burning,low,0,1,196_790,0
E0205558_1,agricultural_burning,low,0,1,196_790,0
E0205595_2,agricultural_burning,low,0,1,196_800,1
E0205598_1,agricultural_burning,low,0,1,196_801,3
E0205632_2,agricultural_burning,low,0,1,196_806,2
E0205636_1,agricultural_burning,low,0,1,196_807,3
E0205651_1,agricultural_burning,low,0,1,196_808,1
E0205670_1,agricultural_burning,low,0,1,196_811,1
E0205671_1,agricultural_burning,low,0,1,196_811,1
E0205704_1,agricultural_burning,low,0,1,196_825,0
E0205731_3,agricultural_burning,low,0,1,196_830,4
E0205780_1,agricultural_burning,low,0,1,196_837,3
E0205801_1,agricultural_burning,low,0,1,196_840,3
E0205833_2,agricultural_burning,low,0,1,196_941,3
E0205845_1,agricultural_burning,low,0,1,196_945,3
E0205847_2,agricultural_burning,low,0,1,196_945,3
E0205860_2,agricultural_burning,low,0,1,196_946,1
E0205868_2,agricultural_burning,low,0,1,196_947,3
E0206023_2,agricultural_burning,low,0,1,196_731,2
E0206182_1,agricultural_burning,low,0,1,196_795,1
E0206209_1,agricultural_burning,low,0,1,196_800,1
E0206232_1,agricultural_burning,low,0,1,196_804,1
E0206251_2,agricultural_burning,low,0,1,196_807,3
E0206258_1,agricultural_burning,low,0,1,196_808,1
E0206263_1,agricultural_burning,low,0,1,196_809,3
E0206271_1,agricultural_burning,low,0,1,196_810,0
E0206336_2,agricultural_burning,low,0,1,196_829,3
E0206336_3,agricultural_burning,low,0,1,196_829,3
E0206337_4,agricultural_burning,low,0,1,196_829,3
E0206340_4,agricultural_burning,low,0,1,196_830,4
E0206350_1,agricultural_burning,low,0,1,196_832,4
E0206425_1,agricultural_burning,low,0,1,196_939,2
E0206471_1,agricultural_burning,low,0,1,196_948,2
E0206528_2,agricultural_burning,low,0,1,196_956,4
E0206539_1,agricultural_burning,low,0,1,196_957,4
E0206717_2,agricultural_burning,low,0,1,196_782,4
E0206768_2,agricultural_burning,low,0,1,196_796,4
E0206780_2,agricultural_burning,low,0,1,196_799,0
E0206785_1,agricultural_burning,low,0,1,196_800,1
E0206789_1,agricultural_burning,low,0,1,196_800,1
E0206795_1,agricultural_burning,low,0,1,196_801,3
E0206840_1,agricultural_burning,low,0,1,196_808,1
E0206941_1,agricultural_burning,low,0,1,196_832,4
E0206967_1,agricultural_burning,low,0,1,196_836,4
E0207051_1,agricultural_burning,low,0,1,196_945,3
E0207052_1,agricultural_burning,low,0,1,196_945,3
E0207060_1,agricultural_burning,low,0,1,196_946,1
E0207146_1,agricultural_burning,low,0,1,196_957,4
E0207178_2,agricultural_burning,low,0,1,196_963,2
E0207350_2,agricultural_burning,low,0,1,196_796,4
E0207374_1,agricultural_burning,low,0,1,196_800,1
E0207377_1,agricultural_burning,low,0,1,197_800,1
E0207416_1,agricultural_burning,low,0,1,196_807,3
E0207427_1,agricultural_burning,low,0,1,197_808,4
E0207498_1,agricultural_burning,low,0,1,197_826,1
E0207514_1,agricultural_burning,low,0,1,197_829,0
E0207519_1,agricultural_burning,low,0,1,197_830,4
E0207587_1,agricultural_burning,low,0,1,196_842,0
E0207588_1,agricultural_burning,low,0,1,196_842,0
E0207629_1,agricultural_burning,low,0,1,196_945,3
E0207630_1,agricultural_burning,low,0,1,197_945,2
E0207664_2,agricultural_burning,low,0,1,196_948,2
E0207723_2,agricultural_burning,low,0,1,197_956,3
E0207726_1,agricultural_burning,low,0,1,196_957,4
E0207728_1,agricultural_burning,low,0,1,196_957,4
E0207730_1,agricultural_burning,low,0,1,197_957,0
E0207786_1,agricultural_burning,low,0,1,197_729,4
E0207797_1,agricultural_burning,low,0,1,197_732,1
E0207944_1,agricultural_burning,low,0,1,197_795,2
E0207978_1,agricultural_burning,low,0,1,197_801,0
E0208002_1,agricultural_burning,low,0,1,197_804,0
E0208021_3,agricultural_burning,low,0,1,197_807,3
E0208036_1,agricultural_burning,low,0,1,197_809,3
E0208065_1,agricultural_burning,low,0,1,197_819,4
E0208097_1,agricultural_burning,low,0,1,197_825,1
E0208098_1,agricultural_burning,low,0,1,197_825,1
E0208158_1,agricultural_burning,low,0,1,197_837,2
E0208186_2,agricultural_burning,low,0,1,197_840,2
E0208272_2,agricultural_burning,low,0,1,197_946,2
E0208273_1,agricultural_burning,low,0,1,197_947,3
E0208286_2,agricultural_burning,low,0,1,197_948,2
E0208324_2,agricultural_burning,low,0,1,197_953,0
E0208342_1,agricultural_burning,low,0,1,197_957,0
E0208343_1,agricultural_burning,low,0,1,197_957,0
E0208353_1,agricultural_burning,low,0,1,197_958,4
E0208354_1,agricultural_burning,low,0,1,197_958,4
E0208377_1,agricultural_burning,low,0,1,197_963,2
E0208588_2,agricultural_burning,low,0,1,197_800,1
E0208598_2,agricultural_burning,low,0,1,197_801,0
E0208652_2,agricultural_burning,low,0,1,197_809,3
E0208655_1,agricultural_burning,low,0,1,197_809,3
E0208780_1,agricultural_burning,low,0,1,197_837,2
E0208789_3,agricultural_burning,low,0,1,197_838,3
E0208791_3,agricultural_burning,low,0,1,197_838,3
E0208811_1,agricultural_burning,low,0,1,197_841,2
E0208838_1,agricultural_burning,low,0,1,197_935,1
E0208847_1,agricultural_burning,low,0,1,197_938,2
E0208900_1,agricultural_burning,low,0,1,197_948,2
E0208965_1,agricultural_burning,low,0,1,197_956,3
E0208967_1,agricultural_burning,low,0,1,197_956,3
E0208971_3,agricultural_burning,low,0,1,197_957,0
E0208974_1,agricultural_burning,low,0,1,197_957,0
E0209104_1,agricultural_burning,low,0,1,197_774,3
E0209132_1,agricultural_burning,low,0,1,197_781,2
E0209133_1,agricultural_burning,low,0,1,197_781,2
E0209133_2,agricultural_burning,low,0,1,197_781,2
E0209136_1,agricultural_burning,low,0,1,197_782,0
E0209184_3,agricultural_burning,low,0,1,197_799,2
E0209190_1,agricultural_burning,low,0,1,197_800,1
E0209202_1,agricultural_burning,low,0,1,197_801,0
E0209204_2,agricultural_burning,low,0,1,197_801,0
E0209234_1,agricultural_burning,low,0,1,197_807,3
E0209248_1,agricultural_burning,low,0,1,197_808,4
E0209252_1,agricultural_burning,low,0,1,197_809,3
E0209253_1,agricultural_burning,low,0,1,197_809,3
E0209256_1,agricultural_burning,low,0,1,197_809,3
E0209257_1,agricultural_burning,low,0,1,197_809,3
E0209260_2,agricultural_burning,low,0,1,197_810,0
E0209352_3,agricultural_burning,low,0,1,197_832,0
E0209394_2,agricultural_burning,low,0,1,197_838,3
E0209409_1,agricultural_burning,low,0,1,197_840,2
E0209484_3,agricultural_burning,low,0,1,197_946,2
E0209505_1,agricultural_burning,low,0,1,197_948,2
E0209511_2,agricultural_burning,low,0,1,197_949,2
E0209567_1,agricultural_burning,low,0,1,197_956,3
E0209599_1,agricultural_burning,low,0,1,197_963,2
E0209616_1,agricultural_burning,low,0,1,197_969,3
E0209622_1,agricultural_burning,low,0,1,197_728,1
E0209724_2,agricultural_burning,low,0,1,197_782,0
E0209751_1,agricultural_burning,low,0,1,197_795,2
E0209779_2,agricultural_burning,low,0,1,197_800,1
E0209786_1,agricultural_burning,low,0,1,197_801,0
E0209791_1,agricultural_burning,low,0,1,197_801,0
E0209821_1,agricultural_burning,low,0,1,197_807,3
E0209830_2,agricultural_burning,low,0,1,197_808,4
E0209838_1,agricultural_burning,low,0,1,197_809,3
E0209840_1,agricultural_burning,low,0,1,197_809,3
E0209843_1,agricultural_burning,low,0,1,197_809,3
E0209852_1,agricultural_burning,low,0,1,197_810,0
E0209892_3,agricultural_burning,low,0,1,197_823,3
E0209900_1,agricultural_burning,low,0,1,197_825,1
E0209901_1,agricultural_burning,low,0,1,197_825,1
E0209969_1,agricultural_burning,low,0,1,197_837,2
E0209970_2,agricultural_burning,low,0,1,197_837,2
E0209980_1,agricultural_burning,low,0,1,197_838,3
E0209987_1,agricultural_burning,low,0,1,197_839,4
E0210041_1,agricultural_burning,low,0,1,197_939,3
E0210055_2,agricultural_burning,low,0,1,197_945,2
E0210090_2,agricultural_burning,low,0,1,197_949,2
E0210144_1,agricultural_burning,low,0,1,197_957,0
E0210149_1,agricultural_burning,low,0,1,197_958,4
E0210265_1,agricultural_burning,low,0,1,197_762,2
E0210305_1,agricultural_burning,low,0,1,197_782,0
E0210344_2,agricultural_burning,low,0,1,197_796,4
E0210360_1,agricultural_burning,low,0,1,197_799,2
E0210368_1,agricultural_burning,low,0,1,197_800,1
E0210400_2,agricultural_burning,low,0,1,197_807,3
E0210412_1,agricultural_burning,low,0,1,197_808,4
E0210415_1,agricultural_burning,low,0,1,197_808,4
E0210416_1,agricultural_burning,low,0,1,197_808,4
E0210417_1,agricultural_burning,low,0,1,197_809,3
E0210420_1,agricultural_burning,low,0,1,197_809,3
E0210491_2,agricultural_burning,low,0,1,197_825,1
E0210568_3,agricultural_burning,low,0,1,197_838,3
E0210588_1,agricultural_burning,low,0,1,197_842,1
E0210615_1,agricultural_burning,low,0,1,197_938,2
E0210616_1,agricultural_burning,low,0,1,197_938,2
E0210928_1,agricultural_burning,low,0,1,197_792,2
E0210974_1,agricultural_burning,low,0,1,197_801,0
E0211002_1,agricultural_burning,low,0,1,197_806,2
E0211023_2,agricultural_burning,low,0,1,197_808,4
E0211028_1,agricultural_burning,low,0,1,197_809,3
E0211030_1,agricultural_burning,low,0,1,197_809,3
E0211042_1,agricultural_burning,low,0,1,197_811,2
E0211087_1,agricultural_burning,low,0,1,197_823,3
E0211088_2,agricultural_burning,low,0,1,197_823,3
E0211150_1,agricultural_burning,low,0,1,197_835,1
E0211161_2,agricultural_burning,low,0,1,197_837,2
E0211166_4,agricultural_burning,low,0,1,197_838,3
E0211167_1,agricultural_burning,low,0,1,197_838,3
E0211218_2,agricultural_burning,low,0,1,197_939,3
E0211222_2,agricultural_burning,low,0,1,197_940,2
E0211240_3,agricultural_burning,low,0,1,197_945,2
E0211268_2,agricultural_burning,low,0,1,197_948,2
E0211307_1,agricultural_burning,low,0,1,197_953,0
E0211334_1,agricultural_burning,low,0,1,197_957,0
E0211373_1,agricultural_burning,low,0,1,197_969,3
E0211489_1,agricultural_burning,low,0,1,197_781,2
E0211551_2,agricultural_burning,low,0,1,197_800,1
E0211554_1,agricultural_burning,low,0,1,197_800,1
E0211555_1,agricultural_burning,low,0,1,197_800,1
E0211577_1,agricultural_burning,low,0,1,197_804,0
E0211590_2,agricultural_burning,low,0,1,197_806,2
E0211601_1,agricultural_burning,low,0,1,197_808,4
E0211612_3,agricultural_burning,low,0,1,197_809,3
E0211686_1,agricultural_burning,low,0,1,197_823,3
E0211698_1,agricultural_burning,low,0,1,197_825,1
E0211748_2,agricultural_burning,low,0,1,197_835,1
E0211843_1,agricultural_burning,low,0,1,197_942,2
E0211913_1,agricultural_burning,low,0,1,197_953,0
E0211980_2,agricultural_burning,low,0,1,197_969,3
E0212076_2,agricultural_burning,low,0,1,197_775,2
E0212154_1,agricultural_burning,low,0,1,197_799,2
E0212190_1,agricultural_burning,low,0,1,197_804,0
E0212194_1,agricultural_burning,low,0,1,197_805,2
E0212204_1,agricultural_burning,low,0,1,197_807,3
E0212209_2,agricultural_burning,low,0,1,197_808,4
E0212224_1,agricultural_burning,low,0,1,197_809,3
E0212225_1,agricultural_burning,low,0,1,197_809,3
E0212226_1,agricultural_burning,low,0,1,197_809,3
E0212229_1,agricultural_burning,low,0,1,197_810,0
E0212232_1,agricultural_burning,low,0,1,197_810,0
E0212299_1,agricultural_burning,low,0,1,197_825,1
E0212339_1,agricultural_burning,low,0,1,197_833,3
E0212357_2,agricultural_burning,low,0,1,197_835,1
E0212373_4,agricultural_burning,low,0,1,197_838,3
E0212392_1,agricultural_burning,low,0,1,197_841,2
E0212436_1,agricultural_burning,low,0,1,197_939,3
E0212446_1,agricultural_burning,low,0,1,197_942,2
E0212466_1,agricultural_burning,low,0,1,197_945,2
E0212468_1,agricultural_burning,low,0,1,197_946,2
E0212547_2,agricultural_burning,low,0,1,197_957,0
E0212604_2,agricultural_burning,low,0,1,197_729,4
E0212704_1,agricultural_burning,low,0,1,197_784,3
E0212750_2,agricultural_burning,low,0,1,197_800,1
E0212761_1,agricultural_burning,low,0,1,197_801,0
E0212766_2,agricultural_burning,low,0,1,197_802,0
E0212794_2,agricultural_burning,low,0,1,197_805,2
E0212805_2,agricultural_burning,low,0,1,197_807,3
E0212824_3,agricultural_burning,low,0,1,197_809,3
E0212826_1,agricultural_burning,low,0,1,197_809,3
E0212834_2,agricultural_burning,low,0,1,197_810,0
E0212893_1,agricultural_burning,low,0,1,197_823,3
E0212949_3,agricultural_burning,low,0,1,197_835,1
E0212956_1,agricultural_burning,low,0,1,197_836,3
E0212995_1,agricultural_burning,low,0,1,197_842,1
E0213045_1,agricultural_burning,low,0,1,197_944,0
E0213053_2,agricultural_burning,low,0,1,197_945,2
E0213059_1,agricultural_burning,low,0,1,197_946,2
E0213131_1,agricultural_burning,low,0,1,197_957,0
E0213132_2,agricultural_burning,low,0,1,197_957,0
E0213177_4,agricultural_burning,low,0,1,197_968,2
E0213194_1,agricultural_burning,low,0,1,197_729,4
E0213324_6,agricultural_burning,low,0,1,198_788,2
E0213381_2,agricultural_burning,low,0,1,198_805,3
E0213382_2,agricultural_burning,low,0,1,197_805,2
E0213412_1,agricultural_burning,low,0,1,197_809,3
E0213440_2,agricultural_burning,low,0,1,197_816,1
E0213479_2,agricultural_burning,low,0,1,197_823,3
E0213541_1,agricultural_burning,low,0,1,198_836,4
E0213555_2,agricultural_burning,low,0,1,198_838,0
E0213557_2,agricultural_burning,low,0,1,197_838,3
E0213572_1,agricultural_burning,low,0,1,198_841,0
E0213613_2,agricultural_burning,low,0,1,198_938,2
E0213719_2,agricultural_burning,low,0,1,198_957,0
E0213752_1,agricultural_burning,low,0,1,197_966,1
E0213867_1,agricultural_burning,low,0,1,198_781,0
E0213968_2,agricultural_burning,low,0,1,198_809,1
E0213970_1,agricultural_burning,low,0,1,198_809,1
E0213980_2,agricultural_burning,low,0,1,198_810,0
E0214086_2,agricultural_burning,low,0,1,198_835,1
E0214088_1,agricultural_burning,low,0,1,198_836,4
E0214104_2,agricultural_burning,low,0,1,198_838,0
E0214122_1,agricultural_burning,low,0,1,198_841,0
E0214127_1,agricultural_burning,low,0,1,198_841,0
E0214188_1,agricultural_burning,low,0,1,198_944,4
E0214203_1,agricultural_burning,low,0,1,198_946,0
E0214281_1,agricultural_burning,low,0,1,198_957,0
E0214292_1,agricultural_burning,low,0,1,198_959,4
E0214312_1,agricultural_burning,low,0,1,198_963,0
E0214421_1,agricultural_burning,low,0,1,198_774,1
E0214454_1,agricultural_burning,low,0,1,198_792,3
E0214483_1,agricultural_burning,low,0,1,198_801,0
E0214487_1,agricultural_burning,low,0,1,198_802,4
E0214503_1,agricultural_burning,low,0,1,198_805,3
E0214504_2,agricultural_burning,low,0,1,198_805,3
E0214505_1,agricultural_burning,low,0,1,198_805,3
E0214511_1,agricultural_burning,low,0,1,198_806,3
E0214526_1,agricultural_burning,low,0,1,198_808,1
E0214531_2,agricultural_burning,low,0,1,198_809,1
E0214584_1,agricultural_burning,low,0,1,198_822,4
E0214641_1,agricultural_burning,low,0,1,198_834,1
E0214648_2,agricultural_burning,low,0,1,198_835,1
E0214670_1,agricultural_burning,low,0,1,198_838,0
E0214788_1,agricultural_burning,low,0,1,198_949,2
E0214803_1,agricultural_burning,low,0,1,198_951,1
E0214883_3,agricultural_burning,low,0,1,198_968,2
E0214970_1,agricultural_burning,low,0,1,198_774,1
E0215100_1,agricultural_burning,low,0,1,198_811,4
E0215137_1,agricultural_burning,low,0,1,198_822,4
E0215141_1,agricultural_burning,low,0,1,198_823,3
E0215156_3,agricultural_burning,low,0,1,198_824,4
E0215235_2,agricultural_burning,low,0,1,198_840,2
E0215237_1,agricultural_burning,low,0,1,198_840,2
E0215241_1,agricultural_burning,low,0,1,198_840,2
E0215342_2,agricultural_burning,low,0,1,198_948,0
E0215430_1,agricultural_burning,low,0,1,198_966,4
E0215439_2,agricultural_burning,low,0,1,198_968,2
E0215602_2,agricultural_burning,low,0,1,198_800,3
E0215665_2,agricultural_burning,low,0,1,198_810,0
E0215668_1,agricultural_burning,low,0,1,198_810,0
E0215677_1,agricultural_burning,low,0,1,198_811,4
E0215683_1,agricultural_burning,low,0,1,198_812,4
E0215687_1,agricultural_burning,low,0,1,198_814,1
E0215688_1,agricultural_burning,low,0,1,198_814,1
E0215725_2,agricultural_burning,low,0,1,198_823,3
E0215762_2,agricultural_burning,low,0,1,198_832,4
E0215773_1,agricultural_burning,low,0,1,198_834,1
E0215783_1,agricultural_burning,low,0,1,198_835,1
E0215790_1,agricultural_burning,low,0,1,198_836,4
E0215792_1,agricultural_burning,low,0,1,198_836,4
E0215827_1,agricultural_burning,low,0,1,198_842,1
E0215844_1,agricultural_burning,low,0,1,198_844,0
E0215891_2,agricultural_burning,low,0,1,198_944,4
E0215892_1,agricultural_burning,low,0,1,198_944,4
E0215896_2,agricultural_burning,low,0,1,198_945,2
E0215903_1,agricultural_burning,low,0,1,198_946,0
E0215926_4,agricultural_burning,low,0,1,198_948,0
E0215972_1,agricultural_burning,low,0,1,198_958,1
E0216019_1,agricultural_burning,low,0,1,198_968,2
E0216174_2,agricultural_burning,low,0,1,198_800,3
E0216198_1,agricultural_burning,low,0,1,198_803,3
E0216232_1,agricultural_burning,low,0,1,198_807,1
E0216234_1,agricultural_burning,low,0,1,198_808,1
E0216294_1,agricultural_burning,low,0,1,198_822,4
E0216301_1,agricultural_burning,low,0,1,198_823,3
E0216302_1,agricultural_burning,low,0,1,198_823,3
E0216332_2,agricultural_burning,low,0,1,198_830,3
E0216343_1,agricultural_burning,low,0,1,198_832,4
E0216359_1,agricultural_burning,low,0,1,198_835,1
E0216373_3,agricultural_burning,low,0,1,198_837,3
E0216420_1,agricultural_burning,low,0,1,198_849,0
E0216500_2,agricultural_burning,low,0,1,198_948,0
E0216586_1,agricultural_burning,low,0,1,198_968,2
E0216687_2,agricultural_burning,low,0,1,198_783,4
E0216735_1,agricultural_burning,low,0,1,198_801,0
E0216768_1,agricultural_burning,low,0,1,198_806,3
E0216777_1,agricultural_burning,low,0,1,198_807,1
E0216778_1,agricultural_burning,low,0,1,198_807,1
E0216788_2,agricultural_burning,low,0,1,198_809,1
E0216793_1,agricultural_burning,low,0,1,198_810,0
E0216851_1,agricultural_burning,low,0,1,198_823,3
E0216896_1,agricultural_burning,low,0,1,198_834,1
E0217030_1,agricultural_burning,low,0,1,198_949,2
E0217266_1,agricultural_burning,low,0,1,198_798,2
E0217284_2,agricultural_burning,low,0,1,198_801,0
E0217305_1,agricultural_burning,low,0,1,198_804,1
E0217309_1,agricultural_burning,low,0,1,198_805,3
E0217339_1,agricultural_burning,low,0,1,198_808,1
E0217341_1,agricultural_burning,low,0,1,198_809,1
E0217351_2,agricultural_burning,low,0,1,198_810,0
E0217396_2,agricultural_burning,low,0,1,198_822,4
E0217401_1,agricultural_burning,low,0,1,198_822,4
E0217426_1,agricultural_burning,low,0,1,198_830,3
E0217464_1,agricultural_burning,low,0,1,198_836,4
E0217485_1,agricultural_burning,low,0,1,198_839,3
E0217494_1,agricultural_burning,low,0,1,198_842,1
E0217499_1,agricultural_burning,low,0,1,198_842,1
E0217554_1,agricultural_burning,low,0,1,198_939,1
E0217607_1,agricultural_burning,low,0,1,198_948,0
E0217668_1,agricultural_burning,low,0,1,198_959,4
E0217700_1,agricultural_burning,low,0,1,198_967,4
E0217708_1,agricultural_burning,low,0,1,198_968,2
E0217746_1,agricultural_burning,low,0,1,198_737,2
E0217865_1,agricultural_burning,low,0,1,198_801,0
E0217866_1,agricultural_burning,low,0,1,198_801,0
E0217886_1,agricultural_burning,low,0,1,198_805,3
E0217909_1,agricultural_burning,low,0,1,198_808,1
E0217922_1,agricultural_burning,low,0,1,198_810,0
E0217965_2,agricultural_burning,low,0,1,198_822,4
E0217974_2,agricultural_burning,low,0,1,198_823,3
E0218122_2,agricultural_burning,low,0,1,198_943,2
E0218130_1,agricultural_burning,low,0,1,198_944,4
E0218132_1,agricultural_burning,low,0,1,198_944,4
E0218149_1,agricultural_burning,low,0,1,198_946,0
E0218165_1,agricultural_burning,low,0,1,198_948,0
E0218167_1,agricultural_burning,low,0,1,198_948,0
E0218180_1,agricultural_burning,low,0,1,198_950,3
E0218219_1,agricultural_burning,low,0,1,198_957,0
E0218271_1,agricultural_burning,low,0,1,198_968,2
E0218374_1,agricultural_burning,low,0,1,198_774,1
E0218399_1,agricultural_burning,low,0,1,198_787,0
E0218458_1,agricultural_burning,low,0,1,198_804,1
E0218476_1,agricultural_burning,low,0,1,198_806,3
E0218477_1,agricultural_burning,low,0,1,198_806,3
E0218553_1,agricultural_burning,low,0,1,198_825,0
E0218592_2,agricultural_burning,low,0,1,198_835,1
E0218612_1,agricultural_burning,low,0,1,198_837,3
E0218686_1,agricultural_burning,low,0,1,198_940,0
E0218698_1,agricultural_burning,low,0,1,198_944,4
E0218700_1,agricultural_burning,low,0,1,198_944,4
E0218776_1,agricultural_burning,low,0,1,198_957,0
E0218825_1,agricultural_burning,low,0,1,198_968,2
E0218990_2,agricultural_burning,low,0,1,198_801,0
E0218991_2,agricultural_burning,low,0,1,198_801,0
E0219096_1,agricultural_burning,low,0,1,199_822,4
E0219098_2,agricultural_burning,low,0,1,198_822,4
E0219102_2,agricultural_burning,low,0,1,199_822,4
E0219121_1,agricultural_burning,low,0,1,199_829,1
E0219148_1,agricultural_burning,low,0,1,198_835,1
E0219149_1,agricultural_burning,low,0,1,199_835,1
E0219151_3,agricultural_burning,low,0,1,199_835,1
E0219167_1,agricultural_burning,low,0,1,199_837,2
E0219175_1,agricultural_burning,low,0,1,199_838,1
E0219181_1,agricultural_burning,low,0,1,198_839,3
E0219188_1,agricultural_burning,low,0,1,198_842,1
E0219236_1,agricultural_burning,low,0,1,198_943,2
E0219241_1,agricultural_burning,low,0,1,199_944,1
E0219242_2,agricultural_burning,low,0,1,198_944,4
E0219269_1,agricultural_burning,low,0,1,198_947,2
E0219321_1,agricultural_burning,low,0,1,199_957,1
E0219335_2,agricultural_burning,low,0,1,199_959,4
E0219370_1,agricultural_burning,low,0,1,199_968,0
E0219522_1,agricultural_burning,low,0,1,199_802,3
E0219552_1,agricultural_burning,low,0,1,199_806,4
E0219654_1,agricultural_burning,low,0,1,199_833,1
E0219704_1,agricultural_burning,low,0,1,199_842,2
E0219707_1,agricultural_burning,low,0,1,199_842,2
E0219783_2,agricultural_burning,low,0,1,199_945,1
E0219839_2,agricultural_burning,low,0,1,199_955,2
E0219861_1,agricultural_burning,low,0,1,199_959,4
E0219899_1,agricultural_burning,low,0,1,199_967,3
E0220056_1,agricultural_burning,low,0,1,199_802,3
E0220098_2,agricultural_burning,low,0,1,199_807,1
E0220152_1,agricultural_burning,low,0,1,199_822,4
E0220204_2,agricultural_burning,low,0,1,199_834,0
E0220208_4,agricultural_burning,low,0,1,199_835,1
E0220236_2,agricultural_burning,low,0,1,199_838,1
E0220250_1,agricultural_burning,low,0,1,199_841,1
E0220290_2,agricultural_burning,low,0,1,199_939,4
E0220343_1,agricultural_burning,low,0,1,199_947,2
E0220347_2,agricultural_burning,low,0,1,199_948,3
E0220349_2,agricultural_burning,low,0,1,199_948,3
E0220353_2,agricultural_burning,low,0,1,199_948,3
E0220355_2,agricultural_burning,low,0,1,199_948,3
E0220384_1,agricultural_burning,low,0,1,199_957,1
E0220422_1,agricultural_burning,low,0,1,199_963,3
E0220445_2,agricultural_burning,low,0,1,199_967,3
E0220531_1,agricultural_burning,low,0,1,199_770,1
E0220615_1,agricultural_burning,low,0,1,199_801,4
E0220647_1,agricultural_burning,low,0,1,199_806,4
E0220648_1,agricultural_burning,low,0,1,199_806,4
E0220655_1,agricultural_burning,low,0,1,199_807,1
E0220729_1,agricultural_burning,low,0,1,199_825,2
E0220757_1,agricultural_burning,low,0,1,199_834,0
E0220771_1,agricultural_burning,low,0,1,199_836,4
E0220808_1,agricultural_burning,low,0,1,199_842,2
E0220821_1,agricultural_burning,low,0,1,199_852,3
E0220894_2,agricultural_burning,low,0,1,199_947,2
E0220948_1,agricultural_burning,low,0,1,199_958,1
E0220994_1,agricultural_burning,low,0,1,199_968,0
E0221136_1,agricultural_burning,low,0,1,199_793,4
E0221162_1,agricultural_burning,low,0,1,199_801,4
E0221185_1,agricultural_burning,low,0,1,199_804,2
E0221219_1,agricultural_burning,low,0,1,199_808,4
E0221245_1,agricultural_burning,low,0,1,199_816,0
E0221279_3,agricultural_burning,low,0,1,199_825,2
E0221321_2,agricultural_burning,low,0,1,199_836,4
E0221326_2,agricultural_burning,low,0,1,199_836,4
E0221327_1,agricultural_burning,low,0,1,199_836,4
E0221365_1,agricultural_burning,low,0,1,199_843,4
E0221418_1,agricultural_burning,low,0,1,199_943,4
E0221432_1,agricultural_burning,low,0,1,199_945,1
E0221457_2,agricultural_burning,low,0,1,199_948,3
E0221492_1,agricultural_burning,low,0,1,199_957,1
E0221494_1,agricultural_burning,low,0,1,199_957,1
E0221545_1,agricultural_burning,low,0,1,199_969,4
E0221669_1,agricultural_burning,low,0,1,199_787,1
E0221672_1,agricultural_burning,low,0,1,199_787,1
E0221768_1,agricultural_burning,low,0,1,199_806,4
E0221867_1,agricultural_burning,low,0,1,199_834,0
E0221900_2,agricultural_burning,low,0,1,199_839,0
E0221901_1,agricultural_burning,low,0,1,199_839,0
E0221902_1,agricultural_burning,low,0,1,199_839,0
E0221903_1,agricultural_burning,low,0,1,199_839,0
E0221988_1,agricultural_burning,low,0,1,199_944,1
E0222012_1,agricultural_burning,low,0,1,199_947,2
E0222014_2,agricultural_burning,low,0,1,199_947,2
E0222017_1,agricultural_burning,low,0,1,199_948,3
E0222052_1,agricultural_burning,low,0,1,199_957,1
E0222053_1,agricultural_burning,low,0,1,199_957,1
E0222105_1,agricultural_burning,low,0,1,199_969,4
E0222248_1,agricultural_burning,low,0,1,199_794,4
E0222252_1,agricultural_burning,low,0,1,199_795,2
E0222393_2,agricultural_burning,low,0,1,199_822,4
E0222450_2,agricultural_burning,low,0,1,199_835,1
E0222454_2,agricultural_burning,low,0,1,199_836,4
E0222455_1,agricultural_burning,low,0,1,199_836,4
E0222468_1,agricultural_burning,low,0,1,199_838,1
E0222474_1,agricultural_burning,low,0,1,199_839,0
E0222476_1,agricultural_burning,low,0,1,199_839,0
E0222544_1,agricultural_burning,low,0,1,199_943,4
E0222563_1,agricultural_burning,low,0,1,199_945,1
E0222582_1,agricultural_burning,low,0,1,199_947,2
E0222620_2,agricultural_burning,low,0,1,199_957,1
E0222630_1,agricultural_burning,low,0,1,199_959,4
E0222671_1,agricultural_burning,low,0,1,199_966,2
E0222678_1,agricultural_burning,low,0,1,199_967,3
E0222823_6,agricultural_burning,low,0,1,199_790,4
E0222832_2,agricultural_burning,low,0,1,199_793,4
E0222840_1,agricultural_burning,low,0,1,199_794,4
E0222841_1,agricultural_burning,low,0,1,199_794,4
E0222865_1,agricultural_burning,low,0,1,199_800,3
E0222920_2,agricultural_burning,low,0,1,199_809,4
E0222948_1,agricultural_burning,low,0,1,199_820,1
E0223009_1,agricultural_burning,low,0,1,199_834,0
E0223016_1,agricultural_burning,low,0,1,199_835,1
E0223020_2,agricultural_burning,low,0,1,199_835,1
E0223022_1,agricultural_burning,low,0,1,199_836,4
E0223043_1,agricultural_burning,low,0,1,199_839,0
E0223045_3,agricultural_burning,low,0,1,199_839,0
E0223102_1,agricultural_burning,low,0,1,199_940,1
E0223112_1,agricultural_burning,low,0,1,199_943,4
E0223117_1,agricultural_burning,low,0,1,199_943,4
E0223146_1,agricultural_burning,low,0,1,199_947,2
E0223396_1,agricultural_burning,low,0,1,199_793,4
E0223437_1,agricultural_burning,low,0,1,199_802,3
E0223455_3,agricultural_burning,low,0,1,199_804,2
E0223578_1,agricultural_burning,low,0,1,199_835,1
E0223599_2,agricultural_burning,low,0,1,199_838,1
E0223613_1,agricultural_burning,low,0,1,199_841,1
E0223675_1,agricultural_burning,low,0,1,199_940,1
E0223705_1,agricultural_burning,low,0,1,199_945,1
E0223942_1,agricultural_burning,low,0,1,199_787,1
E0224035_1,agricultural_burning,low,0,1,199_807,1
E0224037_1,agricultural_burning,low,0,1,199_808,4
E0224119_1,agricultural_burning,low,0,1,199_829,1
E0224122_1,agricultural_burning,low,0,1,199_829,1
E0224128_1,agricultural_burning,low,0,1,199_830,2
E0224129_1,agricultural_burning,low,0,1,199_830,2
E0224177_1,agricultural_burning,low,0,1,199_839,0
E0224183_1,agricultural_burning,low,0,1,199_841,1
E0224206_1,agricultural_burning,low,0,1,199_929,2
E0224233_1,agricultural_burning,low,0,1,199_940,1
E0224294_2,agricultural_burning,low,0,1,199_948,3
E0224350_1,agricultural_burning,low,0,1,199_960,1
E0224522_1,mining_activity,medium,1,1,200_790,1
E0224572_1,agricultural_burning,low,0,1,200_803,1
E0224665_1,agricultural_burning,low,0,1,200_827,4
E0224687_1,agricultural_burning,low,0,1,199_834,0
E0224717_1,agricultural_burning,low,0,1,200_837,0
E0225104_1,agricultural_burning,low,0,1,200_804,1
E0225107_2,agricultural_burning,low,0,1,200_804,1
E0225108_3,agricultural_burning,low,0,1,200_804,1
E0225177_1,agricultural_burning,low,0,1,200_825,0
E0225181_1,agricultural_burning,low,0,1,200_826,1
E0225200_1,agricultural_burning,low,0,1,200_829,3
E0225215_2,agricultural_burning,low,0,1,200_835,1
E0225219_1,agricultural_burning,low,0,1,200_836,3
E0225238_1,agricultural_burning,low,0,1,200_839,2
E0225238_2,agricultural_burning,low,0,1,200_838,3
E0225240_1,agricultural_burning,low,0,1,200_839,2
E0225250_1,agricultural_burning,low,0,1,200_841,1
E0225394_2,agricultural_burning,low,0,1,200_959,1
E0225420_1,agricultural_burning,low,0,1,200_965,1
E0225553_1,agricultural_burning,low,0,1,200_785,1
E0225568_2,mining_activity,medium,1,1,200_790,1
E0225569_1,mining_activity,medium,1,1,200_790,1
E0225569_5,mining_activity,medium,1,1,200_790,1
E0225569_6,mining_activity,medium,1,1,200_790,1
E0225569_7,mining_activity,medium,1,1,200_790,1
E0225605_1,agricultural_burning,low,0,1,200_801,4
E0225712_2,agricultural_burning,low,0,1,200_824,2
E0225743_2,agricultural_burning,low,0,1,200_829,3
E0225766_2,agricultural_burning,low,0,1,200_836,3
E0225779_1,agricultural_burning,low,0,1,200_838,3
E0225794_2,agricultural_burning,low,0,1,200_841,1
E0225862_2,agricultural_burning,low,0,1,200_943,1
E0225865_1,agricultural_burning,low,0,1,200_943,1
E0226116_1,agricultural_burning,low,0,1,200_800,3
E0226139_1,agricultural_burning,low,0,1,200_804,1
E0226217_1,agricultural_burning,low,0,1,200_822,3
E0226257_1,agricultural_burning,low,0,1,200_829,3
E0226276_1,agricultural_burning,low,0,1,200_835,1
E0226309_1,agricultural_burning,low,0,1,200_840,1
E0226348_1,agricultural_burning,low,0,1,200_935,0
E0226372_1,agricultural_burning,low,0,1,200_943,1
E0226488_2,agricultural_burning,low,0,1,200_966,1
E0226661_1,agricultural_burning,low,0,1,200_800,3
E0226730_1,agricultural_burning,low,0,1,200_816,1
E0226761_2,agricultural_burning,low,0,1,200_822,3
E0226773_1,agricultural_burning,low,0,1,200_823,1
E0226773_2,agricultural_burning,low,0,1,200_823,1
E0226778_1,agricultural_burning,low,0,1,200_824,2
E0226778_2,agricultural_burning,low,0,1,200_824,2
E0226820_1,agricultural_burning,low,0,1,200_834,1
E0226829_1,agricultural_burning,low,0,1,200_835,1
E0226847_1,agricultural_burning,low,0,1,200_838,3
E0226996_1,agricultural_burning,low,0,1,200_957,0
E0227206_3,agricultural_burning,low,0,1,200_801,4
E0227226_1,agricultural_burning,low,0,1,200_803,1
E0227226_2,agricultural_burning,low,0,1,200_803,1
E0227229_1,agricultural_burning,low,0,1,200_804,1
E0227236_1,agricultural_burning,low,0,1,200_805,2
E0227291_1,agricultural_burning,low,0,1,200_821,3
E0227452_2,agricultural_burning,low,0,1,200_944,1
E0227457_4,agricultural_burning,low,0,1,200_945,4
E0227513_1,agricultural_burning,low,0,1,200_957,0
E0227542_2,agricultural_burning,low,0,1,200_963,0
E0227841_1,agricultural_burning,low,0,1,200_835,1
E0227870_1,agricultural_burning,low,0,1,200_840,1
E0227871_1,agricultural_burning,low,0,1,200_840,1
E0227931_1,agricultural_burning,low,0,1,200_943,1
E0228036_1,agricultural_burning,low,0,1,200_960,2
E0228220_2,agricultural_burning,low,0,1,200_801,4
E0228281_2,agricultural_burning,low,0,1,200_820,4
E0228369_2,agricultural_burning,low,0,1,200_840,1
E0228421_1,agricultural_burning,low,0,1,200_939,0
E0228425_1,agricultural_burning,low,0,1,200_941,2
E0228430_1,agricultural_burning,low,0,1,200_943,1
E0228430_2,agricultural_burning,low,0,1,200_943,1
E0228431_1,agricultural_burning,low,0,1,200_943,1
E0228432_1,agricultural_burning,low,0,1,200_943,1
E0228458_1,agricultural_burning,low,0,1,200_946,2
E0228495_1,agricultural_burning,low,0,1,200_956,4
E0228702_1,agricultural_burning,low,0,1,200_798,2
E0228705_1,agricultural_burning,low,0,1,200_799,3
E0228713_1,agricultural_burning,low,0,1,200_800,3
E0228718_1,agricultural_burning,low,0,1,200_801,4
E0228792_1,agricultural_burning,low,0,1,200_820,4
E0228808_1,agricultural_burning,low,0,1,200_822,3
E0228865_2,agricultural_burning,low,0,1,200_838,3
E0228940_1,agricultural_burning,low,0,1,200_941,2
E0228945_1,agricultural_burning,low,0,1,200_943,1
E0228946_1,agricultural_burning,low,0,1,200_943,1
E0228948_1,agricultural_burning,low,0,1,200_943,1
E0229214_1,agricultural_burning,low,0,1,200_800,3
E0229238_1,agricultural_burning,low,0,1,200_803,1
E0229241_1,agricultural_burning,low,0,1,200_804,1
E0229245_1,agricultural_burning,low,0,1,200_804,1
E0229350_1,agricultural_burning,low,0,1,200_834,1
E0229438_1,agricultural_burning,low,0,1,200_936,4
E0229789_1,agricultural_burning,low,0,1,200_820,4
E0229806_1,agricultural_burning,low,0,1,201_823,3
E0229817_1,agricultural_burning,low,0,1,201_824,0
E0229869_1,agricultural_burning,low,0,1,201_837,4
E0229941_1,agricultural_burning,low,0,1,201_937,2
E0229942_1,agricultural_burning,low,0,1,201_937,2
E0229955_1,agricultural_burning,low,0,1,201_944,4
E0230030_1,agricultural_burning,low,0,1,200_956,4
E0230042_1,agricultural_burning,low,0,1,200_959,1
E0230064_1,agricultural_burning,low,0,1,201_964,4
E0230325_1,agricultural_burning,low,0,1,201_824,0
E0230349_1,agricultural_burning,low,0,1,201_829,2
E0230397_1,agricultural_burning,low,0,1,201_841,0
E0230455_1,agricultural_burning,low,0,1,201_937,2
E0230463_1,agricultural_burning,low,0,1,201_943,3
E0230466_1,agricultural_burning,low,0,1,201_943,3
E0230487_1,agricultural_burning,low,0,1,201_945,4
E0230522_1,agricultural_burning,low,0,1,201_955,4
E0230544_1,agricultural_burning,low,0,1,201_958,2
E0230597_1,agricultural_burning,low,0,1,201_967,1
E0230759_1,agricultural_burning,low,0,1,201_815,1
E0230760_1,agricultural_burning,low,0,1,201_815,1
E0230793_1,agricultural_burning,low,0,1,201_823,3
E0230801_1,agricultural_burning,low,0,1,201_824,0
E0230858_2,agricultural_burning,low,0,1,201_836,1
E0230942_1,agricultural_burning,low,0,1,201_937,2
E0230979_1,agricultural_burning,low,0,1,201_946,1
E0231025_1,agricultural_burning,low,0,1,201_958,2
E0231029_1,agricultural_burning,low,0,1,201_958,2
E0231062_1,agricultural_burning,low,0,1,201_963,2
E0231156_1,agricultural_burning,low,0,1,201_766,3
E0231187_1,industrial_fire,low,0,1,201_786,1
E0231195_3,agricultural_burning,low,0,1,201_791,2
E0231323_1,agricultural_burning,low,0,1,201_823,3
E0231394_1,agricultural_burning,low,0,1,201_837,4
E0231425_1,agricultural_burning,low,0,1,201_845,3
E0231478_1,agricultural_burning,low,0,1,201_936,0
E0231479_2,agricultural_burning,low,0,1,201_936,0
E0231483_1,agricultural_burning,low,0,1,201_937,2
E0231580_1,agricultural_burning,low,0,1,201_958,2
E0231610_2,agricultural_burning,low,0,1,201_963,2
E0231763_2,agricultural_burning,low,0,1,201_800,0
E0231768_1,agricultural_burning,low,0,1,201_800,0
E0231859_1,agricultural_burning,low,0,1,201_822,4
E0231869_1,agricultural_burning,low,0,1,201_823,3
E0231922_1,agricultural_burning,low,0,1,201_835,0
E0231935_1,agricultural_burning,low,0,1,201_837,4
E0232019_1,agricultural_burning,low,0,1,201_935,0
E0232024_1,agricultural_burning,low,0,1,201_936,0
E0232027_1,agricultural_burning,low,0,1,201_936,0
E0232029_1,agricultural_burning,low,0,1,201_936,0
E0232031_1,agricultural_burning,low,0,1,201_937,2
E0232051_2,agricultural_burning,low,0,1,201_943,3
E0232055_1,agricultural_burning,low,0,1,201_943,3
E0232149_2,agricultural_burning,low,0,1,201_963,2
E0232386_2,agricultural_burning,low,0,1,201_817,3
E0232402_1,agricultural_burning,low,0,1,201_822,4
E0232403_1,agricultural_burning,low,0,1,201_822,4
E0232467_2,agricultural_burning,low,0,1,201_835,0
E0232476_2,agricultural_burning,low,0,1,201_836,1
E0232578_1,agricultural_burning,low,0,1,201_935,0
E0232587_1,agricultural_burning,low,0,1,201_936,0
E0232589_1,agricultural_burning,low,0,1,201_936,0
E0232590_1,agricultural_burning,low,0,1,201_936,0
E0232593_1,agricultural_burning,low,0,1,201_938,4
E0232626_2,agricultural_burning,low,0,1,201_945,4
E0232627_1,agricultural_burning,low,0,1,201_945,4
E0232668_1,agricultural_burning,low,0,1,201_956,3
E0232679_1,agricultural_burning,low,0,1,201_958,2
E0232878_1,agricultural_burning,low,0,1,201_801,2
E0232952_1,agricultural_burning,low,0,1,201_818,0
E0232967_1,agricultural_burning,low,0,1,201_822,4
E0232974_1,agricultural_burning,low,0,1,201_823,3
E0232994_1,agricultural_burning,low,0,1,201_827,1
E0233021_2,agricultural_burning,low,0,1,201_835,0
E0233041_1,agricultural_burning,low,0,1,201_837,4
E0233055_1,agricultural_burning,low,0,1,201_840,3
E0233145_2,agricultural_burning,low,0,1,201_942,2
E0233252_1,agricultural_burning,low,0,1,201_963,2
E0233284_1,agricultural_burning,low,0,1,201_969,2
E0233370_1,agricultural_burning,low,0,1,201_785,2
E0233427_2,agricultural_burning,low,0,1,201_800,0
E0233505_1,agricultural_burning,low,0,1,201_818,0
E0233522_1,agricultural_burning,low,0,1,201_822,4
E0233536_1,agricultural_burning,low,0,1,201_824,0
E0233549_1,agricultural_burning,low,0,1,201_827,1
E0233591_1,agricultural_burning,low,0,1,201_836,1
E0233613_1,agricultural_burning,low,0,1,201_840,3
E0233685_1,agricultural_burning,low,0,1,201_935,0
E0233708_1,agricultural_burning,low,0,1,201_942,2
E0233711_1,agricultural_burning,low,0,1,201_942,2
E0233716_2,agricultural_burning,low,0,1,201_943,3
E0233743_1,agricultural_burning,low,0,1,201_946,1
E0233969_1,agricultural_burning,low,0,1,201_797,0
E0233970_1,agricultural_burning,low,0,1,201_797,0
E0233971_1,agricultural_burning,low,0,1,201_797,0
E0233989_1,agricultural_burning,low,0,1,201_800,0
E0233990_2,agricultural_burning,low,0,1,201_801,2
E0234003_1,agricultural_burning,low,0,1,201_802,4
E0234015_3,agricultural_burning,low,0,1,201_804,0
E0234070_1,agricultural_burning,low,0,1,201_816,4
E0234077_1,agricultural_burning,low,0,1,201_818,0
E0234130_2,agricultural_burning,low,0,1,201_827,1
E0234161_2,agricultural_burning,low,0,1,201_835,0
E0234170_1,agricultural_burning,low,0,1,201_836,1
E0234172_1,agricultural_burning,low,0,1,201_837,4
E0234405_2,agricultural_burning,low,0,1,201_963,2
E0234414_4,agricultural_burning,low,0,1,201_965,0
E0234432_3,agricultural_burning,low,0,1,201_969,2
E0234550_2,agricultural_burning,low,0,1,201_797,0
E0234580_1,agricultural_burning,low,0,1,201_802,4
E0234603_1,agricultural_burning,low,0,1,201_808,2
E0234620_2,agricultural_burning,low,0,1,201_813,4
E0234724_1,agricultural_burning,low,0,1,201_835,0
E0234729_1,agricultural_burning,low,0,1,201_836,1
E0234744_1,agricultural_burning,low,0,1,201_838,1
E0234823_1,agricultural_burning,low,0,1,201_935,0
E0234844_2,agricultural_burning,low,0,1,201_942,2
E0234955_1,agricultural_burning,low,0,1,201_963,2
E0234956_2,agricultural_burning,low,0,1,201_964,4
E0234961_2,agricultural_burning,low,0,1,201_965,0
E0234962_1,agricultural_burning,low,0,1,201_965,0
E0235073_1,agricultural_burning,low,0,1,201_797,0
E0235095_2,agricultural_burning,low,0,1,202_801,3
E0235107_1,agricultural_burning,low,0,1,202_802,0
E0235126_1,agricultural_burning,low,0,1,201_805,4
E0235152_1,agricultural_burning,low,0,1,201_809,3
E0235166_1,agricultural_burning,low,0,1,201_813,4
E0235181_1,agricultural_burning,low,0,1,202_817,2
E0235207_2,agricultural_burning,low,0,1,201_823,3
E0235211_2,agricultural_burning,low,0,1,202_823,0
E0235266_1,agricultural_burning,low,0,1,201_835,0
E0235277_1,agricultural_burning,low,0,1,201_836,1
E0235388_1,agricultural_burning,low,0,1,201_936,0
E0235413_2,agricultural_burning,low,0,1,201_942,2
E0235423_1,agricultural_burning,low,0,1,202_943,3
E0235436_2,agricultural_burning,low,0,1,202_945,2
E0235484_1,agricultural_burning,low,0,1,202_957,4
E0235524_1,agricultural_burning,low,0,1,202_964,4
E0235525_2,agricultural_burning,low,0,1,201_964,4
E0235532_3,agricultural_burning,low,0,1,202_965,2
E0235560_5,agricultural_burning,low,0,1,202_728,2
E0235560_8,agricultural_burning,low,0,1,202_728,2
E0235703_1,agricultural_burning,low,0,1,202_802,0
E0235712_2,agricultural_burning,low,0,1,202_803,4
E0235723_2,agricultural_burning,low,0,1,202_805,2
E0235763_1,agricultural_burning,low,0,1,202_815,3
E0235765_1,agricultural_burning,low,0,1,202_815,3
E0235869_1,agricultural_burning,low,0,1,202_836,2
E0235872_1,agricultural_burning,low,0,1,202_837,0
E0235875_1,agricultural_burning,low,0,1,202_837,0
E0235964_3,agricultural_burning,low,0,1,202_934,0
E0235975_1,agricultural_burning,low,0,1,202_936,3
E0235983_1,agricultural_burning,low,0,1,202_937,1
E0236001_1,agricultural_burning,low,0,1,202_943,3
E0236004_4,agricultural_burning,low,0,1,202_943,3
E0236068_1,agricultural_burning,low,0,1,202_957,4
E0236335_1,agricultural_burning,low,0,1,202_812,4
E0236378_1,agricultural_burning,low,0,1,202_823,0
E0236386_2,agricultural_burning,low,0,1,202_823,0
E0236449_1,agricultural_burning,low,0,1,202_837,0
E0236449_2,agricultural_burning,low,0,1,202_837,0
E0236460_1,agricultural_burning,low,0,1,202_840,3
E0236467_1,agricultural_burning,low,0,1,202_842,1
E0236470_1,agricultural_burning,low,0,1,202_842,1
E0236476_1,agricultural_burning,low,0,1,202_844,1
E0236543_1,agricultural_burning,low,0,1,202_935,4
E0236546_1,agricultural_burning,low,0,1,202_935,4
E0236555_1,agricultural_burning,low,0,1,202_936,3
E0236558_1,agricultural_burning,low,0,1,202_936,3
E0236562_1,agricultural_burning,low,0,1,202_937,1
E0236563_1,agricultural_burning,low,0,1,202_937,1
E0236571_1,agricultural_burning,low,0,1,202_939,4
E0236806_1,agricultural_burning,low,0,1,202_783,2
E0236831_1,agricultural_burning,low,0,1,202_797,2
E0236831_2,agricultural_burning,low,0,1,202_797,2
E0236844_1,agricultural_burning,low,0,1,202_800,3
E0236860_1,agricultural_burning,low,0,1,202_803,4
E0236873_1,agricultural_burning,low,0,1,202_805,2
E0236925_1,agricultural_burning,low,0,1,202_820,1
E0236942_2,agricultural_burning,low,0,1,202_823,0
E0236957_1,agricultural_burning,low,0,1,202_825,0
E0237002_1,agricultural_burning,low,0,1,202_836,2
E0237003_1,agricultural_burning,low,0,1,202_837,0
E0237020_1,agricultural_burning,low,0,1,202_841,3
E0237096_1,agricultural_burning,low,0,1,202_934,0
E0237109_2,agricultural_burning,low,0,1,202_936,3
E0237125_1,agricultural_burning,low,0,1,202_938,3
E0237126_1,agricultural_burning,low,0,1,202_939,4
E0237127_1,agricultural_burning,low,0,1,202_939,4
E0237258_1,agricultural_burning,low,0,1,202_965,2
E0237275_1,agricultural_burning,low,0,1,202_968,0
E0237287_1,agricultural_burning,low,0,1,202_969,1
E0237393_1,agricultural_burning,low,0,1,202_797,2
E0237466_1,agricultural_burning,low,0,1,202_816,0
E0237486_1,agricultural_burning,low,0,1,202_821,3
E0237619_1,agricultural_burning,low,0,1,202_849,4
E0237691_1,agricultural_burning,low,0,1,202_943,3
E0237696_2,agricultural_burning,low,0,1,202_943,3
E0237799_1,agricultural_burning,low,0,1,202_963,4
E0237949_1,agricultural_burning,low,0,1,202_796,1
E0237997_2,agricultural_burning,low,0,1,202_805,2
E0238036_3,agricultural_burning,low,0,1,202_816,0
E0238105_1,agricultural_burning,low,0,1,202_835,0
E0238246_1,agricultural_burning,low,0,1,202_945,2
E0238279_2,agricultural_burning,low,0,1,202_956,4
E0238337_1,agricultural_burning,low,0,1,202_968,0
E0238516_1,agricultural_burning,low,0,1,202_801,3
E0238578_1,agricultural_burning,low,0,1,202_818,4
E0238661_1,agricultural_burning,low,0,1,202_836,2
E0238703_1,agricultural_burning,low,0,1,202_848,2
E0238764_1,agricultural_burning,low,0,1,202_936,3
E0238766_1,agricultural_burning,low,0,1,202_936,3
E0238926_1,agricultural_burning,low,0,1,202_736,4
E0239018_1,industrial_fire,low,0,1,202_789,2
E0239035_1,agricultural_burning,low,0,1,202_796,1
E0239055_2,agricultural_burning,low,0,1,202_800,3
E0239064_1,agricultural_burning,low,0,1,202_801,3
E0239079_2,agricultural_burning,low,0,1,202_804,4
E0239139_1,agricultural_burning,low,0,1,202_821,3
E0239256_1,agricultural_burning,low,0,1,202_851,0
E0239292_1,agricultural_burning,low,0,1,202_936,3
E0239408_1,agricultural_burning,low,0,1,202_963,4
E0239420_1,agricultural_burning,low,0,1,202_966,3
E0239432_1,agricultural_burning,low,0,1,202_968,0
E0239442_1,agricultural_burning,low,0,1,202_969,1
E0239578_1,agricultural_burning,low,0,1,202_797,2
E0239595_2,agricultural_burning,low,0,1,202_800,3
E0239627_1,agricultural_burning,low,0,1,202_805,2
E0239737_3,agricultural_burning,low,0,1,202_836,2
E0239839_1,agricultural_burning,low,0,1,202_939,4
E0239847_1,agricultural_burning,low,0,1,202_942,4
E0239862_1,agricultural_burning,low,0,1,202_944,4
E0239874_1,agricultural_burning,low,0,1,202_945,2
E0239876_1,agricultural_burning,low,0,1,202_945,2
E0239953_1,agricultural_burning,low,0,1,202_963,4
E0240026_1,agricultural_burning,low,0,1,202_748,2
E0240145_3,agricultural_burning,low,0,1,202_798,2
E0240166_1,agricultural_burning,low,0,1,202_802,0
E0240184_1,agricultural_burning,low,0,1,202_804,4
E0240236_2,agricultural_burning,low,0,1,202_819,4
E0240392_1,agricultural_burning,low,0,1,202_938,3
E0240484_1,agricultural_burning,low,0,1,202_960,2
E0240651_2,agricultural_burning,low,0,1,203_797,2
E0240660_1,agricultural_burning,low,0,1,203_797,2
E0240772_2,agricultural_burning,low,0,1,202_823,0
E0240788_1,agricultural_burning,low,0,1,203_824,4
E0240898_1,agricultural_burning,low,0,1,202_937,1
E0240905_1,agricultural_burning,low,0,1,203_938,0
E0240912_1,agricultural_burning,low,0,1,203_942,4
E0240942_1,agricultural_burning,low,0,1,203_946,3
E0241157_1,agricultural_burning,low,0,1,203_781,4
E0241191_1,agricultural_burning,low,0,1,203_797,2
E0241206_1,agricultural_burning,low,0,1,203_798,1
E0241252_1,agricultural_burning,low,0,1,203_806,0
E0241252_2,agricultural_burning,low,0,1,203_806,0
E0241269_1,agricultural_burning,low,0,1,203_814,4
E0241314_1,agricultural_burning,low,0,1,203_823,3
E0241330_1,agricultural_burning,low,0,1,203_825,2
E0241447_1,agricultural_burning,low,0,1,203_942,4
E0241670_1,agricultural_burning,low,0,1,203_782,3
E0241721_1,agricultural_burning,low,0,1,203_798,1
E0241739_1,agricultural_burning,low,0,1,203_802,1
E0241741_2,agricultural_burning,low,0,1,203_802,1
E0241742_1,agricultural_burning,low,0,1,203_802,1
E0241786_1,agricultural_burning,low,0,1,203_812,2
E0241848_2,agricultural_burning,low,0,1,203_824,4
E0241891_1,agricultural_burning,low,0,1,203_835,1
E0241987_2,agricultural_burning,low,0,1,203_942,4
E0241991_1,agricultural_burning,low,0,1,203_943,4
E0242122_1,agricultural_burning,low,0,1,203_968,0
E0242166_1,agricultural_burning,low,0,1,203_749,2
E0242175_1,agricultural_burning,low,0,1,203_752,0
E0242271_1,agricultural_burning,low,0,1,203_798,1
E0242317_1,agricultural_burning,low,0,1,203_805,3
E0242340_1,agricultural_burning,low,0,1,203_808,1
E0242407_1,agricultural_burning,low,0,1,203_823,3
E0242421_1,agricultural_burning,low,0,1,203_824,4
E0242474_1,agricultural_burning,low,0,1,203_837,2
E0242536_1,agricultural_burning,low,0,1,203_850,1
E0242574_1,agricultural_burning,low,0,1,203_942,4
E0242591_2,agricultural_burning,low,0,1,203_944,0
E0242681_2,agricultural_burning,low,0,1,203_965,1
E0242683_2,agricultural_burning,low,0,1,203_965,1
E0242701_1,agricultural_burning,low,0,1,203_969,0
E0242705_1,agricultural_burning,low,0,1,203_969,0
E0242878_1,agricultural_burning,low,0,1,203_803,3
E0242885_1,agricultural_burning,low,0,1,203_804,3
E0242895_1,agricultural_burning,low,0,1,203_806,0
E0242902_3,agricultural_burning,low,0,1,203_808,1
E0242936_1,agricultural_burning,low,0,1,203_816,4
E0243121_1,agricultural_burning,low,0,1,203_936,2
E0243125_1,agricultural_burning,low,0,1,203_938,0
E0243126_1,agricultural_burning,low,0,1,203_938,0
E0243134_1,agricultural_burning,low,0,1,203_942,4
E0243135_3,agricultural_burning,low,0,1,203_943,4
E0243148_1,agricultural_burning,low,0,1,203_944,0
E0243221_1,agricultural_burning,low,0,1,203_961,3
E0243288_1,agricultural_burning,low,0,1,203_735,2
E0243304_1,agricultural_burning,low,0,1,203_750,0
E0243405_1,agricultural_burning,low,0,1,203_798,1
E0243415_2,agricultural_burning,low,0,1,203_800,3
E0243448_2,agricultural_burning,low,0,1,203_806,0
E0243528_1,agricultural_burning,low,0,1,203_824,4
E0243590_1,agricultural_burning,low,0,1,203_839,4
E0243651_1,agricultural_burning,low,0,1,203_936,2
E0243654_2,agricultural_burning,low,0,1,203_938,0
E0243655_1,agricultural_burning,low,0,1,203_938,0
E0243666_1,agricultural_burning,low,0,1,203_942,4
E0243758_1,agricultural_burning,low,0,1,203_962,0
E0243768_2,agricultural_burning,low,0,1,203_965,1
E0243772_2,agricultural_burning,low,0,1,203_965,1
E0243918_1,agricultural_burning,low,0,1,203_797,2
E0243937_2,agricultural_burning,low,0,1,203_800,3
E0243979_1,agricultural_burning,low,0,1,203_807,0
E0244036_1,agricultural_burning,low,0,1,203_821,4
E0244038_1,agricultural_burning,low,0,1,203_821,4
E0244047_2,agricultural_burning,low,0,1,203_823,3
E0244059_1,agricultural_burning,low,0,1,203_824,4
E0244065_1,agricultural_burning,low,0,1,203_825,2
E0244066_1,agricultural_burning,low,0,1,203_825,2
E0244068_1,agricultural_burning,low,0,1,203_825,2
E0244204_1,agricultural_burning,low,0,1,203_938,0
E0244205_1,agricultural_burning,low,0,1,203_938,0
E0244206_1,agricultural_burning,low,0,1,203_938,0
E0244208_1,agricultural_burning,low,0,1,203_938,0
E0244219_1,agricultural_burning,low,0,1,203_941,2
E0244225_1,agricultural_burning,low,0,1,203_942,4
E0244241_3,agricultural_burning,low,0,1,203_944,0
E0244246_2,agricultural_burning,low,0,1,203_945,2
E0244247_1,agricultural_burning,low,0,1,203_945,2
E0244324_2,agricultural_burning,low,0,1,203_965,1
E0244445_1,agricultural_burning,low,0,1,203_794,0
E0244461_2,agricultural_burning,low,0,1,203_798,1
E0244477_1,agricultural_burning,low,0,1,203_800,3
E0244514_1,agricultural_burning,low,0,1,203_805,3
E0244514_2,agricultural_burning,low,0,1,203_805,3
E0244516_1,agricultural_burning,low,0,1,203_805,3
E0244598_1,agricultural_burning,low,0,1,203_824,4
E0244752_1,agricultural_burning,low,0,1,203_938,0
E0244784_1,agricultural_burning,low,0,1,203_944,0
E0244784_2,agricultural_burning,low,0,1,203_944,0
E0244793_2,agricultural_burning,low,0,1,203_945,2
E0244855_2,agricultural_burning,low,0,1,203_962,0
E0244867_2,agricultural_burning,low,0,1,203_964,3
E0244874_2,agricultural_burning,low,0,1,203_965,1
E0244876_2,agricultural_burning,low,0,1,203_965,1
E0244893_1,agricultural_burning,low,0,1,203_969,0
E0244940_3,industrial_fire,low,0,1,203_750,0
E0245001_2,agricultural_burning,low,0,1,203_783,2
E0245002_2,agricultural_burning,low,0,1,203_784,4
E0245042_1,agricultural_burning,low,0,1,203_800,3
E0245049_2,agricultural_burning,low,0,1,203_801,2
E0245064_2,agricultural_burning,low,0,1,203_803,3
E0245066_1,agricultural_burning,low,0,1,203_803,3
E0245148_1,agricultural_burning,low,0,1,203_823,3
E0245252_1,agricultural_burning,low,0,1,203_844,4
E0245265_1,agricultural_burning,low,0,1,203_847,4
E0245298_2,agricultural_burning,low,0,1,203_933,0
E0245311_1,agricultural_burning,low,0,1,203_938,0
E0245312_1,agricultural_burning,low,0,1,203_938,0
E0245326_1,agricultural_burning,low,0,1,203_942,4
E0245334_1,agricultural_burning,low,0,1,203_943,4
E0245412_1,agricultural_burning,low,0,1,203_962,0
E0245424_1,agricultural_burning,low,0,1,203_965,1
E0245446_1,agricultural_burning,low,0,1,203_969,0
E0245580_1,agricultural_burning,low,0,1,203_797,2
E0245589_2,agricultural_burning,low,0,1,203_799,0
E0245772_2,agricultural_burning,low,0,1,203_839,4
E0245845_1,agricultural_burning,low,0,1,203_942,4
E0245937_1,agricultural_burning,low,0,1,203_963,4
E0245947_1,agricultural_burning,low,0,1,203_964,3
E0245950_1,agricultural_burning,low,0,1,203_965,1
E0245959_1,agricultural_burning,low,0,1,203_965,1
E0245961_1,agricultural_burning,low,0,1,203_966,0
E0246022_1,agricultural_burning,low,0,1,203_752,0
E0246098_1,agricultural_burning,low,0,1,203_797,2
E0246128_1,agricultural_burning,low,0,1,203_803,3
E0246222_1,agricultural_burning,low,0,1,204_824,4
E0246270_2,agricultural_burning,low,0,1,204_835,2
E0246274_1,agricultural_burning,low,0,1,204_836,0
E0246283_1,agricultural_burning,low,0,1,204_837,2
E0246296_2,agricultural_burning,low,0,1,204_839,2
E0246298_1,agricultural_burning,low,0,1,203_839,4
E0246371_1,agricultural_burning,low,0,1,203_938,0
E0246384_1,agricultural_burning,low,0,1,204_942,1
E0246401_1,agricultural_burning,low,0,1,204_944,4
E0246467_1,agricultural_burning,low,0,1,203_963,4
E0246468_1,agricultural_burning,low,0,1,203_963,4
E0246482_2,agricultural_burning,low,0,1,203_965,1
E0246541_1,agricultural_burning,low,0,1,204_752,2
E0246584_1,agricultural_burning,low,0,1,204_781,1
E0246617_1,agricultural_burning,low,0,1,204_795,0
E0246623_1,agricultural_burning,low,0,1,204_797,3
E0246627_2,agricultural_burning,low,0,1,204_797,3
E0246746_1,agricultural_burning,low,0,1,204_824,4
E0246748_1,agricultural_burning,low,0,1,204_825,0
E0246773_1,agricultural_burning,low,0,1,204_831,0
E0246802_2,agricultural_burning,low,0,1,204_837,2
E0246815_1,agricultural_burning,low,0,1,204_839,2
E0246893_1,agricultural_burning,low,0,1,204_935,2
E0246915_1,agricultural_burning,low,0,1,204_942,1
E0246991_2,agricultural_burning,low,0,1,204_963,2
E0247001_1,agricultural_burning,low,0,1,204_965,1
E0247144_1,agricultural_burning,low,0,1,204_798,0
E0247183_1,agricultural_burning,low,0,1,204_805,3
E0247253_1,agricultural_burning,low,0,1,204_823,2
E0247319_1,agricultural_burning,low,0,1,204_837,2
E0247336_1,agricultural_burning,low,0,1,204_839,2
E0247418_1,agricultural_burning,low,0,1,204_941,1
E0247422_1,agricultural_burning,low,0,1,204_942,1
E0247429_1,agricultural_burning,low,0,1,204_943,0
E0247508_2,agricultural_burning,low,0,1,204_962,4
E0247517_1,agricultural_burning,low,0,1,204_963,2
E0247523_3,agricultural_burning,low,0,1,204_965,1
E0247524_2,agricultural_burning,low,0,1,204_965,1
E0247526_1,agricultural_burning,low,0,1,204_965,1
E0247633_1,agricultural_burning,low,0,1,204_781,1
E0247659_1,agricultural_burning,low,0,1,204_797,3
E0247659_2,agricultural_burning,low,0,1,204_797,3
E0247661_2,agricultural_burning,low,0,1,204_798,0
E0247664_1,agricultural_burning,low,0,1,204_798,0
E0247687_1,agricultural_burning,low,0,1,204_805,3
E0247715_1,agricultural_burning,low,0,1,204_809,3
E0247770_1,agricultural_burning,low,0,1,204_823,2
E0247783_1,agricultural_burning,low,0,1,204_824,4
E0247822_1,agricultural_burning,low,0,1,204_835,2
E0247856_1,agricultural_burning,low,0,1,204_840,4
E0247931_1,agricultural_burning,low,0,1,204_938,2
E0247938_2,agricultural_burning,low,0,1,204_941,1
E0247944_1,agricultural_burning,low,0,1,204_942,1
E0248021_2,agricultural_burning,low,0,1,204_963,2
E0248031_1,agricultural_burning,low,0,1,204_965,1
E0248034_2,agricultural_burning,low,0,1,204_965,1
E0248035_3,agricultural_burning,low,0,1,204_965,1
E0248047_1,agricultural_burning,low,0,1,204_967,2
E0248067_1,agricultural_burning,low,0,1,204_736,2
E0248093_1,agricultural_burning,low,0,1,204_753,4
E0248142_1,agricultural_burning,low,0,1,204_782,3
E0248168_1,agricultural_burning,low,0,1,204_797,3
E0248213_1,agricultural_burning,low,0,1,204_807,4
E0248300_1,agricultural_burning,low,0,1,204_828,4
E0248356_1,agricultural_burning,low,0,1,204_839,2
E0248372_1,agricultural_burning,low,0,1,204_844,3
E0248421_1,agricultural_burning,low,0,1,204_934,2
E0248428_1,agricultural_burning,low,0,1,204_937,1
E0248544_1,agricultural_burning,low,0,1,204_965,1
E0248584_1,agricultural_burning,low,0,1,204_739,3
E0248667_1,agricultural_burning,low,0,1,204_797,3
E0248684_1,agricultural_burning,low,0,1,204_800,0
E0248860_2,agricultural_burning,low,0,1,204_837,2
E0248888_1,agricultural_burning,low,0,1,204_844,3
E0249077_4,agricultural_burning,low,0,1,204_969,3
E0249185_2,agricultural_burning,low,0,1,204_797,3
E0249203_1,agricultural_burning,low,0,1,204_798,0
E0249209_2,agricultural_burning,low,0,1,204_800,0
E0249254_1,agricultural_burning,low,0,1,204_809,3
E0249304_1,agricultural_burning,low,0,1,204_823,2
E0249315_1,agricultural_burning,low,0,1,204_825,0
E0249318_1,agricultural_burning,low,0,1,204_825,0
E0249468_1,agricultural_burning,low,0,1,204_943,0
E0249548_1,agricultural_burning,low,0,1,204_962,4
E0249557_1,agricultural_burning,low,0,1,204_963,2
E0249566_1,agricultural_burning,low,0,1,204_965,1
E0249567_1,agricultural_burning,low,0,1,204_965,1
E0249588_1,agricultural_burning,low,0,1,204_969,3
E0249704_1,agricultural_burning,low,0,1,204_800,0
E0249955_1,agricultural_burning,low,0,1,204_941,1
E0249956_1,agricultural_burning,low,0,1,204_941,1
E0249972_2,agricultural_burning,low,0,1,204_943,0
E0249993_1,agricultural_burning,low,0,1,204_945,3
E0250057_1,agricultural_burning,low,0,1,204_963,2
E0250069_1,agricultural_burning,low,0,1,204_965,1
E0250365_1,agricultural_burning,low,0,1,204_833,3
E0250457_1,agricultural_burning,low,0,1,204_938,2
E0250566_1,agricultural_burning,low,0,1,204_962,4
E0250714_1,agricultural_burning,low,0,1,204_797,3
E0250716_1,agricultural_burning,low,0,1,204_797,3
E0250730_1,agricultural_burning,low,0,1,204_800,0
E0250759_2,agricultural_burning,low,0,1,204_805,3
E0250810_2,agricultural_burning,low,0,1,204_819,1
E0250822_1,agricultural_burning,low,0,1,204_820,1
E0250933_1,agricultural_burning,low,0,1,204_844,3
E0250998_1,agricultural_burning,low,0,1,204_938,2
E0251003_1,agricultural_burning,low,0,1,204_939,3
E0251006_2,agricultural_burning,low,0,1,204_941,1
E0251007_1,agricultural_burning,low,0,1,204_941,1
E0251007_2,agricultural_burning,low,0,1,204_941,1
E0251008_1,agricultural_burning,low,0,1,204_941,1
E0251013_1,agricultural_burning,low,0,1,204_941,1
E0251025_3,agricultural_burning,low,0,1,204_943,0
E0251130_1,agricultural_burning,low,0,1,204_969,3
E0251259_1,agricultural_burning,low,0,1,205_803,2
E0251269_1,agricultural_burning,low,0,1,204_804,0
E0251368_1,agricultural_burning,low,0,1,205_825,4
E0251504_1,agricultural_burning,low,0,1,205_927,0
E0251525_1,agricultural_burning,low,0,1,204_941,1
E0251609_1,agricultural_burning,low,0,1,205_962,1
E0251750_1,agricultural_burning,low,0,1,205_800,3
E0251755_1,agricultural_burning,low,0,1,205_801,2
E0251862_2,agricultural_burning,low,0,1,205_824,1
E0251867_1,agricultural_burning,low,0,1,205_825,4
E0252032_1,agricultural_burning,low,0,1,205_934,0
E0252037_1,agricultural_burning,low,0,1,205_941,0
E0252041_2,agricultural_burning,low,0,1,205_941,0
E0252124_2,agricultural_burning,low,0,1,205_963,0
E0252125_2,agricultural_burning,low,0,1,205_963,0
E0252126_3,agricultural_burning,low,0,1,205_963,0
E0252133_2,agricultural_burning,low,0,1,205_964,1
E0252134_1,agricultural_burning,low,0,1,205_964,1
E0252140_1,agricultural_burning,low,0,1,205_965,1
E0252142_1,agricultural_burning,low,0,1,205_965,1
E0252323_1,agricultural_burning,low,0,1,205_806,1
E0252365_2,agricultural_burning,low,0,1,205_817,1
E0252378_1,agricultural_burning,low,0,1,205_820,3
E0252411_1,agricultural_burning,low,0,1,205_825,4
E0252437_1,agricultural_burning,low,0,1,205_831,1
E0252571_2,agricultural_burning,low,0,1,205_929,1
E0252590_1,agricultural_burning,low,0,1,205_941,0
E0252677_1,agricultural_burning,low,0,1,205_962,1
E0252679_1,agricultural_burning,low,0,1,205_963,0
E0252679_2,agricultural_burning,low,0,1,205_963,0
E0252682_2,agricultural_burning,low,0,1,205_963,0
E0252693_1,agricultural_burning,low,0,1,205_965,1
E0252694_1,agricultural_burning,low,0,1,205_965,1
E0252796_1,agricultural_burning,low,0,1,205_795,3
E0252802_1,agricultural_burning,low,0,1,205_796,1
E0252806_1,agricultural_burning,low,0,1,205_796,1
E0252932_2,agricultural_burning,low,0,1,205_824,1
E0253136_2,agricultural_burning,low,0,1,205_942,4
E0253140_2,agricultural_burning,low,0,1,205_942,4
E0253141_1,agricultural_burning,low,0,1,205_942,4
E0253195_1,agricultural_burning,low,0,1,205_956,4
E0253215_1,agricultural_burning,low,0,1,205_962,1
E0253216_2,agricultural_burning,low,0,1,205_962,1
E0253231_1,agricultural_burning,low,0,1,205_965,1
E0253492_1,agricultural_burning,low,0,1,205_825,4
E0253672_2,agricultural_burning,low,0,1,205_941,0
E0253694_1,agricultural_burning,low,0,1,205_944,1
E0253769_1,agricultural_burning,low,0,1,205_963,0
E0253769_2,agricultural_burning,low,0,1,205_963,0
E0253847_1,agricultural_burning,low,0,1,205_757,4
E0253948_1,agricultural_burning,low,0,1,205_804,3
E0254017_1,agricultural_burning,low,0,1,205_820,3
E0254035_1,agricultural_burning,low,0,1,205_824,1
E0254319_1,agricultural_burning,low,0,1,205_965,1
E0254320_1,agricultural_burning,low,0,1,205_965,1
E0254383_1,agricultural_burning,low,0,1,205_758,3
E0254452_2,agricultural_burning,low,0,1,205_800,3
E0254542_1,agricultural_burning,low,0,1,205_823,0
E0254545_1,agricultural_burning,low,0,1,205_823,0
E0254641_1,agricultural_burning,low,0,1,205_842,1
E0254662_2,agricultural_burning,low,0,1,205_845,1
E0254707_2,agricultural_burning,low,0,1,205_926,2
E0254716_1,agricultural_burning,low,0,1,205_929,1
E0254743_1,agricultural_burning,low,0,1,205_941,0
E0254825_1,agricultural_burning,low,0,1,205_963,0
E0254828_1,agricultural_burning,low,0,1,205_963,0
E0254828_2,agricultural_burning,low,0,1,205_963,0
E0254839_1,agricultural_burning,low,0,1,205_964,1
E0254845_1,agricultural_burning,low,0,1,205_965,1
E0254845_2,agricultural_burning,low,0,1,205_965,1
E0254968_1,agricultural_burning,low,0,1,205_801,2
E0255170_1,agricultural_burning,low,0,1,205_840,3
E0255290_2,agricultural_burning,low,0,1,205_940,4
E0255302_1,agricultural_burning,low,0,1,205_942,4
E0255374_1,agricultural_burning,low,0,1,205_962,1
E0255386_1,agricultural_burning,low,0,1,205_963,0
E0255419_1,agricultural_burning,low,0,1,205_969,2
E0255508_2,agricultural_burning,low,0,1,205_800,3
E0255510_3,agricultural_burning,low,0,1,205_801,2
E0255672_1,agricultural_burning,low,0,1,205_840,3
E0255680_1,agricultural_burning,low,0,1,205_841,2
E0255684_1,agricultural_burning,low,0,1,205_841,2
E0255688_1,agricultural_burning,low,0,1,205_842,1
E0255706_1,agricultural_burning,low,0,1,205_845,1
E0255723_1,industrial_fire,low,0,1,205_860,3
E0255754_1,agricultural_burning,low,0,1,205_929,1
E0255754_2,agricultural_burning,low,0,1,205_929,1
E0255777_1,agricultural_burning,low,0,1,205_934,0
E0255838_1,agricultural_burning,low,0,1,205_944,1
E0255900_1,agricultural_burning,low,0,1,205_963,0
E0255903_1,agricultural_burning,low,0,1,205_964,1
E0255904_1,agricultural_burning,low,0,1,205_964,1
E0256132_1,agricultural_burning,low,0,1,205_819,2
E0256152_1,agricultural_burning,low,0,1,205_823,0
E0256158_1,agricultural_burning,low,0,1,205_824,1
E0256239_1,agricultural_burning,low,0,1,205_840,3
E0256241_2,agricultural_burning,low,0,1,205_840,3
E0256272_2,agricultural_burning,low,0,1,205_845,1
E0256324_1,agricultural_burning,low,0,1,205_929,1
E0256346_1,agricultural_burning,low,0,1,205_934,0
E0256348_1,agricultural_burning,low,0,1,205_934,0
E0256365_2,agricultural_burning,low,0,1,205_936,3
E0256401_1,agricultural_burning,low,0,1,205_943,2
E0256460_2,agricultural_burning,low,0,1,205_962,1
E0256469_1,agricultural_burning,low,0,1,205_963,0
E0256475_1,agricultural_burning,low,0,1,205_964,1
E0256516_1,agricultural_burning,low,0,1,205_736,3
E0256595_1,agricultural_burning,low,0,1,205_798,1
E0256761_1,agricultural_burning,low,0,1,205_835,1
E0256762_1,agricultural_burning,low,0,1,205_836,3
E0256764_2,agricultural_burning,low,0,1,206_836,3
E0256765_1,agricultural_burning,low,0,1,206_836,3
E0256821_1,agricultural_burning,low,0,1,206_843,3
E0256875_1,agricultural_burning,low,0,1,205_929,1
E0256923_2,agricultural_burning,low,0,1,206_940,2
E0256925_2,agricultural_burning,low,0,1,206_940,2
E0256955_1,agricultural_burning,low,0,1,205_944,1
E0257015_1,agricultural_burning,low,0,1,205_962,1
E0257017_1,agricultural_burning,low,0,1,206_962,4
E0257017_2,agricultural_burning,low,0,1,205_962,1
E0257025_1,agricultural_burning,low,0,1,206_963,0
E0257030_1,agricultural_burning,low,0,1,206_964,1
E0257060_2,agricultural_burning,low,0,1,206_969,4
E0257171_1,agricultural_burning,low,0,1,206_800,2
E0257171_2,agricultural_burning,low,0,1,206_800,2
E0257226_1,agricultural_burning,low,0,1,206_818,2
E0257227_3,agricultural_burning,low,0,1,206_818,2
E0257268_1,agricultural_burning,low,0,1,206_824,4
E0257349_2,agricultural_burning,low,0,1,206_839,4
E0257375_1,agricultural_burning,low,0,1,206_842,2
E0257438_1,agricultural_burning,low,0,1,206_928,4
E0257497_1,agricultural_burning,low,0,1,206_940,2
E0257522_3,agricultural_burning,low,0,1,206_943,2
E0257524_3,agricultural_burning,low,0,1,206_943,2
E0257608_1,agricultural_burning,low,0,1,206_962,4
E0257615_1,agricultural_burning,low,0,1,206_963,0
E0257624_1,agricultural_burning,low,0,1,206_964,1
E0257664_1,agricultural_burning,low,0,1,206_737,2
E0257665_1,agricultural_burning,low,0,1,206_738,3
E0257772_1,agricultural_burning,low,0,1,206_805,3
E0257845_1,agricultural_burning,low,0,1,206_822,0
E0257850_1,agricultural_burning,low,0,1,206_823,4
E0257893_2,agricultural_burning,low,0,1,206_831,4
E0257965_2,agricultural_burning,low,0,1,206_842,2
E0258058_1,agricultural_burning,low,0,1,206_934,1
E0258060_1,agricultural_burning,low,0,1,206_934,1
E0258062_1,agricultural_burning,low,0,1,206_934,1
E0258075_1,agricultural_burning,low,0,1,206_937,0
E0258097_1,agricultural_burning,low,0,1,206_941,3
E0258170_1,agricultural_burning,low,0,1,206_958,3
E0258192_2,agricultural_burning,low,0,1,206_963,0
E0258193_1,agricultural_burning,low,0,1,206_963,0
E0258194_1,agricultural_burning,low,0,1,206_963,0
E0258237_1,agricultural_burning,low,0,1,206_737,2
E0258392_1,agricultural_burning,low,0,1,206_818,2
E0258458_2,agricultural_burning,low,0,1,206_829,0
E0258585_1,agricultural_burning,low,0,1,206_865,4
E0258597_1,agricultural_burning,low,0,1,206_927,4
E0258624_1,agricultural_burning,low,0,1,206_933,2
E0258640_1,agricultural_burning,low,0,1,206_937,0
E0258641_1,agricultural_burning,low,0,1,206_937,0
E0258655_1,agricultural_burning,low,0,1,206_940,2
E0258680_1,agricultural_burning,low,0,1,206_943,2
E0258682_1,agricultural_burning,low,0,1,206_943,2
E0258684_2,agricultural_burning,low,0,1,206_943,2
E0258743_3,agricultural_burning,low,0,1,206_962,4
E0258745_2,agricultural_burning,low,0,1,206_962,4
E0258750_1,agricultural_burning,low,0,1,206_963,0
E0258752_1,agricultural_burning,low,0,1,206_963,0
E0258758_1,agricultural_burning,low,0,1,206_964,1
E0258903_1,agricultural_burning,low,0,1,206_804,3
E0258928_1,agricultural_burning,low,0,1,206_816,1
E0259045_1,agricultural_burning,low,0,1,206_837,0
E0259046_1,agricultural_burning,low,0,1,206_837,0
E0259061_1,agricultural_burning,low,0,1,206_840,1
E0259084_2,agricultural_burning,low,0,1,206_843,3
E0259178_1,agricultural_burning,low,0,1,206_934,1
E0259179_1,agricultural_burning,low,0,1,206_934,1
E0259181_1,agricultural_burning,low,0,1,206_934,1
E0259227_1,agricultural_burning,low,0,1,206_943,2
E0259233_1,agricultural_burning,low,0,1,206_943,2
E0259295_1,agricultural_burning,low,0,1,206_962,4
E0259303_1,agricultural_burning,low,0,1,206_963,0
E0259305_1,agricultural_burning,low,0,1,206_963,0
E0259307_1,agricultural_burning,low,0,1,206_963,0
E0259430_1,agricultural_burning,low,0,1,206_797,4
E0259442_1,agricultural_burning,low,0,1,206_801,3
E0259456_1,agricultural_burning,low,0,1,206_803,4
E0259520_1,agricultural_burning,low,0,1,206_822,0
E0259644_1,agricultural_burning,low,0,1,206_846,1
E0259671_1,agricultural_burning,low,0,1,206_866,0
E0259715_3,agricultural_burning,low,0,1,206_931,3
E0259730_1,agricultural_burning,low,0,1,206_934,1
E0259760_1,agricultural_burning,low,0,1,206_940,2
E0259786_3,agricultural_burning,low,0,1,206_943,2
E0259857_1,agricultural_burning,low,0,1,206_962,4
E0259859_2,agricultural_burning,low,0,1,206_962,4
E0259860_1,agricultural_burning,low,0,1,206_962,4
E0259867_1,agricultural_burning,low,0,1,206_963,0
E0259868_2,agricultural_burning,low,0,1,206_963,0
E0259869_1,agricultural_burning,low,0,1,206_963,0
E0259870_2,agricultural_burning,low,0,1,206_963,0
E0259871_3,agricultural_burning,low,0,1,206_963,0
E0260013_1,agricultural_burning,low,0,1,206_800,2
E0260021_1,agricultural_burning,low,0,1,206_802,1
E0260029_1,agricultural_burning,low,0,1,206_803,4
E0260116_2,agricultural_burning,low,0,1,206_827,4
E0260174_1,agricultural_burning,low,0,1,206_838,0
E0260266_1,agricultural_burning,low,0,1,206_928,4
E0260302_1,agricultural_burning,low,0,1,206_934,1
E0260303_1,agricultural_burning,low,0,1,206_934,1
E0260304_1,agricultural_burning,low,0,1,206_934,1
E0260336_1,agricultural_burning,low,0,1,206_940,2
E0260336_2,agricultural_burning,low,0,1,206_940,2
E0260436_3,agricultural_burning,low,0,1,206_962,4
E0260472_1,agricultural_burning,low,0,1,206_969,4
E0260566_2,agricultural_burning,low,0,1,206_796,2
E0260581_2,agricultural_burning,low,0,1,206_800,2
E0260685_1,agricultural_burning,low,0,1,206_826,2
E0260722_1,agricultural_burning,low,0,1,206_834,3
E0260781_1,agricultural_burning,low,0,1,206_842,2
E0260823_1,agricultural_burning,low,0,1,206_860,1
E0260875_1,agricultural_burning,low,0,1,206_933,2
E0260880_1,agricultural_burning,low,0,1,206_934,1
E0260881_1,agricultural_burning,low,0,1,206_934,1
E0260897_1,agricultural_burning,low,0,1,206_939,0
E0260906_1,agricultural_burning,low,0,1,206_940,2
E0260911_4,agricultural_burning,low,0,1,206_941,3
E0261013_1,agricultural_burning,low,0,1,206_964,1
E0261032_3,agricultural_burning,low,0,1,206_969,4
E0261148_2,agricultural_burning,low,0,1,206_800,2
E0261149_2,agricultural_burning,low,0,1,206_800,2
E0261150_1,agricultural_burning,low,0,1,206_801,3
E0261151_1,agricultural_burning,low,0,1,206_801,3
E0261355_1,agricultural_burning,low,0,1,206_848,4
E0261389_1,agricultural_burning,low,0,1,206_927,4
E0261420_1,agricultural_burning,low,0,1,206_933,2
E0261425_1,agricultural_burning,low,0,1,206_934,1
E0261426_1,agricultural_burning,low,0,1,206_934,1
E0261448_1,agricultural_burning,low,0,1,206_940,2
E0261453_4,agricultural_burning,low,0,1,206_941,3
E0261455_1,agricultural_burning,low,0,1,206_941,3
E0261531_1,agricultural_burning,low,0,1,206_961,0
E0261538_1,agricultural_burning,low,0,1,206_962,4
E0261547_2,agricultural_burning,low,0,1,206_963,0
E0261660_1,agricultural_burning,low,0,1,206_792,0
E0261675_1,agricultural_burning,low,0,1,206_796,2
E0261685_2,agricultural_burning,low,0,1,206_800,2
E0261772_1,agricultural_burning,low,0,1,206_824,4
E0261833_2,agricultural_burning,low,0,1,206_839,4
E0261874_1,agricultural_burning,low,0,1,206_846,1
E0261907_1,agricultural_burning,low,0,1,206_925,2
E0261936_2,agricultural_burning,low,0,1,206_931,3
E0261944_1,agricultural_burning,low,0,1,206_934,1
E0261946_1,agricultural_burning,low,0,1,206_934,1
E0261956_1,agricultural_burning,low,0,1,206_939,0
E0261957_1,agricultural_burning,low,0,1,206_939,0
E0261958_1,agricultural_burning,low,0,1,206_940,2
E0262064_1,agricultural_burning,low,0,1,206_963,0
E0262072_1,agricultural_burning,low,0,1,206_964,1
E0262078_1,agricultural_burning,low,0,1,206_965,4
E0262171_1,agricultural_burning,low,0,1,206_783,4
E0262191_1,agricultural_burning,low,0,1,206_796,2
E0262193_1,agricultural_burning,low,0,1,206_796,2
E0262221_1,agricultural_burning,low,0,1,206_803,4
E0262230_1,agricultural_burning,low,0,1,207_805,2
E0262377_1,agricultural_burning,low,0,1,206_841,4
E0262379_1,agricultural_burning,low,0,1,207_841,2
E0262416_3,agricultural_burning,low,0,1,206_855,3
E0262458_1,agricultural_burning,low,0,1,207_932,3
E0262459_1,agricultural_burning,low,0,1,207_933,3
E0262480_1,agricultural_burning,low,0,1,207_940,0
E0262482_1,agricultural_burning,low,0,1,207_940,0
E0262488_1,agricultural_burning,low,0,1,207_941,4
E0262503_1,agricultural_burning,low,0,1,206_942,1
E0262586_2,agricultural_burning,low,0,1,207_963,1
E0262588_2,agricultural_burning,low,0,1,206_963,0
E0262593_1,agricultural_burning,low,0,1,206_964,1
E0262981_1,agricultural_burning,low,0,1,207_932,3
E0262982_1,agricultural_burning,low,0,1,207_932,3
E0262985_1,agricultural_burning,low,0,1,207_933,3
E0262992_1,agricultural_burning,low,0,1,207_937,0
E0263010_2,agricultural_burning,low,0,1,207_940,0
E0263011_1,agricultural_burning,low,0,1,207_940,0
E0263121_1,agricultural_burning,low,0,1,207_964,4
E0263241_2,agricultural_burning,low,0,1,207_797,4
E0263258_1,agricultural_burning,low,0,1,207_802,1
E0263415_2,agricultural_burning,low,0,1,207_836,2
E0263441_1,agricultural_burning,low,0,1,207_840,1
E0263448_2,agricultural_burning,low,0,1,207_841,2
E0263526_1,agricultural_burning,low,0,1,207_933,3
E0263538_1,agricultural_burning,low,0,1,207_937,0
E0263543_1,agricultural_burning,low,0,1,207_939,3
E0263544_1,agricultural_burning,low,0,1,207_939,3
E0263619_2,agricultural_burning,low,0,1,207_955,4
E0263648_1,agricultural_burning,low,0,1,207_963,1
E0263651_1,agricultural_burning,low,0,1,207_963,1
E0263652_1,agricultural_burning,low,0,1,207_963,1
E0263655_2,agricultural_burning,low,0,1,207_964,4
E0263669_1,agricultural_burning,low,0,1,207_965,4
E0263669_2,agricultural_burning,low,0,1,207_965,4
E0263699_1,agricultural_burning,low,0,1,207_735,2
E0263766_1,agricultural_burning,low,0,1,207_796,1
E0263795_2,agricultural_burning,low,0,1,207_802,1
E0263799_1,agricultural_burning,low,0,1,207_802,1
E0263871_1,agricultural_burning,low,0,1,207_821,4
E0264086_1,agricultural_burning,low,0,1,207_933,3
E0264089_1,agricultural_burning,low,0,1,207_934,1
E0264095_1,agricultural_burning,low,0,1,207_939,3
E0264103_1,agricultural_burning,low,0,1,207_940,0
E0264252_1,agricultural_burning,low,0,1,207_736,0
E0264346_1,agricultural_burning,low,0,1,207_796,1
E0264347_2,agricultural_burning,low,0,1,207_797,4
E0264361_1,agricultural_burning,low,0,1,207_801,2
E0264395_1,agricultural_burning,low,0,1,207_806,1
E0264453_2,agricultural_burning,low,0,1,207_821,4
E0264582_2,agricultural_burning,low,0,1,207_846,0
E0264642_1,agricultural_burning,low,0,1,207_930,2
E0264646_1,agricultural_burning,low,0,1,207_931,1
E0264686_1,agricultural_burning,low,0,1,207_941,4
E0264688_3,agricultural_burning,low,0,1,207_942,2
E0264709_2,agricultural_burning,low,0,1,207_945,0
E0264769_1,agricultural_burning,low,0,1,207_962,1
E0264779_3,agricultural_burning,low,0,1,207_964,4
E0264801_1,agricultural_burning,low,0,1,207_968,0
E0264822_1,agricultural_burning,low,0,1,207_735,2
E0265130_1,agricultural_burning,low,0,1,207_845,1
E0265184_1,agricultural_burning,low,0,1,207_928,4
E0265219_1,agricultural_burning,low,0,1,207_939,3
E0265224_1,agricultural_burning,low,0,1,207_940,0
E0265231_2,agricultural_burning,low,0,1,207_940,0
E0265245_2,agricultural_burning,low,0,1,207_942,2
E0265317_1,agricultural_burning,low,0,1,207_962,1
E0265331_1,agricultural_burning,low,0,1,207_964,4
E0265356_2,agricultural_burning,low,0,1,207_968,0
E0265383_1,agricultural_burning,low,0,1,207_735,2
E0265447_1,agricultural_burning,low,0,1,207_793,4
E0265458_1,agricultural_burning,low,0,1,207_801,2
E0265459_1,agricultural_burning,low,0,1,207_801,2
E0265461_1,agricultural_burning,low,0,1,207_802,1
E0265465_1,agricultural_burning,low,0,1,207_802,1
E0265563_1,agricultural_burning,low,0,1,207_823,4
E0265651_1,agricultural_burning,low,0,1,207_841,2
E0265670_1,agricultural_burning,low,0,1,207_846,0
E0265761_1,agricultural_burning,low,0,1,207_939,3
E0265762_1,agricultural_burning,low,0,1,207_939,3
E0265769_1,agricultural_burning,low,0,1,207_940,0
E0265784_1,agricultural_burning,low,0,1,207_942,2
E0265791_1,agricultural_burning,low,0,1,207_942,2
E0265867_1,agricultural_burning,low,0,1,207_962,1
E0265905_4,agricultural_burning,low,0,1,207_969,3
E0265927_1,agricultural_burning,low,0,1,207_735,2
E0266017_2,agricultural_burning,low,0,1,207_802,1
E0266020_1,agricultural_burning,low,0,1,207_803,4
E0266300_1,agricultural_burning,low,0,1,207_931,1
E0266310_1,agricultural_burning,low,0,1,207_933,3
E0266352_3,agricultural_burning,low,0,1,207_942,2
E0266353_3,agricultural_burning,low,0,1,207_942,2
E0266357_2,agricultural_burning,low,0,1,207_942,2
E0266449_1,agricultural_burning,low,0,1,207_962,1
E0266479_1,agricultural_burning,low,0,1,207_968,0
E0266541_2,agricultural_burning,low,0,1,207_758,1
E0266584_1,agricultural_burning,low,0,1,207_795,2
E0266612_1,agricultural_burning,low,0,1,207_804,2
E0266832_6,agricultural_burning,low,0,1,207_853,4
E0266902_1,agricultural_burning,low,0,1,207_933,3
E0266903_1,agricultural_burning,low,0,1,207_933,3
E0266904_1,agricultural_burning,low,0,1,207_933,3
E0266914_1,agricultural_burning,low,0,1,207_938,1
E0266917_1,agricultural_burning,low,0,1,207_939,3
E0266926_1,agricultural_burning,low,0,1,207_939,3
E0266927_1,agricultural_burning,low,0,1,207_939,3
E0266929_1,agricultural_burning,low,0,1,207_940,0
E0266931_2,agricultural_burning,low,0,1,207_940,0
E0266941_3,agricultural_burning,low,0,1,207_941,4
E0266945_1,agricultural_burning,low,0,1,207_941,4
E0266948_2,agricultural_burning,low,0,1,207_942,2
E0266953_1,agricultural_burning,low,0,1,207_942,2
E0266968_1,agricultural_burning,low,0,1,207_945,0
E0267220_2,agricultural_burning,low,0,1,207_802,1
E0267285_1,agricultural_burning,low,0,1,207_815,1
E0267455_1,agricultural_burning,low,0,1,207_849,3
E0267528_1,agricultural_burning,low,0,1,207_933,3
E0267539_1,agricultural_burning,low,0,1,207_937,0
E0267558_1,agricultural_burning,low,0,1,207_940,0
E0267575_1,agricultural_burning,low,0,1,207_942,2
E0267577_1,agricultural_burning,low,0,1,207_942,2
E0267578_1,agricultural_burning,low,0,1,207_942,2
E0267579_1,agricultural_burning,low,0,1,207_942,2
E0267811_1,agricultural_burning,low,0,1,207_801,2
E0267837_1,agricultural_burning,low,0,1,208_804,0
E0267883_2,agricultural_burning,low,0,1,207_816,3
E0268058_4,industrial_fire,medium,1,1,207_852,3
E0268058_5,industrial_fire,medium,1,1,207_852,3
E0268121_1,agricultural_burning,low,0,1,207_933,3
E0268124_1,agricultural_burning,low,0,1,207_933,3
E0268146_1,agricultural_burning,low,0,1,207_939,3
E0268168_1,agricultural_burning,low,0,1,208_942,2
E0268296_2,agricultural_burning,low,0,1,208_735,2
E0268297_1,agricultural_burning,low,0,1,208_735,2
E0268359_5,industrial_fire,low,0,1,208_780,4
E0268532_1,agricultural_burning,low,0,1,208_823,0
E0268714_1,agricultural_burning,low,0,1,208_932,2
E0268732_1,agricultural_burning,low,0,1,208_938,1
E0268741_1,agricultural_burning,low,0,1,208_939,3
E0268745_1,agricultural_burning,low,0,1,208_939,3
E0268756_2,agricultural_burning,low,0,1,208_940,0
E0268772_1,agricultural_burning,low,0,1,208_942,2
E0268780_3,agricultural_burning,low,0,1,208_942,2
E0268846_1,agricultural_burning,low,0,1,208_963,3
E0268859_1,agricultural_burning,low,0,1,208_965,1
E0268860_1,agricultural_burning,low,0,1,208_965,1
E0268897_1,agricultural_burning,low,0,1,208_735,2
E0269003_1,agricultural_burning,low,0,1,208_800,3
E0269078_1,agricultural_burning,low,0,1,208_816,2
E0269276_3,agricultural_burning,low,0,1,208_869,2
E0269311_1,agricultural_burning,low,0,1,208_933,4
E0269323_1,agricultural_burning,low,0,1,208_938,1
E0269324_1,agricultural_burning,low,0,1,208_938,1
E0269339_2,agricultural_burning,low,0,1,208_940,0
E0269342_3,agricultural_burning,low,0,1,208_940,0
E0269347_2,agricultural_burning,low,0,1,208_941,4
E0269357_1,agricultural_burning,low,0,1,208_942,2
E0269503_1,agricultural_burning,low,0,1,208_734,0
E0269511_1,agricultural_burning,low,0,1,208_735,2
E0269551_1,agricultural_burning,low,0,1,208_758,4
E0269615_1,agricultural_burning,low,0,1,208_803,4
E0269912_1,agricultural_burning,low,0,1,208_935,4
E0269914_1,agricultural_burning,low,0,1,208_938,1
E0269918_2,agricultural_burning,low,0,1,208_938,1
E0269919_1,agricultural_burning,low,0,1,208_938,1
E0269920_2,agricultural_burning,low,0,1,208_938,1
E0269921_2,agricultural_burning,low,0,1,208_938,1
E0269931_1,agricultural_burning,low,0,1,208_939,3
E0269942_1,agricultural_burning,low,0,1,208_940,0
E0270043_1,agricultural_burning,low,0,1,208_964,2
E0270106_1,agricultural_burning,low,0,1,208_734,0
E0270219_1,agricultural_burning,low,0,1,208_803,4
E0270270_2,agricultural_burning,low,0,1,208_813,0
E0270517_1,agricultural_burning,low,0,1,208_935,4
E0270518_1,agricultural_burning,low,0,1,208_935,4
E0270530_2,agricultural_burning,low,0,1,208_938,1
E0270531_1,agricultural_burning,low,0,1,208_938,1
E0270531_2,agricultural_burning,low,0,1,208_938,1
E0270532_1,agricultural_burning,low,0,1,208_938,1
E0270557_1,agricultural_burning,low,0,1,208_941,4
E0270573_1,agricultural_burning,low,0,1,208_943,2
E0270628_1,agricultural_burning,low,0,1,208_962,0
E0270657_1,agricultural_burning,low,0,1,208_968,0
E0270697_2,agricultural_burning,low,0,1,208_734,0
E0270724_1,agricultural_burning,low,0,1,208_739,1
E0270820_1,agricultural_burning,low,0,1,208_803,4
E0270847_3,agricultural_burning,low,0,1,208_811,4
E0270867_1,agricultural_burning,low,0,1,208_813,0
E0270977_1,agricultural_burning,low,0,1,208_836,4
E0271068_1,agricultural_burning,low,0,1,208_928,4
E0271097_1,agricultural_burning,low,0,1,208_935,4
E0271101_1,agricultural_burning,low,0,1,208_937,0
E0271102_1,agricultural_burning,low,0,1,208_938,1
E0271107_2,agricultural_burning,low,0,1,208_938,1
E0271163_1,agricultural_burning,low,0,1,208_944,2
E0271235_1,agricultural_burning,low,0,1,208_964,2
E0271253_2,agricultural_burning,low,0,1,208_969,1
E0271254_2,agricultural_burning,low,0,1,208_969,1
E0271255_2,agricultural_burning,low,0,1,208_969,1
E0271290_1,agricultural_burning,low,0,1,208_734,0
E0271296_1,agricultural_burning,low,0,1,208_735,2
E0271529_1,agricultural_burning,low,0,1,208_828,2
E0271647_1,agricultural_burning,low,0,1,208_923,2
E0271667_1,agricultural_burning,low,0,1,208_928,4
E0271670_1,agricultural_burning,low,0,1,208_928,4
E0271682_1,agricultural_burning,low,0,1,208_931,3
E0271692_1,agricultural_burning,low,0,1,208_935,4
E0271694_1,agricultural_burning,low,0,1,208_935,4
E0271695_1,agricultural_burning,low,0,1,208_935,4
E0271710_2,agricultural_burning,low,0,1,208_939,3
E0271747_1,agricultural_burning,low,0,1,208_942,2
E0271865_6,agricultural_burning,low,0,1,208_705,1
E0271865_9,agricultural_burning,low,0,1,208_705,1
E0271866_13,agricultural_burning,low,0,1,208_705,1
E0271866_5,agricultural_burning,low,0,1,208_705,1
E0271887_1,agricultural_burning,low,0,1,208_733,2
E0271960_2,agricultural_burning,low,0,1,208_791,2
E0272281_1,agricultural_burning,low,0,1,208_935,4
E0272290_1,agricultural_burning,low,0,1,208_938,1
E0272298_2,agricultural_burning,low,0,1,208_939,3
E0272304_1,agricultural_burning,low,0,1,208_939,3
E0272310_2,agricultural_burning,low,0,1,208_940,0
E0272321_1,agricultural_burning,low,0,1,208_941,4
E0272327_2,agricultural_burning,low,0,1,208_942,2
E0272329_1,agricultural_burning,low,0,1,208_942,2
E0272382_3,agricultural_burning,low,0,1,208_956,3
E0272410_2,agricultural_burning,low,0,1,208_963,3
E0272410_4,agricultural_burning,low,0,1,208_963,3
E0272410_9,agricultural_burning,low,0,1,208_963,3
E0272442_2,agricultural_burning,low,0,1,208_704,1
E0272550_1,agricultural_burning,low,0,1,208_788,0
E0272709_1,agricultural_burning,low,0,1,208_828,2
E0272870_1,agricultural_burning,low,0,1,208_928,4
E0272880_1,agricultural_burning,low,0,1,208_931,3
E0272897_1,agricultural_burning,low,0,1,208_937,0
E0272898_1,agricultural_burning,low,0,1,208_938,1
E0272901_2,agricultural_burning,low,0,1,208_938,1
E0272924_2,agricultural_burning,low,0,1,208_940,0
E0272925_2,agricultural_burning,low,0,1,208_941,4
E0272934_2,agricultural_burning,low,0,1,208_941,4
E0272937_1,agricultural_burning,low,0,1,208_942,2
E0272945_1,agricultural_burning,low,0,1,208_942,2
E0272955_1,agricultural_burning,low,0,1,208_944,2
E0273023_1,agricultural_burning,low,0,1,208_963,3
E0273105_1,agricultural_burning,low,0,1,208_736,0
E0273335_2,agricultural_burning,low,0,1,208_827,2
E0273343_2,agricultural_burning,low,0,1,208_828,2
E0273388_1,agricultural_burning,low,0,1,208_836,4
E0273423_1,agricultural_burning,low,0,1,208_841,0
E0273470_1,agricultural_burning,low,0,1,208_857,3
E0273506_1,agricultural_burning,low,0,1,208_928,4
E0273532_1,agricultural_burning,low,0,1,208_938,1
E0273553_1,agricultural_burning,low,0,1,208_940,0
E0273559_1,agricultural_burning,low,0,1,208_941,4
E0273559_2,agricultural_burning,low,0,1,208_941,4
E0273560_1,agricultural_burning,low,0,1,208_941,4
E0273576_1,agricultural_burning,low,0,1,208_943,2
E0273644_2,agricultural_burning,low,0,1,208_962,0
E0273645_1,agricultural_burning,low,0,1,208_962,0
E0273648_1,agricultural_burning,low,0,1,208_963,3
E0273651_2,agricultural_burning,low,0,1,208_963,3
E0273653_1,agricultural_burning,low,0,1,208_963,3
E0273656_1,agricultural_burning,low,0,1,208_963,3
E0273796_1,agricultural_burning,low,0,1,208_791,2
E0273822_1,agricultural_burning,low,0,1,209_803,1
E0273823_1,agricultural_burning,low,0,1,208_803,4
E0273921_1,agricultural_burning,low,0,1,209_821,1
E0274004_1,agricultural_burning,low,0,1,209_835,2
E0274145_1,agricultural_burning,low,0,1,209_932,1
E0274195_2,agricultural_burning,low,0,1,209_941,0
E0274310_2,agricultural_burning,low,0,1,208_968,0
E0274427_1,agricultural_burning,low,0,1,209_791,1
E0274452_1,agricultural_burning,low,0,1,209_803,1
E0274775_2,agricultural_burning,low,0,1,209_927,0
E0274783_1,agricultural_burning,low,0,1,209_929,0
E0274810_1,agricultural_burning,low,0,1,209_937,4
E0274814_2,agricultural_burning,low,0,1,209_938,4
E0274818_2,agricultural_burning,low,0,1,209_938,4
E0274825_1,agricultural_burning,low,0,1,209_939,4
E0274832_1,agricultural_burning,low,0,1,209_940,3
E0274833_1,agricultural_burning,low,0,1,209_940,3
E0274834_2,agricultural_burning,low,0,1,209_940,3
E0274841_2,agricultural_burning,low,0,1,209_941,0
E0275022_1,agricultural_burning,low,0,1,209_739,3
E0275224_2,agricultural_burning,low,0,1,209_822,2
E0275229_1,agricultural_burning,low,0,1,209_823,1
E0275332_2,agricultural_burning,low,0,1,209_840,0
E0275454_1,agricultural_burning,low,0,1,209_932,1
E0275457_1,agricultural_burning,low,0,1,209_932,1
E0275481_1,agricultural_burning,low,0,1,209_940,3
E0275503_1,agricultural_burning,low,0,1,209_942,3
E0275748_1,agricultural_burning,low,0,1,209_801,0
E0275749_1,agricultural_burning,low,0,1,209_801,0
E0275803_1,agricultural_burning,low,0,1,209_813,2
E0276078_1,agricultural_burning,low,0,1,209_932,1
E0276082_1,agricultural_burning,low,0,1,209_932,1
E0276102_1,agricultural_burning,low,0,1,209_938,4
E0276111_1,agricultural_burning,low,0,1,209_939,4
E0276155_1,agricultural_burning,low,0,1,209_945,0
E0276225_1,agricultural_burning,low,0,1,209_963,3
E0276227_1,agricultural_burning,low,0,1,209_963,3
E0276700_1,agricultural_burning,low,0,1,209_927,0
E0276707_1,agricultural_burning,low,0,1,209_930,2
E0276748_1,agricultural_burning,low,0,1,209_940,3
E0276760_1,agricultural_burning,low,0,1,209_941,0
E0276772_1,agricultural_burning,low,0,1,209_942,3
E0276790_1,agricultural_burning,low,0,1,209_945,0
E0276809_1,agricultural_burning,low,0,1,209_951,2
E0276820_1,agricultural_burning,low,0,1,209_954,3
E0276854_1,agricultural_burning,low,0,1,209_962,4
E0276856_2,agricultural_burning,low,0,1,209_962,4
E0276865_1,agricultural_burning,low,0,1,209_963,3
E0276946_1,agricultural_burning,low,0,1,209_736,3
E0276956_1,agricultural_burning,low,0,1,209_737,4
E0277281_1,agricultural_burning,low,0,1,209_848,2
E0277294_3,agricultural_burning,medium,1,1,209_850,0
E0277295_1,agricultural_burning,low,0,1,209_850,0
E0277298_1,agricultural_burning,low,0,1,209_851,1
E0277298_4,agricultural_burning,low,0,1,209_851,1
E0277298_5,agricultural_burning,medium,1,1,209_851,1
E0277370_1,agricultural_burning,low,0,1,209_931,2
E0277387_1,agricultural_burning,low,0,1,209_938,4
E0277398_1,agricultural_burning,low,0,1,209_939,4
E0277399_1,agricultural_burning,low,0,1,209_939,4
E0277401_1,agricultural_burning,low,0,1,209_939,4
E0277418_1,agricultural_burning,low,0,1,209_941,0
E0277460_1,agricultural_burning,low,0,1,209_951,2
E0277506_1,agricultural_burning,low,0,1,209_962,4
E0277513_2,agricultural_burning,low,0,1,209_963,3
E0277515_2,agricultural_burning,low,0,1,209_963,3
E0277516_2,agricultural_burning,low,0,1,209_963,3
E0277543_1,agricultural_burning,low,0,1,209_969,1
E0277596_1,agricultural_burning,low,0,1,209_736,3
E0277602_1,agricultural_burning,low,0,1,209_737,4
E0277607_2,agricultural_burning,low,0,1,209_737,4
E0277964_10,agricultural_burning,low,0,1,209_850,0
E0277969_1,agricultural_burning,low,0,1,209_851,1
E0277970_1,agricultural_burning,low,0,1,209_851,1
E0278029_2,agricultural_burning,low,0,1,209_929,0
E0278034_1,agricultural_burning,low,0,1,209_930,2
E0278066_1,agricultural_burning,low,0,1,209_939,4
E0278067_1,agricultural_burning,low,0,1,209_939,4
E0278068_2,agricultural_burning,low,0,1,209_940,3
E0278172_2,agricultural_burning,low,0,1,209_963,3
E0278244_1,agricultural_burning,low,0,1,209_735,0
E0278244_2,agricultural_burning,low,0,1,209_735,0
E0278250_1,agricultural_burning,low,0,1,209_735,0
E0278250_2,agricultural_burning,low,0,1,209_735,0
E0278251_2,agricultural_burning,low,0,1,209_735,0
E0278412_1,agricultural_burning,low,0,1,209_815,0
E0278593_6,agricultural_burning,medium,1,1,209_850,0
E0278594_2,agricultural_burning,low,0,1,209_850,0
E0278599_5,agricultural_burning,medium,1,1,209_850,0
E0278603_10,agricultural_burning,medium,1,1,209_851,1
E0278603_2,agricultural_burning,low,0,1,209_851,1
E0278603_3,agricultural_burning,low,0,1,209_851,1
E0278603_6,agricultural_burning,low,0,1,209_851,1
E0278603_9,agricultural_burning,low,0,1,209_851,1
E0278605_4,agricultural_burning,medium,1,1,209_851,1
E0278607_9,agricultural_burning,low,0,1,209_851,1
E0278700_2,agricultural_burning,low,0,1,209_938,4
E0278700_3,agricultural_burning,low,0,1,209_938,4
E0278703_1,agricultural_burning,low,0,1,209_938,4
E0278740_1,agricultural_burning,low,0,1,209_942,3
E0278810_2,agricultural_burning,low,0,1,209_963,3
E0278838_1,agricultural_burning,low,0,1,209_968,2
E0278888_1,agricultural_burning,low,0,1,209_734,0
E0278889_1,agricultural_burning,low,0,1,209_734,0
E0279229_1,agricultural_burning,low,0,1,209_848,2
E0279240_3,agricultural_burning,low,0,1,209_851,1
E0279241_6,agricultural_burning,low,0,1,209_851,1
E0279244_2,agricultural_burning,medium,1,1,209_851,1
E0279244_4,agricultural_burning,low,0,1,209_851,1
E0279244_5,agricultural_burning,low,0,1,209_851,1
E0279300_1,agricultural_burning,low,0,1,209_926,4
E0279301_1,agricultural_burning,low,0,1,209_926,4
E0279315_3,agricultural_burning,low,0,1,209_930,2
E0279316_3,agricultural_burning,low,0,1,209_930,2
E0279448_2,agricultural_burning,low,0,1,209_963,3
E0279450_1,agricultural_burning,low,0,1,209_963,3
E0279485_3,agricultural_burning,low,0,1,209_969,1
E0279488_1,agricultural_burning,low,0,1,209_969,1
E0279491_1,agricultural_burning,low,0,1,209_969,1
E0279525_1,agricultural_burning,low,0,1,209_734,0
E0279526_1,agricultural_burning,low,0,1,209_734,0
E0279532_1,agricultural_burning,low,0,1,209_735,0
E0279538_2,agricultural_burning,low,0,1,209_736,3
E0279658_2,agricultural_burning,low,0,1,209_810,2
E0279690_1,agricultural_burning,low,0,1,209_815,0
E0279768_3,agricultural_burning,low,0,1,209_826,4
E0279774_1,agricultural_burning,low,0,1,209_827,0
E0279792_2,agricultural_burning,low,0,1,209_830,0
E0279886_1,agricultural_burning,low,0,1,209_851,1
E0280011_2,agricultural_burning,low,0,1,209_942,3
E0280036_1,agricultural_burning,low,0,1,209_946,3
E0280093_3,agricultural_burning,low,0,1,209_963,3
E0280094_2,agricultural_burning,low,0,1,209_963,3
E0280097_1,agricultural_burning,low,0,1,209_963,3
E0280097_2,agricultural_burning,low,0,1,209_963,3
E0280326_1,agricultural_burning,low,0,1,210_815,1
E0280602_1,agricultural_burning,low,0,1,210_930,4
E0280602_2,agricultural_burning,low,0,1,209_930,2
E0280623_1,agricultural_burning,low,0,1,210_939,0
E0280630_1,agricultural_burning,low,0,1,210_940,2
E0280646_1,agricultural_burning,low,0,1,209_941,0
E0280656_1,agricultural_burning,low,0,1,210_942,3
E0280731_3,agricultural_burning,low,0,1,209_963,3
E0280732_1,agricultural_burning,low,0,1,210_963,3
E0280732_2,agricultural_burning,low,0,1,209_963,3
E0280739_1,agricultural_burning,low,0,1,210_964,0
E0280743_2,agricultural_burning,low,0,1,210_964,0
E0280763_1,agricultural_burning,low,0,1,209_968,2
E0280774_1,agricultural_burning,low,0,1,210_969,3
E0280921_3,agricultural_burning,low,0,1,210_810,3
E0280979_2,agricultural_burning,low,0,1,210_818,3
E0281108_3,agricultural_burning,low,0,1,210_840,4
E0281109_2,agricultural_burning,low,0,1,210_840,4
E0281211_2,agricultural_burning,low,0,1,210_929,4
E0281232_2,agricultural_burning,low,0,1,210_938,3
E0281236_1,agricultural_burning,low,0,1,210_939,0
E0281239_1,agricultural_burning,low,0,1,210_939,0
E0281244_2,agricultural_burning,low,0,1,210_940,2
E0281256_1,agricultural_burning,low,0,1,210_941,4
E0281331_2,agricultural_burning,low,0,1,210_963,3
E0281343_1,agricultural_burning,low,0,1,210_964,0
E0281360_1,agricultural_burning,low,0,1,210_968,3
E0281416_1,agricultural_burning,low,0,1,210_738,0
E0281815_2,agricultural_burning,low,0,1,210_925,2
E0281854_1,agricultural_burning,low,0,1,210_932,4
E0281855_1,agricultural_burning,low,0,1,210_932,4
E0281874_1,agricultural_burning,low,0,1,210_939,0
E0281883_1,agricultural_burning,low,0,1,210_940,2
E0281887_3,agricultural_burning,low,0,1,210_941,4
E0281889_1,agricultural_burning,low,0,1,210_941,4
E0281902_1,agricultural_burning,low,0,1,210_942,3
E0282224_1,agricultural_burning,low,0,1,210_820,0
E0282481_1,agricultural_burning,low,0,1,210_939,0
E0282490_2,agricultural_burning,low,0,1,210_940,2
E0282493_3,agricultural_burning,low,0,1,210_940,2
E0282494_3,agricultural_burning,low,0,1,210_940,2
E0282515_1,agricultural_burning,low,0,1,210_942,3
E0282606_1,agricultural_burning,low,0,1,210_968,3
E0282650_1,agricultural_burning,low,0,1,210_737,1
E0282759_2,agricultural_burning,low,0,1,210_799,2
E0282873_2,agricultural_burning,low,0,1,210_822,4
E0282979_2,agricultural_burning,low,0,1,210_842,1
E0283106_1,agricultural_burning,low,0,1,210_932,4
E0283120_1,agricultural_burning,low,0,1,210_939,0
E0283122_1,agricultural_burning,low,0,1,210_939,0
E0283143_3,agricultural_burning,low,0,1,210_941,4
E0283155_1,agricultural_burning,low,0,1,210_943,4
E0283165_1,agricultural_burning,low,0,1,210_944,0
E0283166_1,agricultural_burning,low,0,1,210_944,0
E0283226_1,agricultural_burning,low,0,1,210_962,0
E0283227_3,agricultural_burning,low,0,1,210_962,0
E0283237_1,agricultural_burning,low,0,1,210_963,3
E0283241_1,agricultural_burning,low,0,1,210_964,0
E0283241_2,agricultural_burning,low,0,1,210_964,0
E0283242_2,agricultural_burning,low,0,1,210_964,0
E0283258_1,agricultural_burning,low,0,1,210_968,3
E0283259_1,agricultural_burning,low,0,1,210_968,3
E0283268_1,agricultural_burning,low,0,1,210_969,3
E0283293_5,agricultural_burning,low,0,1,210_729,0
E0283435_3,agricultural_burning,low,0,1,210_811,3
E0283748_1,agricultural_burning,low,0,1,210_932,4
E0283784_1,agricultural_burning,low,0,1,210_941,4
E0283867_1,agricultural_burning,low,0,1,210_962,0
E0283867_2,agricultural_burning,low,0,1,210_962,0
E0283869_3,agricultural_burning,low,0,1,210_962,0
E0283877_1,agricultural_burning,low,0,1,210_963,3
E0283879_1,agricultural_burning,low,0,1,210_963,3
E0283930_2,agricultural_burning,low,0,1,210_728,4
E0283954_5,industrial_fire,low,0,1,210_743,2
E0283956_2,industrial_fire,low,0,1,210_744,3
E0284105_1,agricultural_burning,low,0,1,210_814,3
E0284155_3,agricultural_burning,low,0,1,210_821,0
E0284254_1,agricultural_burning,low,0,1,210_839,2
E0284374_1,agricultural_burning,low,0,1,210_929,4
E0284390_1,agricultural_burning,low,0,1,210_932,4
E0284415_1,agricultural_burning,low,0,1,210_939,0
E0284427_1,agricultural_burning,low,0,1,210_940,2
E0284429_1,agricultural_burning,low,0,1,210_940,2
E0284429_3,agricultural_burning,low,0,1,210_940,2
E0284525_3,agricultural_burning,low,0,1,210_962,0
E0284565_1,agricultural_burning,low,0,1,210_968,3
E0284612_1,industrial_fire,low,0,1,210_743,2
E0284612_3,industrial_fire,low,0,1,210_743,2
E0284613_4,industrial_fire,low,0,1,210_743,2
E0284613_7,industrial_fire,low,0,1,210_743,2
E0284696_1,agricultural_burning,low,0,1,210_803,1
E0284842_2,agricultural_burning,low,0,1,210_826,2
E0285018_1,agricultural_burning,low,0,1,210_927,0
E0285021_1,agricultural_burning,low,0,1,210_928,0
E0285027_1,agricultural_burning,low,0,1,210_929,4
E0285040_1,agricultural_burning,low,0,1,210_932,4
E0285041_1,agricultural_burning,low,0,1,210_932,4
E0285042_1,agricultural_burning,low,0,1,210_932,4
E0285067_1,agricultural_burning,low,0,1,210_938,3
E0285074_1,agricultural_burning,low,0,1,210_939,0
E0285090_2,agricultural_burning,low,0,1,210_941,4
E0285168_2,agricultural_burning,low,0,1,210_962,0
E0285170_3,agricultural_burning,low,0,1,210_962,0
E0285241_1,agricultural_burning,low,0,1,210_737,1
E0285255_5,industrial_fire,low,0,1,210_743,2
E0285255_9,industrial_fire,low,0,1,210_743,2
E0285650_1,industrial_fire,low,0,1,210_850,4
E0285734_1,agricultural_burning,low,0,1,210_932,4
E0285757_1,agricultural_burning,low,0,1,210_939,0
E0285779_1,agricultural_burning,low,0,1,210_942,3
E0285780_1,agricultural_burning,low,0,1,210_942,3
E0286004_1,agricultural_burning,low,0,1,210_788,3
E0286015_1,agricultural_burning,low,0,1,210_792,0
E0286216_2,agricultural_burning,low,0,1,210_831,0
E0286217_1,agricultural_burning,low,0,1,210_832,4
E0286282_2,agricultural_burning,low,0,1,210_844,2
E0286407_1,agricultural_burning,low,0,1,210_932,4
E0286410_1,agricultural_burning,low,0,1,210_934,3
E0286453_1,agricultural_burning,low,0,1,210_942,3
E0286470_2,agricultural_burning,low,0,1,210_945,1
E0286556_1,agricultural_burning,low,0,1,210_969,3
E0286581_1,industrial_fire,medium,1,1,211_726,4
E0286581_2,industrial_fire,medium,1,1,211_726,4
E0286588_3,agricultural_burning,low,0,1,210_728,4
E0286637_1,agricultural_burning,low,0,1,211_762,2
E0286681_1,agricultural_burning,low,0,1,211_788,3
E0287075_1,agricultural_burning,low,0,1,211_939,0
E0287080_1,agricultural_burning,low,0,1,210_940,2
E0287088_3,agricultural_burning,low,0,1,211_941,0
E0287095_1,agricultural_burning,low,0,1,211_941,0
E0287205_1,agricultural_burning,low,0,1,211_968,1
E0287208_1,agricultural_burning,low,0,1,211_968,1
E0287234_1,industrial_fire,medium,1,1,211_726,4
E0287234_3,industrial_fire,medium,1,1,211_726,4
E0287237_2,agricultural_burning,low,0,1,211_728,1
E0287254_2,agricultural_burning,low,0,1,211_736,1
E0287299_1,agricultural_burning,low,0,1,211_763,4
E0287368_1,agricultural_burning,low,0,1,211_803,4
E0287633_1,agricultural_burning,low,0,1,211_923,4
E0287634_1,agricultural_burning,low,0,1,211_923,4
E0287677_1,agricultural_burning,low,0,1,211_939,0
E0287691_2,agricultural_burning,low,0,1,211_941,0
E0287696_2,agricultural_burning,low,0,1,211_941,0
E0287717_1,agricultural_burning,low,0,1,211_944,1
E0287729_1,agricultural_burning,low,0,1,211_945,4
E0287785_2,agricultural_burning,low,0,1,211_966,2
E0287792_1,agricultural_burning,low,0,1,211_967,4
E0287793_2,agricultural_burning,low,0,1,211_967,4
E0287794_1,agricultural_burning,low,0,1,211_968,1
E0288070_1,industrial_fire,low,0,1,211_824,3
E0288194_2,agricultural_burning,low,0,1,211_852,1
E0288283_1,agricultural_burning,low,0,1,211_934,2
E0288310_2,agricultural_burning,low,0,1,211_941,0
E0288311_2,agricultural_burning,low,0,1,211_941,0
E0288381_1,agricultural_burning,low,0,1,211_961,4
E0288385_1,agricultural_burning,low,0,1,211_962,3
E0288392_1,agricultural_burning,low,0,1,211_963,2
E0288394_1,agricultural_burning,low,0,1,211_963,2
E0288481_1,agricultural_burning,low,0,1,211_763,4
E0288490_1,agricultural_burning,low,0,1,211_765,0
E0288491_1,agricultural_burning,low,0,1,211_765,0
E0288563_1,agricultural_burning,low,0,1,211_804,4
E0288702_1,agricultural_burning,low,0,1,211_830,2
E0288704_1,agricultural_burning,low,0,1,211_830,2
E0288911_2,agricultural_burning,low,0,1,211_940,4
E0288915_1,agricultural_burning,low,0,1,211_941,0
E0288927_1,agricultural_burning,low,0,1,211_942,0
E0289264_1,agricultural_burning,low,0,1,211_822,2
E0289315_1,agricultural_burning,low,0,1,211_830,2
E0289397_1,agricultural_burning,low,0,1,211_846,4
E0289398_1,agricultural_burning,low,0,1,211_846,4
E0289479_1,agricultural_burning,low,0,1,211_923,4
E0289535_1,agricultural_burning,low,0,1,211_936,4
E0289550_1,agricultural_burning,low,0,1,211_941,0
E0289556_3,agricultural_burning,low,0,1,211_941,0
E0289562_1,agricultural_burning,low,0,1,211_942,0
E0289645_1,agricultural_burning,low,0,1,211_967,4
E0289646_1,agricultural_burning,low,0,1,211_967,4
E0289672_2,agricultural_burning,low,0,1,211_701,2
E0289845_2,industrial_fire,low,0,1,211_811,2
E0289969_2,agricultural_burning,low,0,1,211_830,2
E0289981_1,agricultural_burning,low,0,1,211_832,2
E0290031_1,agricultural_burning,low,0,1,211_840,3
E0290155_1,agricultural_burning,low,0,1,211_929,4
E0290164_1,agricultural_burning,low,0,1,211_931,4
E0290183_1,agricultural_burning,low,0,1,211_936,4
E0290199_2,agricultural_burning,low,0,1,211_941,0
E0290200_3,agricultural_burning,low,0,1,211_941,0
E0290208_1,agricultural_burning,low,0,1,211_942,0
E0290290_1,agricultural_burning,low,0,1,211_967,4
E0290293_1,agricultural_burning,low,0,1,211_968,1
E0290300_1,agricultural_burning,low,0,1,211_968,1
E0290309_2,agricultural_burning,low,0,1,211_700,0
E0290311_1,agricultural_burning,low,0,1,211_700,0
E0290348_1,industrial_fire,low,0,1,211_740,0
E0290467_1,agricultural_burning,low,0,1,211_803,4
E0290493_1,industrial_fire,low,0,1,211_811,2
E0290552_1,agricultural_burning,low,0,1,211_821,0
E0290819_1,agricultural_burning,low,0,1,211_928,3
E0290862_2,agricultural_burning,low,0,1,211_941,0
E0290868_1,agricultural_burning,low,0,1,211_941,0
E0290880_1,agricultural_burning,low,0,1,211_943,0
E0290956_2,agricultural_burning,low,0,1,211_968,1
E0290959_1,agricultural_burning,low,0,1,211_968,1
E0290961_2,agricultural_burning,low,0,1,211_968,1
E0290962_1,agricultural_burning,low,0,1,211_968,1
E0290962_3,agricultural_burning,low,0,1,211_968,1
E0291123_1,agricultural_burning,low,0,1,211_794,3
E0291123_2,agricultural_burning,low,0,1,211_794,3
E0291150_2,agricultural_burning,low,0,1,211_802,3
E0291157_2,agricultural_burning,low,0,1,211_803,4
E0291398_1,agricultural_burning,low,0,1,211_846,4
E0291550_2,agricultural_burning,low,0,1,211_940,4
E0291552_4,agricultural_burning,low,0,1,211_941,0
E0291562_1,agricultural_burning,low,0,1,211_942,0
E0291589_2,agricultural_burning,low,0,1,211_945,4
E0291634_1,agricultural_burning,low,0,1,211_966,2
E0291642_2,agricultural_burning,low,0,1,211_967,4
E0291648_1,agricultural_burning,low,0,1,211_968,1
E0291652_2,agricultural_burning,low,0,1,211_968,1
E0291742_2,agricultural_burning,low,0,1,211_765,0
E0291743_3,agricultural_burning,low,0,1,211_765,0
E0291811_2,agricultural_burning,low,0,1,211_799,2
E0292044_1,agricultural_burning,low,0,1,211_841,0
E0292085_1,agricultural_burning,low,0,1,211_848,3
E0292121_1,agricultural_burning,low,0,1,211_857,3
E0292147_1,agricultural_burning,low,0,1,211_920,4
E0292147_2,agricultural_burning,low,0,1,211_920,4
E0292311_1,agricultural_burning,low,0,1,211_966,2
E0292319_1,agricultural_burning,low,0,1,211_967,4
E0292320_1,agricultural_burning,low,0,1,211_967,4
E0292324_3,agricultural_burning,low,0,1,211_967,4
E0292333_1,agricultural_burning,low,0,1,211_968,1
E0292418_1,agricultural_burning,low,0,1,211_764,0
E0292517_2,agricultural_burning,low,0,1,211_803,4
E0292543_2,agricultural_burning,low,0,1,211_812,1
E0292746_1,agricultural_burning,low,0,1,211_845,2
E0292753_1,agricultural_burning,low,0,1,211_846,4
E0292832_3,agricultural_burning,low,0,1,211_920,4
E0292892_1,agricultural_burning,low,0,1,211_940,4
E0292976_1,agricultural_burning,low,0,1,211_965,4
E0292987_2,agricultural_burning,low,0,1,211_967,4
E0292992_1,agricultural_burning,low,0,1,211_968,1
E0293019_1,agricultural_burning,low,0,1,212_709,1
E0293123_1,agricultural_burning,low,0,1,211_782,4
E0293190_1,agricultural_burning,low,0,1,212_799,3
E0293197_1,agricultural_burning,low,0,1,211_802,3
E0293235_4,agricultural_burning,low,0,1,211_812,1
E0293235_6,agricultural_burning,low,0,1,211_812,1
E0293235_9,agricultural_burning,medium,1,1,211_812,1
E0293419_1,agricultural_burning,low,0,1,211_844,1
E0293543_1,agricultural_burning,low,0,1,211_939,0
E0293547_1,agricultural_burning,low,0,1,211_939,0
E0293548_2,agricultural_burning,low,0,1,211_940,4
E0293554_1,agricultural_burning,low,0,1,212_941,2
E0293568_1,agricultural_burning,low,0,1,211_942,0
E0293650_2,agricultural_burning,low,0,1,212_965,3
E0293653_2,agricultural_burning,low,0,1,211_966,2
E0293667_1,agricultural_burning,low,0,1,212_969,3
E0293780_1,agricultural_burning,low,0,1,212_787,0
E0293822_1,agricultural_burning,low,0,1,212_799,3
E0293883_1,agricultural_burning,low,0,1,212_819,3
E0293884_1,agricultural_burning,low,0,1,212_819,3
E0293902_1,agricultural_burning,low,0,1,212_821,0
E0293903_10,agricultural_burning,low,0,1,212_821,0
E0294063_1,agricultural_burning,low,0,1,212_846,2
E0294086_1,agricultural_burning,low,0,1,212_851,1
E0294199_1,agricultural_burning,low,0,1,212_932,1
E0294200_1,agricultural_burning,low,0,1,212_933,4
E0294201_1,agricultural_burning,low,0,1,212_933,4
E0294212_1,agricultural_burning,low,0,1,212_939,2
E0294323_1,agricultural_burning,low,0,1,212_969,3
E0294470_2,agricultural_burning,low,0,1,212_793,1
E0294474_1,agricultural_burning,low,0,1,212_793,1
E0294515_1,agricultural_burning,low,0,1,212_804,0
E0294578_7,agricultural_burning,low,0,1,212_821,0
E0294732_1,agricultural_burning,low,0,1,212_846,2
E0294733_1,agricultural_burning,low,0,1,212_846,2
E0294859_1,agricultural_burning,low,0,1,212_933,4
E0294862_2,agricultural_burning,low,0,1,212_934,2
E0294873_1,agricultural_burning,low,0,1,212_940,2
E0294880_1,agricultural_burning,low,0,1,212_941,2
E0294895_2,agricultural_burning,low,0,1,212_943,1
E0294905_2,agricultural_burning,low,0,1,212_944,2
E0295080_1,agricultural_burning,low,0,1,212_766,0
E0295142_3,agricultural_burning,low,0,1,212_793,1
E0295172_8,agricultural_burning,low,0,1,212_796,4
E0295179_1,agricultural_burning,low,0,1,212_799,3
E0295198_1,agricultural_burning,low,0,1,212_805,4
E0295201_1,agricultural_burning,low,0,1,212_806,2
E0295351_5,agricultural_burning,low,0,1,212_831,4
E0295354_2,agricultural_burning,low,0,1,212_832,4
E0295461_2,agricultural_burning,low,0,1,212_851,1
E0295530_1,agricultural_burning,low,0,1,212_929,1
E0295556_1,agricultural_burning,low,0,1,212_936,3
E0295568_1,agricultural_burning,low,0,1,212_941,2
E0295569_1,agricultural_burning,low,0,1,212_941,2
E0295572_1,agricultural_burning,low,0,1,212_941,2
E0295616_2,agricultural_burning,low,0,1,212_962,0
E0295653_1,agricultural_burning,low,0,1,212_969,3
E0295776_2,agricultural_burning,low,0,1,212_783,4
E0295796_6,agricultural_burning,low,0,1,212_792,4
E0295804_2,agricultural_burning,low,0,1,212_793,1
E0295820_1,agricultural_burning,low,0,1,212_794,0
E0295827_2,agricultural_burning,low,0,1,212_795,2
E0295830_7,agricultural_burning,low,0,1,212_796,4
E0295830_8,agricultural_burning,low,0,1,212_796,4
E0295902_2,agricultural_burning,low,0,1,212_819,3
E0296085_1,agricultural_burning,low,0,1,212_848,1
E0296096_1,agricultural_burning,low,0,1,212_850,4
E0296212_1,agricultural_burning,low,0,1,212_938,4
E0296241_2,agricultural_burning,low,0,1,212_944,2
E0296282_2,agricultural_burning,low,0,1,212_961,3
E0296472_4,agricultural_burning,low,0,1,212_792,4
E0296472_9,agricultural_burning,low,0,1,212_792,4
E0296473_10,agricultural_burning,low,0,1,212_792,4
E0296475_9,agricultural_burning,low,0,1,212_792,4
E0296479_1,agricultural_burning,low,0,1,212_792,4
E0296501_1,agricultural_burning,low,0,1,212_794,0
E0296507_2,agricultural_burning,low,0,1,212_795,2
E0296586_5,agricultural_burning,low,0,1,212_817,4
E0296586_8,agricultural_burning,low,0,1,212_817,4
E0296602_2,agricultural_burning,low,0,1,212_819,3
E0296834_1,agricultural_burning,low,0,1,212_922,3
E0296889_1,agricultural_burning,low,0,1,212_933,4
E0296919_1,agricultural_burning,low,0,1,212_941,2
E0296926_1,agricultural_burning,low,0,1,212_943,1
E0297043_3,agricultural_burning,low,0,1,212_729,3
E0297081_1,agricultural_burning,low,0,1,212_764,2
E0297085_2,agricultural_burning,low,0,1,212_765,1
E0297091_1,agricultural_burning,low,0,1,212_766,0
E0297160_4,agricultural_burning,low,0,1,212_791,2
E0297160_5,agricultural_burning,low,0,1,212_791,2
E0297160_7,agricultural_burning,low,0,1,212_791,2
E0297161_1,agricultural_burning,low,0,1,212_791,2
E0297161_5,agricultural_burning,medium,1,1,212_791,2
E0297162_2,agricultural_burning,low,0,1,212_791,2
E0297167_1,agricultural_burning,low,0,1,212_792,4
E0297172_1,agricultural_burning,low,0,1,212_793,1
E0297187_1,agricultural_burning,low,0,1,212_794,0
E0297194_1,agricultural_burning,low,0,1,212_795,2
E0297354_2,agricultural_burning,low,0,1,212_832,4
E0297407_1,agricultural_burning,low,0,1,212_841,3
E0297555_1,agricultural_burning,low,0,1,212_933,4
E0297556_1,agricultural_burning,low,0,1,212_933,4
E0297643_1,agricultural_burning,low,0,1,212_963,3
E0297768_2,agricultural_burning,low,0,1,212_765,1
E0297828_2,agricultural_burning,low,0,1,212_791,2
E0297828_6,agricultural_burning,low,0,1,212_791,2
E0297828_7,agricultural_burning,low,0,1,212_791,2
E0297830_1,agricultural_burning,medium,1,1,212_792,4
E0297834_1,agricultural_burning,low,0,1,212_792,4
E0297836_2,agricultural_burning,low,0,1,212_792,4
E0297907_1,agricultural_burning,low,0,1,212_811,2
E0297960_1,agricultural_burning,low,0,1,212_821,0
E0298028_1,agricultural_burning,low,0,1,212_832,4
E0298249_3,agricultural_burning,low,0,1,212_940,2
E0298263_2,agricultural_burning,low,0,1,212_942,3
E0298314_2,agricultural_burning,low,0,1,212_963,3
E0298315_2,agricultural_burning,low,0,1,212_963,3
E0298323_1,agricultural_burning,low,0,1,212_965,3
E0298325_3,agricultural_burning,low,0,1,212_965,3
E0298471_1,agricultural_burning,low,0,1,212_772,4
E0298472_4,agricultural_burning,low,0,1,212_772,4
E0298494_1,agricultural_burning,low,0,1,212_784,4
E0298521_1,agricultural_burning,low,0,1,212_792,4
E0298523_1,agricultural_burning,low,0,1,212_793,1
E0298525_1,agricultural_burning,low,0,1,212_793,1
E0298527_2,agricultural_burning,low,0,1,212_793,1
E0298571_1,agricultural_burning,low,0,1,212_807,4
E0298757_2,agricultural_burning,low,0,1,212_839,2
E0298794_1,agricultural_burning,low,0,1,212_847,1
E0298814_1,agricultural_burning,low,0,1,212_852,3
E0298895_1,agricultural_burning,low,0,1,212_932,1
E0298930_1,agricultural_burning,low,0,1,212_941,2
E0298994_1,agricultural_burning,low,0,1,212_963,3
E0298995_2,agricultural_burning,low,0,1,212_963,3
E0298996_1,agricultural_burning,low,0,1,212_963,3
E0299030_1,agricultural_burning,low,0,1,212_969,3
E0299098_1,agricultural_burning,low,0,1,212_755,4
E0299126_1,agricultural_burning,low,0,1,212_766,0
E0299128_3,agricultural_burning,low,0,1,212_766,0
E0299209_2,agricultural_burning,low,0,1,212_792,4
E0299225_1,agricultural_burning,low,0,1,212_794,0
E0299234_1,agricultural_burning,low,0,1,212_800,4
E0299342_1,agricultural_burning,low,0,1,212_822,2
E0299475_1,agricultural_burning,low,0,1,212_842,3
E0299607_1,agricultural_burning,low,0,1,212_935,0
E0299628_3,agricultural_burning,low,0,1,212_940,2
E0299641_1,agricultural_burning,low,0,1,212_941,2
E0299641_2,agricultural_burning,low,0,1,212_941,2
E0299699_1,agricultural_burning,low,0,1,212_963,3
E0299710_1,agricultural_burning,low,0,1,212_965,3
E0299754_2,industrial_fire,low,0,1,213_720,0
E0299806_1,agricultural_burning,low,0,1,212_754,0
E0299812_1,agricultural_burning,low,0,1,213_755,0
E0299845_1,agricultural_burning,low,0,1,212_766,0
E0299856_2,agricultural_burning,low,0,1,212_767,4
E0299916_2,agricultural_burning,low,0,1,213_792,3
E0299931_3,agricultural_burning,low,0,1,213_794,4
E0300128_1,agricultural_burning,low,0,1,213_832,4
E0300215_2,agricultural_burning,low,0,1,212_847,1
E0300293_1,agricultural_burning,low,0,1,212_928,4
E0300336_1,agricultural_burning,low,0,1,212_940,2
E0300339_1,agricultural_burning,low,0,1,212_941,2
E0300342_3,agricultural_burning,low,0,1,213_941,3
E0300345_1,agricultural_burning,low,0,1,212_941,2
E0300402_2,agricultural_burning,low,0,1,213_963,2
E0300430_1,agricultural_burning,low,0,1,213_967,4
E0300492_3,agricultural_burning,low,0,1,213_735,3
E0300533_1,agricultural_burning,low,0,1,213_755,0
E0300564_1,agricultural_burning,low,0,1,213_766,1
E0300565_1,agricultural_burning,low,0,1,213_766,1
E0300640_1,agricultural_burning,low,0,1,213_794,4
E0300642_2,agricultural_burning,low,0,1,213_794,4
E0300771_1,agricultural_burning,low,0,1,213_822,3
E0300895_1,agricultural_burning,low,0,1,213_841,4
E0300976_1,agricultural_burning,low,0,1,213_927,3
E0300978_1,agricultural_burning,low,0,1,213_927,3
E0301027_1,agricultural_burning,low,0,1,213_940,2
E0301037_2,agricultural_burning,low,0,1,213_941,3
E0301099_1,agricultural_burning,low,0,1,213_963,2
E0301118_1,agricultural_burning,low,0,1,213_966,1
E0301247_1,agricultural_burning,low,0,1,213_755,0
E0301252_1,agricultural_burning,low,0,1,213_756,1
E0301254_2,agricultural_burning,low,0,1,213_756,1
E0301336_2,agricultural_burning,low,0,1,213_793,4
E0301349_2,agricultural_burning,low,0,1,213_794,4
E0301393_1,agricultural_burning,low,0,1,213_808,4
E0301541_1,agricultural_burning,low,0,1,213_833,0
E0301639_1,agricultural_burning,low,0,1,213_852,3
E0301739_1,agricultural_burning,low,0,1,213_940,2
E0301746_2,agricultural_burning,low,0,1,213_941,3
E0301767_3,agricultural_burning,low,0,1,213_943,0
E0301807_4,agricultural_burning,low,0,1,213_963,2
E0301820_1,agricultural_burning,low,0,1,213_965,1
E0301821_1,agricultural_burning,low,0,1,213_965,1
E0301827_1,agricultural_burning,low,0,1,213_965,1
E0301839_1,agricultural_burning,low,0,1,213_967,4
E0301845_1,agricultural_burning,low,0,1,213_967,4
E0301964_1,agricultural_burning,low,0,1,213_750,2
E0301965_2,agricultural_burning,low,0,1,213_750,2
E0301983_2,agricultural_burning,low,0,1,213_754,4
E0302005_1,agricultural_burning,low,0,1,213_757,4
E0302031_1,agricultural_burning,low,0,1,213_768,2
E0302069_2,agricultural_burning,low,0,1,213_789,4
E0302109_1,agricultural_burning,low,0,1,213_800,2
E0302213_1,agricultural_burning,low,0,1,213_822,3
E0302267_1,agricultural_burning,low,0,1,213_832,4
E0302322_2,agricultural_burning,low,0,1,213_841,4
E0302324_1,agricultural_burning,low,0,1,213_841,4
E0302335_1,agricultural_burning,low,0,1,213_843,3
E0302470_2,agricultural_burning,low,0,1,213_942,3
E0302547_2,agricultural_burning,low,0,1,213_965,1
E0302573_1,agricultural_burning,low,0,1,213_969,2
E0302624_2,industrial_fire,low,0,1,213_730,2
E0302643_1,agricultural_burning,low,0,1,213_735,3
E0302658_1,agricultural_burning,low,0,1,213_739,2
E0302706_1,agricultural_burning,low,0,1,213_755,0
E0302719_1,agricultural_burning,low,0,1,213_757,4
E0302880_10,agricultural_burning,low,0,1,213_816,3
E0302880_3,agricultural_burning,low,0,1,213_816,3
E0302886_4,agricultural_burning,low,0,1,213_817,0
E0302988_1,agricultural_burning,low,0,1,213_832,4
E0303113_1,agricultural_burning,low,0,1,213_861,4
E0303173_1,agricultural_burning,low,0,1,213_936,3
E0303190_1,agricultural_burning,low,0,1,213_940,2
E0303191_3,agricultural_burning,low,0,1,213_940,2
E0303205_1,agricultural_burning,low,0,1,213_941,3
E0303276_1,agricultural_burning,low,0,1,213_964,1
E0303277_2,agricultural_burning,low,0,1,213_964,1
E0303281_1,agricultural_burning,low,0,1,213_964,1
E0303283_1,agricultural_burning,low,0,1,213_965,1
E0303443_1,agricultural_burning,low,0,1,213_752,0
E0303473_1,agricultural_burning,low,0,1,213_757,4
E0303480_1,agricultural_burning,low,0,1,213_758,4
E0303542_2,agricultural_burning,low,0,1,213_792,3
E0303937_1,agricultural_burning,low,0,1,213_932,2
E0303949_1,agricultural_burning,low,0,1,213_936,3
E0303968_1,agricultural_burning,low,0,1,213_940,2
E0303985_1,agricultural_burning,low,0,1,213_941,3
E0303986_1,agricultural_burning,low,0,1,213_942,3
E0304054_1,agricultural_burning,low,0,1,213_964,1
E0304064_1,agricultural_burning,low,0,1,213_965,1
E0304065_2,agricultural_burning,low,0,1,213_965,1
E0304066_1,agricultural_burning,low,0,1,213_965,1
E0304089_2,agricultural_burning,low,0,1,213_969,2
E0304176_3,agricultural_burning,low,0,1,213_739,2
E0304241_1,agricultural_burning,low,0,1,213_757,4
E0304253_1,agricultural_burning,low,0,1,213_764,0
E0304255_1,agricultural_burning,low,0,1,213_764,0
E0304263_1,agricultural_burning,low,0,1,213_765,3
E0304317_1,agricultural_burning,low,0,1,213_793,4
E0304342_1,agricultural_burning,low,0,1,213_800,2
E0304382_1,agricultural_burning,low,0,1,213_813,2
E0304382_2,agricultural_burning,low,0,1,213_813,2
E0304395_2,agricultural_burning,low,0,1,213_816,3
E0304395_7,agricultural_burning,low,0,1,213_816,3
E0304397_6,agricultural_burning,low,0,1,213_816,3
E0304398_8,agricultural_burning,low,0,1,213_816,3
E0304407_1,agricultural_burning,low,0,1,213_817,0
E0304497_1,agricultural_burning,low,0,1,213_830,1
E0304710_1,agricultural_burning,low,0,1,213_938,2
E0304738_1,agricultural_burning,low,0,1,213_942,3
E0304738_2,agricultural_burning,low,0,1,213_942,3
E0304814_1,agricultural_burning,low,0,1,213_965,1
E0304822_1,agricultural_burning,low,0,1,213_966,1
E0304823_1,agricultural_burning,low,0,1,213_966,1
E0304831_1,agricultural_burning,low,0,1,213_967,4
E0304960_1,agricultural_burning,low,0,1,213_752,0
E0304979_2,agricultural_burning,low,0,1,213_755,0
E0304980_1,agricultural_burning,low,0,1,213_755,0
E0304990_2,agricultural_burning,low,0,1,213_757,4
E0305066_2,agricultural_burning,low,0,1,213_793,4
E0305146_10,agricultural_burning,low,0,1,213_816,3
E0305146_9,agricultural_burning,low,0,1,213_816,3
E0305147_8,agricultural_burning,low,0,1,213_816,3
E0305199_1,agricultural_burning,low,0,1,213_822,3
E0305268_2,agricultural_burning,low,0,1,213_833,0
E0305312_1,agricultural_burning,low,0,1,213_841,4
E0305434_1,agricultural_burning,low,0,1,213_930,1
E0305463_1,agricultural_burning,low,0,1,213_938,2
E0305464_1,agricultural_burning,low,0,1,213_938,2
E0305466_3,agricultural_burning,low,0,1,213_939,4
E0305478_3,agricultural_burning,low,0,1,213_940,2
E0305481_1,agricultural_burning,low,0,1,213_941,3
E0305494_2,agricultural_burning,low,0,1,213_943,0
E0305543_2,agricultural_burning,low,0,1,213_958,0
E0305567_1,agricultural_burning,low,0,1,213_963,2
E0305588_1,agricultural_burning,low,0,1,213_966,1
E0305598_1,agricultural_burning,low,0,1,213_967,4
E0305599_1,agricultural_burning,low,0,1,213_967,4
E0305603_3,agricultural_burning,low,0,1,213_968,3
E0305610_1,agricultural_burning,low,0,1,213_968,3
E0305718_1,agricultural_burning,low,0,1,213_752,0
E0305735_1,agricultural_burning,low,0,1,213_755,0
E0305755_1,agricultural_burning,low,0,1,213_764,0
E0305758_1,agricultural_burning,low,0,1,213_764,0
E0305762_1,agricultural_burning,low,0,1,213_765,3
E0305798_1,agricultural_burning,low,0,1,213_775,2
E0305851_1,agricultural_burning,low,0,1,213_806,0
E0305933_2,agricultural_burning,low,0,1,213_821,1
E0305947_1,agricultural_burning,low,0,1,213_822,3
E0306005_1,agricultural_burning,low,0,1,213_831,1
E0306006_1,agricultural_burning,low,0,1,213_832,4
E0306010_1,agricultural_burning,low,0,1,213_832,4
E0306132_1,agricultural_burning,low,0,1,213_860,4
E0306172_1,agricultural_burning,low,0,1,213_926,3
E0306213_1,agricultural_burning,low,0,1,213_938,2
E0306222_1,agricultural_burning,low,0,1,213_940,2
E0306224_1,agricultural_burning,low,0,1,213_940,2
E0306232_1,agricultural_burning,low,0,1,213_941,3
E0306289_1,agricultural_burning,low,0,1,213_959,0
E0306312_1,agricultural_burning,low,0,1,213_964,1
E0306324_1,agricultural_burning,low,0,1,213_966,1
E0306328_1,agricultural_burning,low,0,1,213_966,1
E0306333_1,agricultural_burning,low,0,1,213_967,4
E0306335_2,agricultural_burning,low,0,1,213_967,4
E0306336_1,agricultural_burning,low,0,1,213_967,4
E0306338_2,agricultural_burning,low,0,1,213_967,4
E0306342_2,agricultural_burning,low,0,1,213_968,3
E0306347_1,agricultural_burning,low,0,1,213_968,3
E0306350_3,agricultural_burning,low,0,1,213_969,2
E0306489_1,agricultural_burning,low,0,1,213_764,0
E0306535_1,agricultural_burning,low,0,1,213_775,2
E0306749_1,agricultural_burning,low,0,1,213_831,1
E0306762_1,agricultural_burning,low,0,1,213_833,0
E0306994_2,agricultural_burning,low,0,1,213_948,2
E0307073_3,agricultural_burning,low,0,1,213_967,4
E0307079_2,agricultural_burning,low,0,1,213_967,4
E0307080_1,agricultural_burning,low,0,1,213_968,3
E0307092_2,agricultural_burning,low,0,1,213_969,2
E0307132_1,agricultural_burning,low,0,1,213_729,2
E0307132_2,agricultural_burning,medium,1,1,213_729,2
E0307176_1,agricultural_burning,low,0,1,213_752,0
E0307205_1,agricultural_burning,low,0,1,214_764,3
E0307206_1,agricultural_burning,low,0,1,213_764,0
E0307247_1,agricultural_burning,low,0,1,213_775,2
E0307249_1,agricultural_burning,low,0,1,213_776,4
E0307344_1,agricultural_burning,low,0,1,214_812,3
E0307404_2,agricultural_burning,low,0,1,213_821,1
E0307414_1,agricultural_burning,low,0,1,213_822,3
E0307666_1,agricultural_burning,low,0,1,214_937,1
E0307675_1,agricultural_burning,low,0,1,214_940,1
E0307685_1,agricultural_burning,low,0,1,213_941,3
E0307688_1,agricultural_burning,low,0,1,214_942,4
E0307697_1,agricultural_burning,low,0,1,214_943,1
E0307753_1,agricultural_burning,low,0,1,213_964,1
E0307765_1,agricultural_burning,low,0,1,213_966,1
E0307775_2,agricultural_burning,low,0,1,213_967,4
E0307780_2,agricultural_burning,low,0,1,214_967,3
E0307795_1,agricultural_burning,low,0,1,213_969,2
E0307841_1,agricultural_burning,low,0,1,214_729,0
E0307843_10,agricultural_burning,low,0,1,214_729,0
E0307861_2,agricultural_burning,low,0,1,214_736,0
E0307999_1,agricultural_burning,low,0,1,214_806,0
E0308082_2,agricultural_burning,low,0,1,214_820,4
E0308165_2,agricultural_burning,low,0,1,214_833,1
E0308325_1,agricultural_burning,low,0,1,214_927,2
E0308379_1,agricultural_burning,low,0,1,214_940,1
E0308382_1,agricultural_burning,low,0,1,214_940,1
E0308383_1,agricultural_burning,low,0,1,214_940,1
E0308383_2,agricultural_burning,low,0,1,214_940,1
E0308394_1,agricultural_burning,low,0,1,214_941,2
E0308462_1,agricultural_burning,low,0,1,214_963,1
E0308480_1,agricultural_burning,low,0,1,214_966,4
E0308481_1,agricultural_burning,low,0,1,214_966,4
E0308481_2,agricultural_burning,low,0,1,214_966,4
E0308488_1,agricultural_burning,low,0,1,214_967,3
E0308503_1,agricultural_burning,low,0,1,214_968,2
E0308511_1,agricultural_burning,low,0,1,214_969,0
E0308560_1,agricultural_burning,low,0,1,214_727,4
E0308657_1,agricultural_burning,low,0,1,214_775,2
E0308671_1,agricultural_burning,low,0,1,214_779,1
E0308727_1,agricultural_burning,low,0,1,214_807,3
E0308800_1,agricultural_burning,low,0,1,214_820,4
E0308951_1,agricultural_burning,low,0,1,214_845,3
E0308976_3,agricultural_burning,low,0,1,214_855,3
E0309081_1,agricultural_burning,low,0,1,214_940,1
E0309105_2,agricultural_burning,low,0,1,214_942,4
E0309155_2,agricultural_burning,low,0,1,214_963,1
E0309159_2,agricultural_burning,low,0,1,214_963,1
E0309174_3,agricultural_burning,low,0,1,214_965,3
E0309186_1,agricultural_burning,low,0,1,214_967,3
E0309187_1,agricultural_burning,low,0,1,214_967,3
E0309343_1,agricultural_burning,low,0,1,214_775,2
E0309420_2,agricultural_burning,low,0,1,214_807,3
E0309430_1,agricultural_burning,low,0,1,214_810,2
E0309441_2,agricultural_burning,low,0,1,214_811,1
E0309661_1,agricultural_burning,low,0,1,214_848,0
E0309677_1,agricultural_burning,low,0,1,214_855,3
E0309719_1,agricultural_burning,low,0,1,214_924,4
E0309761_1,agricultural_burning,low,0,1,214_931,0
E0309791_1,agricultural_burning,low,0,1,214_940,1
E0309791_2,agricultural_burning,low,0,1,214_940,1
E0309816_1,agricultural_burning,low,0,1,214_943,1
E0309872_2,agricultural_burning,low,0,1,214_964,2
E0309882_1,agricultural_burning,low,0,1,214_965,3
E0309885_1,agricultural_burning,low,0,1,214_965,3
E0309893_1,agricultural_burning,low,0,1,214_966,4
E0309893_2,agricultural_burning,low,0,1,214_966,4
E0309894_1,agricultural_burning,low,0,1,214_966,4
E0309896_1,agricultural_burning,low,0,1,214_966,4
E0309899_1,agricultural_burning,low,0,1,214_966,4
E0309913_3,agricultural_burning,low,0,1,214_968,2
E0310147_1,agricultural_burning,low,0,1,214_806,0
E0310162_1,agricultural_burning,low,0,1,214_809,3
E0310167_1,agricultural_burning,low,0,1,214_810,2
E0310171_1,agricultural_burning,low,0,1,214_811,1
E0310172_1,agricultural_burning,low,0,1,214_811,1
E0310404_1,agricultural_burning,low,0,1,214_855,3
E0310490_1,agricultural_burning,low,0,1,214_930,2
E0310524_4,agricultural_burning,low,0,1,214_940,1
E0310526_1,agricultural_burning,low,0,1,214_940,1
E0310527_1,agricultural_burning,low,0,1,214_940,1
E0310535_1,agricultural_burning,low,0,1,214_941,2
E0310546_1,agricultural_burning,low,0,1,214_942,4
E0310631_1,agricultural_burning,low,0,1,214_966,4
E0310631_2,agricultural_burning,low,0,1,214_966,4
E0310634_2,agricultural_burning,low,0,1,214_966,4
E0310636_1,agricultural_burning,low,0,1,214_966,4
E0310637_1,agricultural_burning,low,0,1,214_967,3
E0310637_3,agricultural_burning,low,0,1,214_967,3
E0310641_1,agricultural_burning,low,0,1,214_967,3
E0310810_1,agricultural_burning,low,0,1,214_777,1
E0310840_1,agricultural_burning,low,0,1,214_794,1
E0310844_1,agricultural_burning,low,0,1,214_794,1
E0310888_1,agricultural_burning,low,0,1,214_810,2
E0310897_1,agricultural_burning,low,0,1,214_811,1
E0311250_3,agricultural_burning,low,0,1,214_940,1
E0311267_1,agricultural_burning,low,0,1,214_942,4
E0311340_1,agricultural_burning,low,0,1,214_965,3
E0311357_3,agricultural_burning,low,0,1,214_967,3
E0311359_1,agricultural_burning,low,0,1,214_968,2
E0311359_2,agricultural_burning,low,0,1,214_968,2
E0311376_1,agricultural_burning,low,0,1,214_969,0
E0311470_1,agricultural_burning,low,0,1,214_763,2
E0311551_1,agricultural_burning,low,0,1,214_794,1
E0311554_1,agricultural_burning,low,0,1,214_795,3
E0311607_1,agricultural_burning,low,0,1,214_810,2
E0311613_1,agricultural_burning,low,0,1,214_811,1
E0311616_1,agricultural_burning,low,0,1,214_811,1
E0311681_1,agricultural_burning,low,0,1,214_821,2
E0311702_2,agricultural_burning,low,0,1,214_827,1
E0311720_1,agricultural_burning,low,0,1,214_830,4
E0311734_1,agricultural_burning,low,0,1,214_834,4
E0311804_1,agricultural_burning,low,0,1,214_848,0
E0311940_1,agricultural_burning,low,0,1,214_937,1
E0311975_1,agricultural_burning,low,0,1,214_942,4
E0311979_1,agricultural_burning,low,0,1,214_942,4
E0312027_1,agricultural_burning,low,0,1,214_959,0
E0312055_1,agricultural_burning,low,0,1,214_964,2
E0312065_1,agricultural_burning,low,0,1,214_965,3
E0312068_1,agricultural_burning,low,0,1,214_966,4
E0312071_1,agricultural_burning,low,0,1,214_966,4
E0312074_1,agricultural_burning,low,0,1,214_966,4
E0312078_1,agricultural_burning,low,0,1,214_967,3
E0312081_3,agricultural_burning,low,0,1,214_967,3
E0312130_1,industrial_fire,low,0,1,214_716,4
E0312215_1,agricultural_burning,low,0,1,214_771,1
E0312318_1,agricultural_burning,low,0,1,214_806,0
E0312337_1,agricultural_burning,low,0,1,214_808,0
E0312349_2,agricultural_burning,low,0,1,214_810,2
E0312399_4,agricultural_burning,low,0,1,214_818,3
E0312408_2,agricultural_burning,low,0,1,214_819,3
E0312453_1,agricultural_burning,low,0,1,214_828,2
E0312577_2,agricultural_burning,low,0,1,214_854,3
E0312690_3,agricultural_burning,low,0,1,214_940,1
E0312696_1,agricultural_burning,low,0,1,214_940,1
E0312696_2,agricultural_burning,low,0,1,214_940,1
E0312707_1,agricultural_burning,low,0,1,214_941,2
E0312711_1,agricultural_burning,low,0,1,214_942,4
E0312779_1,agricultural_burning,low,0,1,214_964,2
E0312790_2,agricultural_burning,low,0,1,214_965,3
E0312793_1,agricultural_burning,low,0,1,214_966,4
E0312796_1,agricultural_burning,low,0,1,214_966,4
E0312804_1,agricultural_burning,low,0,1,214_967,3
E0312810_2,agricultural_burning,low,0,1,214_968,2
E0312813_1,agricultural_burning,low,0,1,214_968,2
E0312815_1,agricultural_burning,low,0,1,214_969,0
E0312823_1,industrial_fire,low,0,1,214_697,3
E0312847_1,industrial_fire,low,0,1,214_716,4
E0312984_1,agricultural_burning,low,0,1,214_796,2
E0313050_4,agricultural_burning,low,0,1,214_816,2
E0313117_1,agricultural_burning,low,0,1,214_828,2
E0313341_1,agricultural_burning,low,0,1,214_940,1
E0313347_1,agricultural_burning,low,0,1,214_941,2
E0313420_1,agricultural_burning,low,0,1,214_964,2
E0313427_3,agricultural_burning,low,0,1,214_965,3
E0313428_2,agricultural_burning,low,0,1,214_965,3
E0313449_2,agricultural_burning,low,0,1,214_968,2
E0313460_1,agricultural_burning,low,0,1,214_969,0
E0313463_1,agricultural_burning,low,0,1,214_969,0
E0313467_1,agricultural_burning,low,0,1,214_969,0
E0313594_2,agricultural_burning,low,0,1,214_771,1
E0313621_1,industrial_fire,low,0,1,214_775,2
E0313700_2,agricultural_burning,low,0,1,214_806,0
E0313772_1,agricultural_burning,low,0,1,214_819,3
E0313934_2,agricultural_burning,low,0,1,214_853,4
E0313935_1,agricultural_burning,low,0,1,214_853,4
E0313937_1,agricultural_burning,low,0,1,214_854,3
E0314031_1,agricultural_burning,low,0,1,214_939,2
E0314060_1,agricultural_burning,low,0,1,214_943,1
E0314129_1,agricultural_burning,low,0,1,214_965,3
E0314139_1,agricultural_burning,low,0,1,214_967,3
E0314141_1,agricultural_burning,low,0,1,214_967,3
E0314149_3,agricultural_burning,low,0,1,214_968,2
E0314152_1,agricultural_burning,low,0,1,214_968,2
E0314158_3,agricultural_burning,low,0,1,214_969,0
E0314159_2,agricultural_burning,low,0,1,214_969,0
E0314341_2,agricultural_burning,low,0,1,215_788,2
E0314342_2,agricultural_burning,low,0,1,215_788,2
E0314488_1,agricultural_burning,low,0,1,215_828,0
E0314528_1,agricultural_burning,low,0,1,214_834,4
E0314615_1,agricultural_burning,low,0,1,215_853,3
E0314733_2,agricultural_burning,low,0,1,215_941,3
E0314735_1,agricultural_burning,low,0,1,215_941,3
E0314836_1,agricultural_burning,low,0,1,214_965,3
E0314843_1,agricultural_burning,low,0,1,215_966,1
E0314865_1,agricultural_burning,low,0,1,214_969,0
E0315064_1,agricultural_burning,low,0,1,215_796,3
E0315082_1,agricultural_burning,low,0,1,215_806,0
E0315172_3,agricultural_burning,low,0,1,215_822,2
E0315270_1,agricultural_burning,low,0,1,215_844,0
E0315276_2,agricultural_burning,low,0,1,215_845,3
E0315406_1,agricultural_burning,low,0,1,215_937,2
E0315433_3,agricultural_burning,low,0,1,215_941,3
E0315522_2,agricultural_burning,low,0,1,215_965,3
E0315524_2,agricultural_burning,low,0,1,215_965,3
E0315542_1,agricultural_burning,low,0,1,215_967,3
E0315561_4,agricultural_burning,low,0,1,215_969,0
E0315685_1,agricultural_burning,low,0,1,215_770,0
E0315699_1,agricultural_burning,low,0,1,215_773,1
E0315849_3,agricultural_burning,low,0,1,215_821,1
E0315880_1,agricultural_burning,low,0,1,215_828,0
E0316030_1,agricultural_burning,low,0,1,215_859,1
E0316047_2,agricultural_burning,low,0,1,215_918,3
E0316060_1,agricultural_burning,low,0,1,215_923,0
E0316113_1,agricultural_burning,low,0,1,215_937,2
E0316132_1,agricultural_burning,low,0,1,215_940,4
E0316209_1,agricultural_burning,low,0,1,215_963,4
E0316223_1,agricultural_burning,low,0,1,215_965,3
E0316229_1,agricultural_burning,low,0,1,215_965,3
E0316242_1,agricultural_burning,low,0,1,215_967,3
E0316261_1,agricultural_burning,low,0,1,215_969,0
E0316368_1,agricultural_burning,low,0,1,215_765,2
E0316407_1,agricultural_burning,low,0,1,215_778,2
E0316421_1,agricultural_burning,low,0,1,215_787,1
E0316567_1,agricultural_burning,low,0,1,215_828,0
E0316822_1,agricultural_burning,low,0,1,215_942,0
E0316867_1,agricultural_burning,low,0,1,215_954,1
E0316898_1,agricultural_burning,low,0,1,215_963,4
E0316900_2,agricultural_burning,low,0,1,215_963,4
E0316915_1,agricultural_burning,low,0,1,215_965,3
E0316916_1,agricultural_burning,low,0,1,215_965,3
E0316919_1,agricultural_burning,low,0,1,215_965,3
E0316925_1,agricultural_burning,low,0,1,215_966,1
E0316948_1,agricultural_burning,low,0,1,215_969,0
E0317111_1,agricultural_burning,low,0,1,215_789,2
E0317508_1,agricultural_burning,low,0,1,215_940,4
E0317521_1,agricultural_burning,low,0,1,215_942,0
E0317622_2,agricultural_burning,low,0,1,215_966,1
E0317776_1,agricultural_burning,low,0,1,215_771,3
E0317910_1,agricultural_burning,low,0,1,215_817,1
E0318044_1,agricultural_burning,low,0,1,215_846,3
E0318049_1,agricultural_burning,low,0,1,215_847,0
E0318117_1,agricultural_burning,low,0,1,215_922,0
E0318224_1,agricultural_burning,low,0,1,215_943,4
E0318225_1,agricultural_burning,low,0,1,215_943,4
E0318226_1,agricultural_burning,low,0,1,215_943,4
E0318316_1,agricultural_burning,low,0,1,215_965,3
E0318318_1,agricultural_burning,low,0,1,215_965,3
E0318329_1,agricultural_burning,low,0,1,215_966,1
E0318331_2,agricultural_burning,low,0,1,215_966,1
E0318347_1,agricultural_burning,low,0,1,215_969,0
E0318347_3,agricultural_burning,low,0,1,215_969,0
E0318394_1,agricultural_burning,low,0,1,215_729,4
E0318394_6,agricultural_burning,low,0,1,215_729,4
E0318395_1,agricultural_burning,medium,1,1,215_729,4
E0318582_1,agricultural_burning,low,0,1,215_808,0
E0318586_1,agricultural_burning,low,0,1,215_809,2
E0318627_8,agricultural_burning,low,0,1,215_817,1
E0318628_11,agricultural_burning,low,0,1,215_817,1
E0318677_2,agricultural_burning,low,0,1,215_828,0
E0318826_2,agricultural_burning,low,0,1,215_857,0
E0318827_2,agricultural_burning,low,0,1,215_857,0
E0318900_1,agricultural_burning,low,0,1,215_938,2
E0318926_1,agricultural_burning,low,0,1,215_941,3
E0319014_1,agricultural_burning,low,0,1,215_964,1
E0319019_1,agricultural_burning,low,0,1,215_965,3
E0319032_1,agricultural_burning,low,0,1,215_966,1
E0319033_2,agricultural_burning,low,0,1,215_966,1
E0319035_1,agricultural_burning,low,0,1,215_966,1
E0319062_1,agricultural_burning,low,0,1,215_699,4
E0319095_2,agricultural_burning,low,0,1,215_729,4
E0319117_1,agricultural_burning,low,0,1,215_738,2
E0319260_1,agricultural_burning,low,0,1,215_794,3
E0319347_6,agricultural_burning,low,0,1,215_817,1
E0319348_1,agricultural_burning,low,0,1,215_817,1
E0319410_2,agricultural_burning,low,0,1,215_828,0
E0319491_1,agricultural_burning,low,0,1,215_845,3
E0319566_1,agricultural_burning,low,0,1,215_923,0
E0319567_2,agricultural_burning,low,0,1,215_923,0
E0319597_1,agricultural_burning,low,0,1,215_931,2
E0319606_2,agricultural_burning,low,0,1,215_936,2
E0319624_3,agricultural_burning,low,0,1,215_940,4
E0319649_1,agricultural_burning,low,0,1,215_943,4
E0319663_2,agricultural_burning,low,0,1,215_946,2
E0319675_1,agricultural_burning,low,0,1,215_947,1
E0319728_1,agricultural_burning,low,0,1,215_963,4
E0319736_1,agricultural_burning,low,0,1,215_964,1
E0319736_2,agricultural_burning,low,0,1,215_964,1
E0319742_2,agricultural_burning,low,0,1,215_965,3
E0319756_1,agricultural_burning,low,0,1,215_966,1
E0319757_2,agricultural_burning,low,0,1,215_966,1
E0319773_1,agricultural_burning,low,0,1,215_969,0
E0319774_1,agricultural_burning,low,0,1,215_969,0
E0319874_1,agricultural_burning,low,0,1,215_759,4
E0319881_1,agricultural_burning,low,0,1,215_760,2
E0320073_3,agricultural_burning,low,0,1,215_820,3
E0320205_1,agricultural_burning,low,0,1,215_844,0
E0320252_2,agricultural_burning,low,0,1,215_853,3
E0320255_1,agricultural_burning,low,0,1,215_853,3
E0320366_1,agricultural_burning,low,0,1,215_941,3
E0320392_1,agricultural_burning,low,0,1,215_943,4
E0320466_9,agricultural_burning,low,0,1,215_962,2
E0320474_2,agricultural_burning,low,0,1,215_963,4
E0320476_1,agricultural_burning,low,0,1,215_963,4
E0320476_2,agricultural_burning,low,0,1,215_963,4
E0320489_1,agricultural_burning,low,0,1,215_965,3
E0320503_1,agricultural_burning,low,0,1,215_967,3
E0320524_2,agricultural_burning,low,0,1,215_969,0
E0320588_2,agricultural_burning,low,0,1,215_736,1
E0320658_2,agricultural_burning,low,0,1,215_774,2
E0320675_1,agricultural_burning,low,0,1,215_782,3
E0320686_1,agricultural_burning,low,0,1,215_786,3
E0320726_2,agricultural_burning,low,0,1,215_805,0
E0320775_3,agricultural_burning,low,0,1,215_814,1
E0320935_1,agricultural_burning,low,0,1,215_843,3
E0321077_1,agricultural_burning,low,0,1,215_936,2
E0321108_1,agricultural_burning,low,0,1,215_941,3
E0321118_1,agricultural_burning,low,0,1,215_942,0
E0321118_2,agricultural_burning,low,0,1,215_942,0
E0321128_2,agricultural_burning,low,0,1,215_943,4
E0321132_2,agricultural_burning,low,0,1,215_943,4
E0321142_1,agricultural_burning,low,0,1,215_945,1
E0321150_1,agricultural_burning,low,0,1,215_946,2
E0321211_1,agricultural_burning,low,0,1,215_964,1
E0321215_1,agricultural_burning,low,0,1,215_964,1
E0321242_1,agricultural_burning,low,0,1,215_968,0
E0321243_1,agricultural_burning,low,0,1,215_968,0
E0321256_3,agricultural_burning,low,0,1,215_969,0
E0321262_2,industrial_fire,low,0,1,216_698,3
E0321262_3,industrial_fire,low,0,1,216_698,3
E0321263_2,industrial_fire,low,0,1,215_698,3
E0321263_3,industrial_fire,low,0,1,216_698,3
E0321365_1,agricultural_burning,low,0,1,215_761,0
E0321467_2,agricultural_burning,low,0,1,215_794,3
E0321473_1,agricultural_burning,low,0,1,215_795,0
E0321499_1,agricultural_burning,low,0,1,215_806,0
E0321510_1,agricultural_burning,low,0,1,215_811,2
E0321644_1,agricultural_burning,low,0,1,216_831,4
E0321735_2,agricultural_burning,low,0,1,216_851,3
E0321779_1,agricultural_burning,low,0,1,216_922,1
E0321815_1,agricultural_burning,low,0,1,215_931,2
E0321823_1,agricultural_burning,low,0,1,216_932,0
E0321832_1,agricultural_burning,low,0,1,215_936,2
E0321861_1,agricultural_burning,low,0,1,215_940,4
E0321869_1,agricultural_burning,low,0,1,215_941,3
E0321873_2,agricultural_burning,low,0,1,215_941,3
E0321876_3,agricultural_burning,low,0,1,215_942,0
E0321877_1,agricultural_burning,low,0,1,216_942,0
E0321893_1,agricultural_burning,low,0,1,215_943,4
E0321909_1,agricultural_burning,low,0,1,216_946,1
E0321956_5,agricultural_burning,low,0,1,215_962,2
E0321973_1,agricultural_burning,low,0,1,216_964,3
E0321982_1,agricultural_burning,low,0,1,216_965,4
E0321984_3,agricultural_burning,low,0,1,216_965,4
E0321992_1,agricultural_burning,low,0,1,216_966,4
E0321999_1,agricultural_burning,low,0,1,216_967,4
E0322018_3,agricultural_burning,low,0,1,216_969,4
E0322020_2,agricultural_burning,low,0,1,215_969,0
E0322020_4,agricultural_burning,low,0,1,215_969,0
E0322025_1,industrial_fire,low,0,1,216_698,3
E0322173_1,agricultural_burning,low,0,1,216_786,3
E0322176_1,agricultural_burning,low,0,1,216_786,3
E0322197_1,agricultural_burning,low,0,1,216_795,3
E0322228_1,agricultural_burning,low,0,1,216_807,3
E0322279_2,agricultural_burning,low,0,1,216_816,3
E0322285_5,agricultural_burning,low,0,1,216_818,1
E0322311_3,agricultural_burning,low,0,1,216_822,1
E0322318_1,agricultural_burning,low,0,1,216_823,4
E0322391_1,agricultural_burning,low,0,1,216_835,0
E0322413_1,agricultural_burning,low,0,1,216_841,1
E0322442_1,agricultural_burning,low,0,1,216_848,4
E0322525_1,agricultural_burning,low,0,1,216_925,0
E0322596_1,agricultural_burning,low,0,1,216_941,3
E0322611_1,agricultural_burning,low,0,1,216_943,1
E0322615_2,agricultural_burning,low,0,1,216_943,1
E0322616_1,agricultural_burning,low,0,1,216_943,1
E0322680_1,agricultural_burning,low,0,1,216_963,2
E0322690_1,agricultural_burning,low,0,1,216_964,3
E0322700_2,agricultural_burning,low,0,1,216_965,4
E0322704_1,agricultural_burning,low,0,1,216_966,4
E0322713_1,agricultural_burning,low,0,1,216_967,4
E0322724_1,agricultural_burning,low,0,1,216_968,1
E0322726_4,agricultural_burning,low,0,1,216_968,1
E0322734_2,agricultural_burning,low,0,1,216_969,4
E0322735_4,agricultural_burning,low,0,1,216_969,4
E0322855_1,agricultural_burning,low,0,1,216_771,3
E0322856_1,agricultural_burning,low,0,1,216_771,3
E0322861_1,agricultural_burning,low,0,1,216_772,1
E0322863_1,agricultural_burning,low,0,1,216_772,1
E0322869_1,agricultural_burning,low,0,1,216_772,1
E0322876_1,agricultural_burning,low,0,1,216_773,2
E0322991_2,agricultural_burning,low,0,1,216_814,0
E0322993_1,agricultural_burning,low,0,1,216_814,0
E0323014_4,agricultural_burning,low,0,1,216_817,3
E0323106_1,agricultural_burning,low,0,1,216_831,4
E0323189_1,agricultural_burning,low,0,1,216_845,1
E0323271_1,agricultural_burning,low,0,1,216_922,1
E0323355_1,agricultural_burning,low,0,1,216_940,0
E0323367_1,agricultural_burning,low,0,1,216_941,3
E0323369_1,agricultural_burning,low,0,1,216_941,3
E0323377_1,agricultural_burning,low,0,1,216_942,0
E0323448_2,agricultural_burning,low,0,1,216_965,4
E0323455_1,agricultural_burning,low,0,1,216_965,4
E0323471_1,agricultural_burning,low,0,1,216_967,4
E0323482_2,agricultural_burning,low,0,1,216_968,1
E0323542_4,agricultural_burning,low,0,1,216_728,0
E0323700_2,agricultural_burning,low,0,1,216_795,3
E0323749_1,agricultural_burning,low,0,1,216_811,4
E0323818_6,agricultural_burning,low,0,1,216_821,3
E0323818_9,agricultural_burning,low,0,1,216_821,3
E0323897_4,agricultural_burning,low,0,1,216_831,4
E0324132_1,agricultural_burning,low,0,1,216_940,0
E0324142_2,agricultural_burning,low,0,1,216_941,3
E0324156_1,agricultural_burning,low,0,1,216_943,1
E0324157_1,agricultural_burning,low,0,1,216_943,1
E0324159_1,agricultural_burning,low,0,1,216_943,1
E0324160_2,agricultural_burning,low,0,1,216_943,1
E0324235_1,agricultural_burning,low,0,1,216_965,4
E0324239_1,agricultural_burning,low,0,1,216_965,4
E0324245_1,agricultural_burning,low,0,1,216_966,4
E0324246_1,agricultural_burning,low,0,1,216_966,4
E0324252_1,agricultural_burning,low,0,1,216_967,4
E0324261_1,agricultural_burning,low,0,1,216_968,1
E0324262_1,agricultural_burning,low,0,1,216_968,1
E0324267_1,agricultural_burning,low,0,1,216_968,1
E0324279_3,agricultural_burning,low,0,1,216_969,4
E0324485_1,agricultural_burning,low,0,1,216_794,4
E0324493_1,agricultural_burning,low,0,1,216_795,3
E0324499_2,agricultural_burning,low,0,1,216_796,0
E0324514_1,agricultural_burning,low,0,1,216_806,4
E0324572_2,agricultural_burning,low,0,1,216_815,2
E0324607_1,agricultural_burning,low,0,1,216_820,3
E0324910_2,agricultural_burning,low,0,1,216_940,0
E0324913_1,agricultural_burning,low,0,1,216_940,0
E0324914_3,agricultural_burning,low,0,1,216_940,0
E0324924_1,agricultural_burning,low,0,1,216_941,3
E0324932_2,agricultural_burning,low,0,1,216_942,0
E0324935_1,agricultural_burning,low,0,1,216_943,1
E0324942_1,agricultural_burning,low,0,1,216_943,1
E0325007_1,agricultural_burning,low,0,1,216_964,3
E0325019_2,agricultural_burning,low,0,1,216_965,4
E0325150_1,agricultural_burning,low,0,1,216_766,0
E0325192_1,agricultural_burning,low,0,1,216_772,1
E0325209_1,agricultural_burning,low,0,1,216_774,4
E0325270_1,agricultural_burning,low,0,1,216_794,4
E0325344_2,agricultural_burning,low,0,1,216_813,0
E0325349_1,agricultural_burning,low,0,1,216_814,0
E0325353_1,agricultural_burning,low,0,1,216_814,0
E0325445_1,agricultural_burning,low,0,1,216_828,2
E0325695_1,agricultural_burning,low,0,1,216_940,0
E0325704_2,agricultural_burning,low,0,1,216_941,3
E0325705_1,agricultural_burning,low,0,1,216_941,3
E0325709_1,agricultural_burning,low,0,1,216_942,0
E0325710_1,agricultural_burning,low,0,1,216_942,0
E0325716_1,agricultural_burning,low,0,1,216_942,0
E0325723_2,agricultural_burning,low,0,1,216_943,1
E0325782_1,agricultural_burning,low,0,1,216_964,3
E0325803_1,agricultural_burning,low,0,1,216_966,4
E0325826_1,agricultural_burning,low,0,1,216_969,4
E0325834_2,agricultural_burning,low,0,1,216_969,4
E0325916_2,agricultural_burning,low,0,1,216_768,2
E0325920_1,agricultural_burning,low,0,1,216_768,2
E0325953_1,agricultural_burning,low,0,1,216_772,1
E0325955_1,agricultural_burning,low,0,1,216_773,2
E0325963_1,agricultural_burning,low,0,1,216_774,4
E0326022_1,agricultural_burning,low,0,1,216_794,4
E0326081_1,agricultural_burning,low,0,1,216_811,4
E0326087_1,agricultural_burning,low,0,1,216_812,4
E0326097_1,agricultural_burning,low,0,1,216_813,0
E0326097_2,agricultural_burning,low,0,1,216_813,0
E0326102_2,agricultural_burning,low,0,1,216_814,0
E0326165_2,agricultural_burning,low,0,1,216_824,1
E0326254_1,agricultural_burning,low,0,1,216_835,0
E0326465_2,agricultural_burning,low,0,1,216_940,0
E0326474_2,agricultural_burning,low,0,1,216_940,0
E0326505_1,agricultural_burning,low,0,1,216_944,2
E0326506_1,agricultural_burning,low,0,1,216_944,2
E0326576_2,agricultural_burning,low,0,1,216_966,4
E0326578_1,agricultural_burning,low,0,1,216_966,4
E0326579_1,agricultural_burning,low,0,1,216_966,4
E0326593_1,agricultural_burning,low,0,1,216_968,1
E0326601_1,agricultural_burning,low,0,1,216_968,1
E0326608_3,agricultural_burning,low,0,1,216_969,4
E0326810_1,agricultural_burning,low,0,1,216_796,0
E0326852_3,agricultural_burning,low,0,1,216_812,4
E0326879_1,agricultural_burning,low,0,1,216_816,3
E0326927_2,agricultural_burning,low,0,1,216_823,4
E0326976_5,agricultural_burning,low,0,1,216_829,3
E0327196_1,agricultural_burning,low,0,1,216_931,4
E0327208_1,agricultural_burning,low,0,1,216_937,4
E0327217_1,agricultural_burning,low,0,1,216_938,3
E0327238_1,agricultural_burning,low,0,1,216_940,0
E0327251_1,agricultural_burning,low,0,1,216_942,0
E0327262_2,agricultural_burning,low,0,1,216_943,1
E0327268_1,agricultural_burning,low,0,1,216_944,2
E0327273_2,agricultural_burning,low,0,1,216_945,2
E0327274_1,agricultural_burning,low,0,1,216_945,2
E0327428_1,industrial_fire,low,0,1,216_725,1
E0327498_1,agricultural_burning,low,0,1,216_768,2
E0327605_1,agricultural_burning,low,0,1,216_796,0
E0327606_1,agricultural_burning,low,0,1,216_796,0
E0327663_3,agricultural_burning,low,0,1,216_814,0
E0327668_1,agricultural_burning,low,0,1,216_814,0
E0327710_6,agricultural_burning,low,0,1,216_820,3
E0327710_7,agricultural_burning,low,0,1,216_820,3
E0327720_1,agricultural_burning,low,0,1,216_822,1
E0327730_4,agricultural_burning,low,0,1,216_823,4
E0327796_1,agricultural_burning,low,0,1,216_831,4
E0327819_2,agricultural_burning,low,0,1,216_837,0
E0327892_1,agricultural_burning,low,0,1,216_848,4
E0327984_1,agricultural_burning,low,0,1,216_929,2
E0327985_1,agricultural_burning,low,0,1,216_929,2
E0328011_1,agricultural_burning,low,0,1,216_937,4
E0328019_1,agricultural_burning,low,0,1,216_938,3
E0328021_1,agricultural_burning,low,0,1,216_938,3
E0328034_2,agricultural_burning,low,0,1,216_940,0
E0328036_1,agricultural_burning,low,0,1,216_940,0
E0328041_1,agricultural_burning,low,0,1,216_940,0
E0328129_3,agricultural_burning,low,0,1,216_963,2
E0328130_2,agricultural_burning,low,0,1,216_963,2
E0328143_1,agricultural_burning,low,0,1,216_965,4
E0328170_3,agricultural_burning,low,0,1,216_968,1
E0328182_1,agricultural_burning,low,0,1,216_969,4
E0328182_2,agricultural_burning,low,0,1,216_969,4
E0328185_1,agricultural_burning,low,0,1,216_969,4
E0328222_1,industrial_fire,low,0,1,216_725,1
E0328222_2,industrial_fire,low,0,1,216_725,1
E0328222_3,industrial_fire,low,0,1,216_725,1
E0328226_1,industrial_fire,low,0,1,216_726,4
E0328281_1,agricultural_burning,low,0,1,216_768,2
E0328294_2,agricultural_burning,low,0,1,216_769,3
E0328297_1,agricultural_burning,low,0,1,216_771,3
E0328304_1,agricultural_burning,low,0,1,216_772,1
E0328407_1,agricultural_burning,low,0,1,216_804,4
E0328429_1,agricultural_burning,low,0,1,216_811,4
E0328430_1,agricultural_burning,low,0,1,216_811,4
E0328697_2,agricultural_burning,low,0,1,216_852,2
E0328698_1,agricultural_burning,low,0,1,216_852,2
E0328789_1,agricultural_burning,low,0,1,216_937,4
E0328790_1,agricultural_burning,low,0,1,216_937,4
E0328793_1,agricultural_burning,low,0,1,216_938,3
E0328799_1,agricultural_burning,low,0,1,216_938,3
E0328807_2,agricultural_burning,low,0,1,216_940,0
E0328810_1,agricultural_burning,low,0,1,216_940,0
E0328813_1,agricultural_burning,low,0,1,216_940,0
E0328830_1,agricultural_burning,low,0,1,216_942,0
E0328843_2,agricultural_burning,low,0,1,216_944,2
E0328849_2,agricultural_burning,low,0,1,216_944,2
E0328850_1,agricultural_burning,low,0,1,216_944,2
E0328857_2,agricultural_burning,low,0,1,216_946,1
E0328864_1,agricultural_burning,low,0,1,216_949,4
E0328917_1,agricultural_burning,low,0,1,216_965,4
E0328919_1,agricultural_burning,low,0,1,216_965,4
E0328939_1,agricultural_burning,low,0,1,216_967,4
E0328950_2,agricultural_burning,low,0,1,216_968,1
E0328955_1,agricultural_burning,low,0,1,216_969,4
E0329071_1,agricultural_burning,low,0,1,217_767,0
E0329075_1,agricultural_burning,low,0,1,217_768,2
E0329184_1,agricultural_burning,low,0,1,216_804,4
E0329206_1,agricultural_burning,low,0,1,216_810,1
E0329225_1,agricultural_burning,low,0,1,217_813,0
E0329225_2,agricultural_burning,low,0,1,217_813,0
E0329225_4,agricultural_burning,low,0,1,216_813,0
E0329232_1,agricultural_burning,low,0,1,216_814,0
E0329234_2,agricultural_burning,low,0,1,216_814,0
E0329338_4,agricultural_burning,low,0,1,216_830,3
E0329565_1,agricultural_burning,low,0,1,217_936,1
E0329574_1,agricultural_burning,low,0,1,217_937,2
E0329579_2,agricultural_burning,low,0,1,217_937,2
E0329593_1,agricultural_burning,low,0,1,217_939,0
E0329595_2,agricultural_burning,low,0,1,217_940,3
E0329609_1,agricultural_burning,low,0,1,216_941,3
E0329635_2,agricultural_burning,low,0,1,216_944,2
E0329636_1,agricultural_burning,low,0,1,216_944,2
E0329696_1,agricultural_burning,low,0,1,217_966,3
E0329711_1,agricultural_burning,low,0,1,216_968,1
E0329712_1,agricultural_burning,low,0,1,216_968,1
E0329774_1,industrial_fire,low,0,1,217_726,2
E0329843_1,agricultural_burning,low,0,1,217_769,3
E0329886_1,agricultural_burning,low,0,1,217_781,4
E0329986_1,agricultural_burning,low,0,1,217_813,0
E0329986_3,agricultural_burning,low,0,1,217_813,0
E0329991_3,agricultural_burning,low,0,1,217_814,3
E0329993_1,agricultural_burning,low,0,1,217_814,3
E0330032_2,agricultural_burning,low,0,1,217_822,0
E0330177_1,agricultural_burning,low,0,1,217_845,1
E0330230_1,agricultural_burning,low,0,1,217_869,3
E0330307_1,agricultural_burning,low,0,1,217_937,2
E0330326_2,agricultural_burning,low,0,1,217_940,3
E0330360_1,agricultural_burning,low,0,1,217_943,3
E0330401_1,agricultural_burning,low,0,1,217_962,4
E0330424_1,agricultural_burning,low,0,1,217_965,2
E0330431_1,agricultural_burning,low,0,1,217_965,2
E0330436_1,agricultural_burning,low,0,1,217_966,3
E0330454_1,agricultural_burning,low,0,1,217_969,3
E0330469_1,agricultural_burning,low,0,1,217_698,4
E0330643_1,agricultural_burning,low,0,1,217_784,0
E0330671_1,agricultural_burning,low,0,1,217_795,4
E0330924_2,agricultural_burning,low,0,1,217_846,2
E0331033_1,agricultural_burning,low,0,1,217_936,1
E0331034_1,agricultural_burning,low,0,1,217_936,1
E0331039_2,agricultural_burning,low,0,1,217_937,2
E0331040_1,agricultural_burning,low,0,1,217_937,2
E0331052_1,agricultural_burning,low,0,1,217_939,0
E0331066_2,agricultural_burning,low,0,1,217_940,3
E0331095_1,agricultural_burning,low,0,1,217_944,4
E0331097_1,agricultural_burning,low,0,1,217_944,4
E0331179_1,agricultural_burning,low,0,1,217_967,3
E0331190_1,agricultural_burning,low,0,1,217_968,3
E0331196_1,agricultural_burning,low,0,1,217_969,3
E0331201_1,agricultural_burning,low,0,1,217_969,3
E0331212_1,industrial_fire,low,0,1,217_700,0
E0331256_1,agricultural_burning,low,0,1,217_735,3
E0331374_2,agricultural_burning,low,0,1,217_788,2
E0331402_1,agricultural_burning,low,0,1,217_796,3
E0331435_1,agricultural_burning,low,0,1,217_813,0
E0331451_2,agricultural_burning,low,0,1,217_815,0
E0331453_1,agricultural_burning,low,0,1,217_815,0
E0331457_2,agricultural_burning,low,0,1,217_816,4
E0331464_1,agricultural_burning,low,0,1,217_816,4
E0331473_1,agricultural_burning,low,0,1,217_817,4
E0331474_1,agricultural_burning,low,0,1,217_817,4
E0331481_1,agricultural_burning,low,0,1,217_819,3
E0331582_1,agricultural_burning,medium,1,1,217_838,3
E0331582_6,agricultural_burning,low,0,1,217_838,3
E0331595_3,agricultural_burning,low,0,1,217_839,2
E0331595_4,agricultural_burning,low,0,1,217_839,2
E0331595_7,agricultural_burning,low,0,1,217_839,2
E0331596_1,agricultural_burning,low,0,1,217_839,2
E0331596_5,agricultural_burning,low,0,1,217_839,2
E0331596_6,agricultural_burning,low,0,1,217_839,2
E0331665_1,agricultural_burning,low,0,1,217_852,2
E0331761_2,agricultural_burning,low,0,1,217_936,1
E0331778_2,agricultural_burning,low,0,1,217_938,0
E0331909_1,agricultural_burning,low,0,1,217_965,2
E0331914_1,agricultural_burning,low,0,1,217_965,2
E0331945_1,industrial_fire,low,0,1,217_695,4
E0331954_1,industrial_fire,low,0,1,217_700,0
E0332009_1,agricultural_burning,low,0,1,217_735,3
E0332121_1,agricultural_burning,low,0,1,217_787,4
E0332187_1,agricultural_burning,low,0,1,217_809,3
E0332212_2,agricultural_burning,low,0,1,217_814,3
E0332213_2,agricultural_burning,low,0,1,217_814,3
E0332214_3,agricultural_burning,low,0,1,217_814,3
E0332236_2,agricultural_burning,low,0,1,217_817,4
E0332237_1,agricultural_burning,low,0,1,217_817,4
E0332239_1,agricultural_burning,low,0,1,217_817,4
E0332241_1,agricultural_burning,low,0,1,217_818,1
E0332372_4,agricultural_burning,medium,1,1,217_838,3
E0332372_6,agricultural_burning,low,0,1,217_838,3
E0332382_4,agricultural_burning,low,0,1,217_839,2
E0332382_9,agricultural_burning,low,0,1,217_839,2
E0332439_1,agricultural_burning,low,0,1,217_848,0
E0332561_1,agricultural_burning,low,0,1,217_936,1
E0332591_1,agricultural_burning,low,0,1,217_940,3
E0332608_1,agricultural_burning,low,0,1,217_942,0
E0332679_3,agricultural_burning,low,0,1,217_962,4
E0332714_1,agricultural_burning,low,0,1,217_965,2
E0332720_3,agricultural_burning,low,0,1,217_966,3
E0332752_1,industrial_fire,low,0,1,217_694,4
E0333014_3,agricultural_burning,low,0,1,217_815,0
E0333033_2,agricultural_burning,low,0,1,217_817,4
E0333035_2,agricultural_burning,low,0,1,217_817,4
E0333036_3,agricultural_burning,low,0,1,217_818,1
E0333037_2,agricultural_burning,low,0,1,217_818,1
E0333039_2,agricultural_burning,low,0,1,217_818,1
E0333159_1,agricultural_burning,low,0,1,217_838,3
E0333340_2,agricultural_burning,low,0,1,217_929,2
E0333357_1,agricultural_burning,low,0,1,217_935,4
E0333365_1,agricultural_burning,low,0,1,217_936,1
E0333370_1,agricultural_burning,low,0,1,217_936,1
E0333371_1,agricultural_burning,low,0,1,217_936,1
E0333402_2,agricultural_burning,low,0,1,217_940,3
E0333414_1,agricultural_burning,low,0,1,217_941,2
E0333438_1,agricultural_burning,low,0,1,217_944,4
E0333441_1,agricultural_burning,low,0,1,217_944,4
E0333442_1,agricultural_burning,low,0,1,217_944,4
E0333495_2,agricultural_burning,low,0,1,217_963,0
E0333511_1,agricultural_burning,low,0,1,217_965,2
E0333529_1,agricultural_burning,low,0,1,217_967,3
E0333530_1,agricultural_burning,low,0,1,217_967,3
E0333544_1,agricultural_burning,low,0,1,217_969,3
E0333652_1,agricultural_burning,low,0,1,217_769,3
E0333672_1,agricultural_burning,low,0,1,217_774,4
E0333715_1,agricultural_burning,low,0,1,217_787,4
E0333726_1,agricultural_burning,low,0,1,217_789,0
E0333728_2,agricultural_burning,low,0,1,217_789,0
E0333732_1,agricultural_burning,low,0,1,217_790,2
E0333772_1,agricultural_burning,low,0,1,217_809,3
E0333799_2,agricultural_burning,low,0,1,217_814,3
E0333805_3,agricultural_burning,low,0,1,217_814,3
E0333809_1,agricultural_burning,low,0,1,217_815,0
E0333824_2,agricultural_burning,low,0,1,217_817,4
E0333950_4,agricultural_burning,medium,1,1,217_838,3
E0333950_7,agricultural_burning,low,0,1,217_838,3
E0333950_8,agricultural_burning,low,0,1,217_838,3
E0333952_7,agricultural_burning,low,0,1,217_838,3
E0333953_4,agricultural_burning,medium,1,1,217_838,3
E0333962_2,agricultural_burning,low,0,1,217_839,2
E0334199_1,agricultural_burning,low,0,1,217_938,0
E0334213_1,agricultural_burning,low,0,1,217_940,3
E0334235_1,agricultural_burning,low,0,1,217_943,3
E0334245_2,agricultural_burning,low,0,1,217_944,4
E0334318_1,agricultural_burning,low,0,1,217_965,2
E0334321_1,agricultural_burning,low,0,1,217_965,2
E0334333_1,agricultural_burning,low,0,1,217_966,3
E0334339_2,agricultural_burning,low,0,1,217_967,3
E0334343_2,agricultural_burning,low,0,1,217_967,3
E0334359_2,agricultural_burning,low,0,1,217_969,3
E0334434_1,agricultural_burning,low,0,1,217_735,3
E0334614_2,agricultural_burning,low,0,1,217_815,0
E0334676_5,agricultural_burning,low,0,1,217_824,1
E0334777_7,agricultural_burning,low,0,1,217_838,3
E0334777_9,agricultural_burning,low,0,1,217_838,3
E0334778_4,agricultural_burning,low,0,1,217_838,3
E0334806_2,agricultural_burning,low,0,1,217_841,4
E0334822_2,agricultural_burning,low,0,1,217_844,3
E0335015_2,agricultural_burning,low,0,1,217_937,2
E0335016_2,agricultural_burning,low,0,1,217_937,2
E0335063_1,agricultural_burning,low,0,1,217_943,3
E0335141_1,agricultural_burning,low,0,1,217_965,2
E0335144_1,agricultural_burning,low,0,1,217_965,2
E0335152_1,agricultural_burning,low,0,1,217_966,3
E0335155_1,agricultural_burning,low,0,1,217_966,3
E0335156_1,agricultural_burning,low,0,1,217_966,3
E0335161_1,agricultural_burning,low,0,1,217_967,3
E0335161_2,agricultural_burning,low,0,1,217_967,3
E0335181_1,agricultural_burning,low,0,1,217_969,3
E0335191_2,industrial_fire,low,0,1,217_700,0
E0335364_1,agricultural_burning,low,0,1,217_788,2
E0335380_3,agricultural_burning,low,0,1,217_790,2
E0335449_2,agricultural_burning,low,0,1,217_814,3
E0335456_1,agricultural_burning,low,0,1,217_815,0
E0335465_1,agricultural_burning,low,0,1,217_816,4
E0335470_1,agricultural_burning,low,0,1,217_816,4
E0335477_1,agricultural_burning,low,0,1,217_817,4
E0335629_7,agricultural_burning,low,0,1,217_838,3
E0335688_2,agricultural_burning,low,0,1,217_847,4
E0335739_1,agricultural_burning,low,0,1,217_868,3
E0335765_1,agricultural_burning,low,0,1,217_873,0
E0335844_2,agricultural_burning,low,0,1,217_936,1
E0335854_2,agricultural_burning,low,0,1,217_937,2
E0335856_1,agricultural_burning,low,0,1,217_937,2
E0335878_1,agricultural_burning,low,0,1,217_940,3
E0335906_2,agricultural_burning,low,0,1,217_943,3
E0335994_3,agricultural_burning,low,0,1,217_966,3
E0335995_2,agricultural_burning,low,0,1,217_966,3
E0335997_2,agricultural_burning,low,0,1,217_966,3
E0335999_1,agricultural_burning,low,0,1,217_966,3
E0336004_2,agricultural_burning,low,0,1,217_967,3
E0336006_1,agricultural_burning,low,0,1,217_967,3
E0336027_1,agricultural_burning,low,0,1,217_969,3
E0336148_2,agricultural_burning,low,0,1,217_770,1
E0336255_1,agricultural_burning,low,0,1,217_800,0
E0336256_5,agricultural_burning,low,0,1,217_800,0
E0336264_2,agricultural_burning,low,0,1,217_803,3
E0336347_3,agricultural_burning,low,0,1,217_818,1
E0336348_4,agricultural_burning,low,0,1,217_818,1
E0336496_1,agricultural_burning,medium,1,1,217_838,3
E0336606_1,agricultural_burning,low,0,1,217_871,3
E0336689_1,agricultural_burning,low,0,1,217_932,3
E0336702_1,agricultural_burning,low,0,1,217_936,1
E0336703_1,agricultural_burning,low,0,1,217_936,1
E0336712_2,agricultural_burning,low,0,1,217_937,2
E0336768_1,agricultural_burning,low,0,1,217_944,4
E0336771_1,agricultural_burning,low,0,1,217_944,4
E0336797_1,agricultural_burning,low,0,1,217_952,2
E0336848_2,agricultural_burning,low,0,1,217_966,3
E0336851_1,agricultural_burning,low,0,1,217_967,3
E0336852_2,agricultural_burning,low,0,1,217_967,3
E0336853_1,agricultural_burning,low,0,1,217_967,3
E0336855_1,agricultural_burning,low,0,1,217_967,3
E0336856_1,agricultural_burning,low,0,1,217_967,3
E0336857_1,agricultural_burning,low,0,1,217_967,3
E0336972_2,agricultural_burning,low,0,1,217_770,1
E0336979_1,agricultural_burning,low,0,1,217_771,3
E0336988_1,agricultural_burning,low,0,1,218_772,1
E0337147_1,agricultural_burning,low,0,1,217_815,0
E0337148_1,agricultural_burning,low,0,1,217_815,0
E0337175_1,agricultural_burning,low,0,1,218_820,2
E0337194_3,agricultural_burning,low,0,1,217_823,3
E0337303_6,agricultural_burning,low,0,1,218_838,0
E0337303_7,agricultural_burning,low,0,1,218_838,0
E0337304_2,agricultural_burning,low,0,1,218_838,0
E0337309_8,agricultural_burning,low,0,1,217_839,2
E0337344_1,agricultural_burning,low,0,1,217_845,1
E0337387_4,agricultural_burning,low,0,1,218_855,2
E0337388_10,agricultural_burning,low,0,1,218_855,2
E0337388_2,agricultural_burning,medium,1,1,218_855,2
E0337388_6,agricultural_burning,low,0,1,218_855,2
E0337388_7,agricultural_burning,low,0,1,218_855,2
E0337503_1,agricultural_burning,low,0,1,218_935,4
E0337523_1,agricultural_burning,low,0,1,217_938,0
E0337537_1,agricultural_burning,low,0,1,218_939,4
E0337560_1,agricultural_burning,low,0,1,218_942,3
E0337561_1,agricultural_burning,low,0,1,218_942,3
E0337568_1,agricultural_burning,low,0,1,217_943,3
E0337570_2,agricultural_burning,low,0,1,218_943,1
E0337655_1,agricultural_burning,low,0,1,218_966,0
E0337657_1,agricultural_burning,low,0,1,217_966,3
E0337659_1,agricultural_burning,low,0,1,218_967,1
E0337661_1,agricultural_burning,low,0,1,217_967,3
E0337678_1,agricultural_burning,low,0,1,218_969,0
E0337758_1,agricultural_burning,low,0,1,218_768,2
E0337777_1,agricultural_burning,low,0,1,218_770,3
E0337846_1,agricultural_burning,low,0,1,218_789,3
E0337902_1,agricultural_burning,low,0,1,218_813,1
E0337917_2,agricultural_burning,low,0,1,218_815,3
E0338077_1,agricultural_burning,low,0,1,218_836,3
E0338093_1,agricultural_burning,medium,1,1,218_838,0
E0338094_6,agricultural_burning,low,0,1,218_838,0
E0338240_1,agricultural_burning,low,0,1,218_922,0
E0338311_1,agricultural_burning,low,0,1,218_937,1
E0338319_1,agricultural_burning,low,0,1,218_938,4
E0338327_1,agricultural_burning,low,0,1,218_939,4
E0338334_2,agricultural_burning,low,0,1,218_940,3
E0338336_2,agricultural_burning,low,0,1,218_940,3
E0338337_2,agricultural_burning,low,0,1,218_940,3
E0338347_1,agricultural_burning,low,0,1,218_941,0
E0338378_1,agricultural_burning,low,0,1,218_946,4
E0338436_1,agricultural_burning,low,0,1,218_966,0
E0338467_2,agricultural_burning,low,0,1,218_969,0
E0338568_1,agricultural_burning,low,0,1,218_770,3
E0338573_2,agricultural_burning,low,0,1,218_772,1
E0338627_1,agricultural_burning,low,0,1,218_787,1
E0338676_1,agricultural_burning,low,0,1,218_804,3
E0338698_2,agricultural_burning,low,0,1,218_812,4
E0338833_5,agricultural_burning,low,0,1,218_831,3
E0338886_13,agricultural_burning,medium,1,1,218_838,0
E0338886_4,agricultural_burning,low,0,1,218_838,0
E0338886_5,agricultural_burning,medium,1,1,218_838,0
E0338886_9,agricultural_burning,low,0,1,218_839,2
E0338897_1,industrial_fire,low,0,1,218_840,0
E0338917_2,agricultural_burning,low,0,1,218_843,3
E0338958_1,agricultural_burning,low,0,1,218_853,4
E0338987_2,agricultural_burning,low,0,1,218_868,2
E0339124_1,agricultural_burning,low,0,1,218_938,4
E0339124_3,agricultural_burning,low,0,1,218_938,4
E0339134_1,agricultural_burning,low,0,1,218_939,4
E0339135_1,agricultural_burning,low,0,1,218_939,4
E0339165_1,agricultural_burning,low,0,1,218_943,1
E0339169_1,agricultural_burning,low,0,1,218_943,1
E0339225_1,agricultural_burning,low,0,1,218_964,0
E0339249_1,agricultural_burning,low,0,1,218_967,1
E0339251_1,agricultural_burning,low,0,1,218_967,1
E0339252_1,agricultural_burning,low,0,1,218_967,1
E0339263_1,agricultural_burning,low,0,1,218_968,0
E0339287_1,industrial_fire,low,0,1,218_700,1
E0339308_2,industrial_fire,low,0,1,218_726,0
E0339342_2,industrial_fire,low,0,1,218_765,4
E0339433_1,agricultural_burning,low,0,1,218_789,3
E0339437_1,agricultural_burning,low,0,1,218_789,3
E0339503_1,agricultural_burning,low,0,1,218_815,3
E0339650_1,agricultural_burning,low,0,1,218_834,0
E0339652_1,agricultural_burning,low,0,1,218_835,1
E0339659_1,agricultural_burning,low,0,1,218_835,1
E0339682_1,agricultural_burning,low,0,1,218_839,2
E0339742_1,agricultural_burning,low,0,1,218_849,1
E0339768_1,agricultural_burning,low,0,1,218_854,4
E0339921_2,agricultural_burning,low,0,1,218_937,1
E0339923_3,agricultural_burning,low,0,1,218_938,4
E0339932_3,agricultural_burning,low,0,1,218_939,4
E0339936_1,agricultural_burning,low,0,1,218_939,4
E0339956_1,agricultural_burning,low,0,1,218_942,3
E0339962_1,agricultural_burning,low,0,1,218_942,3
E0339969_1,agricultural_burning,low,0,1,218_943,1
E0339984_1,agricultural_burning,low,0,1,218_945,2
E0340024_1,agricultural_burning,low,0,1,218_963,2
E0340035_1,agricultural_burning,low,0,1,218_965,0
E0340043_2,agricultural_burning,low,0,1,218_966,0
E0340052_1,agricultural_burning,low,0,1,218_967,1
E0340056_1,agricultural_burning,low,0,1,218_967,1
E0340151_1,agricultural_burning,low,0,1,218_768,2
E0340210_1,agricultural_burning,low,0,1,218_786,3
E0340264_1,agricultural_burning,low,0,1,218_804,3
E0340302_2,agricultural_burning,low,0,1,218_814,2
E0340308_3,agricultural_burning,low,0,1,218_815,3
E0340309_2,agricultural_burning,low,0,1,218_815,3
E0340311_3,agricultural_burning,low,0,1,218_815,3
E0340314_1,agricultural_burning,low,0,1,218_815,3
E0340333_1,agricultural_burning,low,0,1,218_818,0
E0340334_2,agricultural_burning,low,0,1,218_818,0
E0340526_2,agricultural_burning,low,0,1,218_844,0
E0340598_3,agricultural_burning,low,0,1,218_868,2
E0340712_1,agricultural_burning,low,0,1,218_936,0
E0340723_1,agricultural_burning,low,0,1,218_938,4
E0340735_1,agricultural_burning,low,0,1,218_939,4
E0340740_1,agricultural_burning,low,0,1,218_939,4
E0340751_1,agricultural_burning,low,0,1,218_941,0
E0340768_1,agricultural_burning,low,0,1,218_944,0
E0340772_1,agricultural_burning,low,0,1,218_944,0
E0340772_3,agricultural_burning,low,0,1,218_944,0
E0340777_1,agricultural_burning,low,0,1,218_945,2
E0340835_1,agricultural_burning,low,0,1,218_965,0
E0340846_1,agricultural_burning,low,0,1,218_966,0
E0340847_1,agricultural_burning,low,0,1,218_966,0
E0340850_1,agricultural_burning,low,0,1,218_967,1
E0340963_2,agricultural_burning,low,0,1,218_771,4
E0341003_1,agricultural_burning,low,0,1,218_787,1
E0341005_1,agricultural_burning,low,0,1,218_787,1
E0341080_1,agricultural_burning,low,0,1,218_807,3
E0341084_1,agricultural_burning,low,0,1,218_809,1
E0341114_4,agricultural_burning,low,0,1,218_815,3
E0341120_1,agricultural_burning,low,0,1,218_816,0
E0341268_1,agricultural_burning,low,0,1,218_835,1
E0341353_1,agricultural_burning,low,0,1,218_847,0
E0341396_1,agricultural_burning,low,0,1,218_857,0
E0341409_2,agricultural_burning,low,0,1,218_867,4
E0341496_1,agricultural_burning,low,0,1,218_933,1
E0341497_1,agricultural_burning,low,0,1,218_933,1
E0341512_2,agricultural_burning,low,0,1,218_937,1
E0341516_1,agricultural_burning,low,0,1,218_937,1
E0341522_2,agricultural_burning,low,0,1,218_938,4
E0341528_1,agricultural_burning,low,0,1,218_939,4
E0341571_1,agricultural_burning,low,0,1,218_944,0
E0341572_1,agricultural_burning,low,0,1,218_944,0
E0341579_2,agricultural_burning,low,0,1,218_945,2
E0341645_1,agricultural_burning,low,0,1,218_966,0
E0341660_1,agricultural_burning,low,0,1,218_968,0
E0341866_1,agricultural_burning,low,0,1,218_798,4
E0342086_4,agricultural_burning,low,0,1,218_834,0
E0342100_2,agricultural_burning,low,0,1,218_836,3
E0342109_3,agricultural_burning,low,0,1,218_837,4
E0342119_6,agricultural_burning,low,0,1,218_839,2
E0342300_1,agricultural_burning,low,0,1,218_933,1
E0342315_1,agricultural_burning,low,0,1,218_938,4
E0342323_1,agricultural_burning,low,0,1,218_939,4
E0342336_2,agricultural_burning,low,0,1,218_940,3
E0342428_1,agricultural_burning,low,0,1,218_965,0
E0342442_1,agricultural_burning,low,0,1,218_967,1
E0342454_1,agricultural_burning,low,0,1,218_968,0
E0342647_1,agricultural_burning,low,0,1,218_798,4
E0342648_1,agricultural_burning,low,0,1,218_799,1
E0342650_1,agricultural_burning,low,0,1,218_799,1
E0342681_1,agricultural_burning,low,0,1,218_812,4
E0342705_1,agricultural_burning,low,0,1,218_815,3
E0342722_3,agricultural_burning,low,0,1,218_819,3
E0343027_1,agricultural_burning,low,0,1,218_924,3
E0343039_1,agricultural_burning,low,0,1,218_928,1
E0343061_1,agricultural_burning,low,0,1,218_934,3
E0343074_2,agricultural_burning,low,0,1,218_936,0
E0343079_1,agricultural_burning,low,0,1,218_937,1
E0343088_2,agricultural_burning,low,0,1,218_938,4
E0343089_2,agricultural_burning,low,0,1,218_939,4
E0343127_1,agricultural_burning,low,0,1,218_943,1
E0343138_1,agricultural_burning,low,0,1,218_944,0
E0343191_1,agricultural_burning,low,0,1,218_964,0
E0343193_1,agricultural_burning,low,0,1,218_964,0
E0343204_1,agricultural_burning,low,0,1,218_965,0
E0343218_1,agricultural_burning,low,0,1,218_967,1
E0343293_1,agricultural_burning,low,0,1,218_738,4
E0343326_1,agricultural_burning,low,0,1,218_771,4
E0343415_1,agricultural_burning,low,0,1,218_798,4
E0343416_1,agricultural_burning,low,0,1,218_798,4
E0343417_1,agricultural_burning,low,0,1,218_798,4
E0343421_1,agricultural_burning,low,0,1,218_799,1
E0343486_1,agricultural_burning,low,0,1,218_814,2
E0343492_2,agricultural_burning,low,0,1,218_815,3
E0343643_4,agricultural_burning,low,0,1,218_834,0
E0343645_6,agricultural_burning,low,0,1,218_835,1
E0343722_1,agricultural_burning,low,0,1,218_846,4
E0343781_2,agricultural_burning,low,0,1,218_868,2
E0343842_2,agricultural_burning,low,0,1,218_929,0
E0343902_1,agricultural_burning,low,0,1,218_940,3
E0343920_1,agricultural_burning,low,0,1,218_942,3
E0343932_1,agricultural_burning,low,0,1,218_944,0
E0343952_2,agricultural_burning,low,0,1,218_947,3
E0343987_7,agricultural_burning,low,0,1,218_962,3
E0344014_2,agricultural_burning,low,0,1,218_965,0
E0344018_1,agricultural_burning,low,0,1,218_965,0
E0344019_3,agricultural_burning,low,0,1,218_965,0
E0344031_1,agricultural_burning,low,0,1,218_967,1
E0344046_1,agricultural_burning,low,0,1,218_968,0
E0344052_3,agricultural_burning,low,0,1,218_969,0
E0344084_2,industrial_fire,low,0,1,218_728,2
E0344143_1,agricultural_burning,low,0,1,218_773,0
E0344178_1,agricultural_burning,low,0,1,218_786,3
E0344180_1,agricultural_burning,low,0,1,218_786,3
E0344219_1,agricultural_burning,low,0,1,218_798,4
E0344220_1,agricultural_burning,low,0,1,218_798,4
E0344264_1,agricultural_burning,low,0,1,218_810,4
E0344456_4,agricultural_burning,low,0,1,218_835,1
E0344530_1,agricultural_burning,low,0,1,218_847,0
E0344535_2,agricultural_burning,low,0,1,218_849,1
E0344745_1,agricultural_burning,low,0,1,218_943,1
E0344751_1,agricultural_burning,low,0,1,218_944,0
E0344799_1,agricultural_burning,low,0,1,218_964,0
E0344811_1,agricultural_burning,low,0,1,218_965,0
E0344813_2,agricultural_burning,low,0,1,218_965,0
E0344814_1,agricultural_burning,low,0,1,218_965,0
E0344816_4,agricultural_burning,low,0,1,218_966,0
E0344817_1,agricultural_burning,low,0,1,218_966,0
E0344833_3,agricultural_burning,low,0,1,218_967,1
E0344849_2,agricultural_burning,low,0,1,218_969,0
E0345038_1,agricultural_burning,low,0,1,219_801,4
E0345047_1,agricultural_burning,low,0,1,219_803,0
E0345056_2,agricultural_burning,low,0,1,219_805,1
E0345470_1,agricultural_burning,low,0,1,219_932,2
E0345480_1,agricultural_burning,low,0,1,219_935,0
E0345485_1,agricultural_burning,low,0,1,218_936,0
E0345507_2,agricultural_burning,low,0,1,219_939,3
E0345507_3,agricultural_burning,low,0,1,218_939,4
E0345508_2,agricultural_burning,low,0,1,219_939,3
E0345512_2,agricultural_burning,low,0,1,218_939,4
E0345521_1,agricultural_burning,low,0,1,219_941,3
E0345547_1,agricultural_burning,low,0,1,219_944,3
E0345550_1,agricultural_burning,low,0,1,219_944,3
E0345608_1,agricultural_burning,low,0,1,218_966,0
E0345709_1,agricultural_burning,low,0,1,219_758,3
E0345801_1,agricultural_burning,low,0,1,219_789,0
E0345833_2,agricultural_burning,low,0,1,219_802,2
E0345839_1,agricultural_burning,low,0,1,219_803,0
E0345863_1,agricultural_burning,low,0,1,219_811,3
E0346047_1,agricultural_burning,low,0,1,219_836,1
E0346056_1,agricultural_burning,low,0,1,219_838,0
E0346069_2,industrial_fire,low,0,1,219_840,0
E0346153_1,agricultural_burning,low,0,1,219_855,0
E0346178_3,agricultural_burning,low,0,1,219_869,4
E0346180_2,agricultural_burning,low,0,1,219_870,3
E0346284_1,agricultural_burning,low,0,1,219_938,4
E0346293_1,agricultural_burning,low,0,1,219_938,4
E0346303_1,agricultural_burning,low,0,1,219_939,3
E0346310_1,agricultural_burning,low,0,1,219_940,1
E0346325_1,agricultural_burning,low,0,1,219_942,4
E0346325_2,agricultural_burning,low,0,1,219_942,4
E0346340_2,agricultural_burning,low,0,1,219_944,3
E0346392_1,agricultural_burning,low,0,1,219_965,1
E0346394_1,agricultural_burning,low,0,1,219_965,1
E0346401_1,agricultural_burning,low,0,1,219_966,0
E0346526_2,agricultural_burning,low,0,1,219_770,2
E0346542_2,agricultural_burning,low,0,1,219_773,4
E0346615_1,agricultural_burning,low,0,1,219_798,2
E0346619_2,agricultural_burning,low,0,1,219_802,2
E0346620_1,agricultural_burning,low,0,1,219_802,2
E0346621_1,agricultural_burning,low,0,1,219_802,2
E0346682_2,industrial_fire,low,0,1,219_816,2
E0346812_4,industrial_fire,medium,1,1,219_833,0
E0346827_1,agricultural_burning,low,0,1,219_835,3
E0347106_3,agricultural_burning,low,0,1,219_939,3
E0347126_1,agricultural_burning,low,0,1,219_942,4
E0347127_1,agricultural_burning,low,0,1,219_942,4
E0347138_2,agricultural_burning,low,0,1,219_944,3
E0347178_2,agricultural_burning,low,0,1,219_962,2
E0347194_1,agricultural_burning,low,0,1,219_964,0
E0347201_1,agricultural_burning,low,0,1,219_965,1
E0347209_1,agricultural_burning,low,0,1,219_966,0
E0347213_1,agricultural_burning,low,0,1,219_966,0
E0347217_1,agricultural_burning,low,0,1,219_967,0
E0347219_1,agricultural_burning,low,0,1,219_967,0
E0347380_1,agricultural_burning,low,0,1,219_786,4
E0347397_1,agricultural_burning,low,0,1,219_791,4
E0347399_2,agricultural_burning,low,0,1,219_791,4
E0347414_1,agricultural_burning,low,0,1,219_793,3
E0347418_2,agricultural_burning,low,0,1,219_793,3
E0347447_2,agricultural_burning,low,0,1,219_802,2
E0347448_1,agricultural_burning,low,0,1,219_802,2
E0347449_1,agricultural_burning,low,0,1,219_803,0
E0347452_1,agricultural_burning,low,0,1,219_803,0
E0347462_1,agricultural_burning,low,0,1,219_805,1
E0347497_1,agricultural_burning,low,0,1,219_815,1
E0347502_2,industrial_fire,medium,1,1,219_816,2
E0347509_2,agricultural_burning,low,0,1,219_817,0
E0347652_1,agricultural_burning,low,0,1,219_836,1
E0347855_1,agricultural_burning,low,0,1,219_936,2
E0347867_1,agricultural_burning,low,0,1,219_937,0
E0347868_1,agricultural_burning,low,0,1,219_937,0
E0347876_1,agricultural_burning,low,0,1,219_938,4
E0347908_1,agricultural_burning,low,0,1,219_943,3
E0347989_1,agricultural_burning,low,0,1,219_964,0
E0348006_1,agricultural_burning,low,0,1,219_966,0
E0348007_1,agricultural_burning,low,0,1,219_966,0
E0348010_1,agricultural_burning,low,0,1,219_967,0
E0348011_1,agricultural_burning,low,0,1,219_967,0
E0348115_2,agricultural_burning,low,0,1,219_769,1
E0348122_1,agricultural_burning,low,0,1,219_770,2
E0348165_1,agricultural_burning,low,0,1,219_780,3
E0348177_1,agricultural_burning,low,0,1,219_785,4
E0348179_1,agricultural_burning,low,0,1,219_786,4
E0348194_1,agricultural_burning,low,0,1,219_791,4
E0348199_1,agricultural_burning,low,0,1,219_792,3
E0348207_2,agricultural_burning,low,0,1,219_793,3
E0348244_2,agricultural_burning,low,0,1,219_802,2
E0348246_1,agricultural_burning,low,0,1,219_802,2
E0348249_2,agricultural_burning,low,0,1,219_803,0
E0348251_1,agricultural_burning,low,0,1,219_803,0
E0348315_1,agricultural_burning,low,0,1,219_819,0
E0348315_9,agricultural_burning,low,0,1,219_819,0
E0348544_2,agricultural_burning,low,0,1,219_854,2
E0348578_1,agricultural_burning,low,0,1,219_870,3
E0348657_1,agricultural_burning,low,0,1,219_930,3
E0348698_1,agricultural_burning,low,0,1,219_938,4
E0348722_1,agricultural_burning,low,0,1,219_942,4
E0348725_1,agricultural_burning,low,0,1,219_942,4
E0348736_1,agricultural_burning,low,0,1,219_943,3
E0348737_1,agricultural_burning,low,0,1,219_943,3
E0348740_1,agricultural_burning,low,0,1,219_943,3
E0348827_1,agricultural_burning,low,0,1,219_966,0
E0348831_1,agricultural_burning,low,0,1,219_967,0
E0348844_1,agricultural_burning,low,0,1,219_968,1
E0348849_1,agricultural_burning,low,0,1,219_969,1
E0348906_1,agricultural_burning,low,0,1,219_738,2
E0348917_1,agricultural_burning,low,0,1,219_742,4
E0349039_2,agricultural_burning,low,0,1,219_791,4
E0349040_1,agricultural_burning,low,0,1,219_791,4
E0349041_1,agricultural_burning,low,0,1,219_791,4
E0349094_2,agricultural_burning,low,0,1,219_802,2
E0349102_2,agricultural_burning,low,0,1,219_805,1
E0349103_1,agricultural_burning,low,0,1,219_805,1
E0349124_1,agricultural_burning,low,0,1,219_810,4
E0349300_1,agricultural_burning,low,0,1,219_838,0
E0349301_1,agricultural_burning,low,0,1,219_838,0
E0349333_1,agricultural_burning,low,0,1,219_842,0
E0349333_2,agricultural_burning,low,0,1,219_842,0
E0349385_1,agricultural_burning,low,0,1,219_855,0
E0349421_1,agricultural_burning,low,0,1,219_870,3
E0349448_2,agricultural_burning,low,0,1,219_905,4
E0349455_1,agricultural_burning,low,0,1,219_922,0
E0349498_2,agricultural_burning,low,0,1,219_928,0
E0349546_2,agricultural_burning,low,0,1,219_937,0
E0349578_1,agricultural_burning,low,0,1,219_941,3
E0349579_2,agricultural_burning,low,0,1,219_941,3
E0349596_2,agricultural_burning,low,0,1,219_943,3
E0349603_1,agricultural_burning,low,0,1,219_944,3
E0349611_1,agricultural_burning,low,0,1,219_945,2
E0349668_2,agricultural_burning,low,0,1,219_966,0
E0349673_2,agricultural_burning,low,0,1,219_967,0
E0349678_1,agricultural_burning,low,0,1,219_967,0
E0349697_2,agricultural_burning,low,0,1,219_969,1
E0349698_1,agricultural_burning,low,0,1,219_969,1
E0349755_2,agricultural_burning,low,0,1,219_742,4
E0349835_1,agricultural_burning,low,0,1,219_779,3
E0349913_1,agricultural_burning,low,0,1,219_799,1
E0349953_2,agricultural_burning,low,0,1,219_810,4
E0350101_1,agricultural_burning,low,0,1,219_834,1
E0350126_5,agricultural_burning,low,0,1,219_838,0
E0350175_1,agricultural_burning,low,0,1,219_846,0
E0350183_1,agricultural_burning,low,0,1,219_848,2
E0350188_2,agricultural_burning,low,0,1,219_849,4
E0350275_1,agricultural_burning,low,0,1,219_924,3
E0350319_1,agricultural_burning,low,0,1,219_931,3
E0350323_1,agricultural_burning,low,0,1,219_933,0
E0350326_2,agricultural_burning,low,0,1,219_933,0
E0350347_1,agricultural_burning,low,0,1,219_937,0
E0350359_1,agricultural_burning,low,0,1,219_938,4
E0350360_1,agricultural_burning,low,0,1,219_938,4
E0350364_1,agricultural_burning,low,0,1,219_938,4
E0350382_2,agricultural_burning,low,0,1,219_941,3
E0350392_1,agricultural_burning,low,0,1,219_942,4
E0350479_1,agricultural_burning,low,0,1,219_967,0
E0350540_1,agricultural_burning,low,0,1,219_733,3
E0350584_2,agricultural_burning,low,0,1,219_762,1
E0350631_2,agricultural_burning,low,0,1,219_779,3
E0350714_1,agricultural_burning,low,0,1,219_798,2
E0350725_1,agricultural_burning,low,0,1,219_801,4
E0350726_2,agricultural_burning,low,0,1,219_801,4
E0350731_2,agricultural_burning,low,0,1,219_802,2
E0350737_1,agricultural_burning,low,0,1,219_803,0
E0350739_1,agricultural_burning,low,0,1,219_803,0
E0350923_1,agricultural_burning,low,0,1,219_835,3
E0351001_10,agricultural_burning,low,0,1,219_853,4
E0351001_8,agricultural_burning,low,0,1,219_853,4
E0351077_1,agricultural_burning,low,0,1,219_923,4
E0351112_1,agricultural_burning,low,0,1,219_931,3
E0351158_2,agricultural_burning,low,0,1,219_938,4
E0351160_1,agricultural_burning,low,0,1,219_939,3
E0351161_2,agricultural_burning,low,0,1,219_939,3
E0351190_1,agricultural_burning,low,0,1,219_942,4
E0351192_1,agricultural_burning,low,0,1,219_942,4
E0351213_1,agricultural_burning,low,0,1,219_945,2
E0351260_1,agricultural_burning,low,0,1,219_965,1
E0351269_1,agricultural_burning,low,0,1,219_966,0
E0351269_3,agricultural_burning,low,0,1,219_966,0
E0351275_1,agricultural_burning,low,0,1,219_967,0
E0351282_3,agricultural_burning,low,0,1,219_967,0
E0351290_2,agricultural_burning,low,0,1,219_968,1
E0351299_1,agricultural_burning,low,0,1,219_969,1
E0351301_2,agricultural_burning,low,0,1,219_969,1
E0351493_2,agricultural_burning,low,0,1,219_794,2
E0351521_1,agricultural_burning,low,0,1,219_802,2
E0351521_2,agricultural_burning,low,0,1,219_802,2
E0351522_2,agricultural_burning,low,0,1,219_802,2
E0351738_3,agricultural_burning,low,0,1,219_841,2
E0351749_2,agricultural_burning,low,0,1,219_842,0
E0351809_1,agricultural_burning,low,0,1,219_863,4
E0351908_1,agricultural_burning,low,0,1,219_934,1
E0351909_1,agricultural_burning,low,0,1,219_934,1
E0351913_1,agricultural_burning,low,0,1,219_935,0
E0351914_1,agricultural_burning,low,0,1,219_935,0
E0352058_1,agricultural_burning,low,0,1,219_966,0
E0352063_1,agricultural_burning,low,0,1,219_967,0
E0352063_2,agricultural_burning,low,0,1,219_967,0
E0352072_4,agricultural_burning,low,0,1,219_968,1
E0352079_1,agricultural_burning,low,0,1,219_968,1
E0352099_1,industrial_fire,low,0,1,219_706,3
E0352289_3,agricultural_burning,low,0,1,219_793,3
E0352316_1,agricultural_burning,low,0,1,219_799,1
E0352320_1,agricultural_burning,low,0,1,219_799,1
E0352329_2,agricultural_burning,low,0,1,219_802,2
E0352359_1,agricultural_burning,low,0,1,219_810,4
E0352391_3,agricultural_burning,low,0,1,219_820,2
E0352392_3,agricultural_burning,low,0,1,219_820,2
E0352392_6,agricultural_burning,low,0,1,219_820,2
E0352392_7,agricultural_burning,low,0,1,219_820,2
E0352572_1,agricultural_burning,low,0,1,219_846,0
E0352595_8,agricultural_burning,low,0,1,219_853,4
E0352686_1,agricultural_burning,low,0,1,219_925,4
E0352738_1,agricultural_burning,low,0,1,219_936,2
E0352744_1,agricultural_burning,low,0,1,219_937,0
E0352753_4,agricultural_burning,low,0,1,219_938,4
E0352782_4,agricultural_burning,low,0,1,219_942,4
E0352791_1,agricultural_burning,low,0,1,219_943,3
E0352793_1,agricultural_burning,low,0,1,219_943,3
E0352847_2,agricultural_burning,low,0,1,219_963,0
E0352877_1,agricultural_burning,low,0,1,219_967,0
E0352891_2,agricultural_burning,low,0,1,219_969,1
E0352893_1,agricultural_burning,low,0,1,219_969,1
E0353042_1,agricultural_burning,low,0,1,219_781,2
E0353054_1,agricultural_burning,low,0,1,219_787,3
E0353093_1,agricultural_burning,low,0,1,219_793,3
E0353106_2,agricultural_burning,low,0,1,220_795,4
E0353154_1,agricultural_burning,low,0,1,219_810,4
E0353293_1,agricultural_burning,low,0,1,219_834,1
E0353300_1,agricultural_burning,low,0,1,220_835,0
E0353377_2,agricultural_burning,low,0,1,220_846,4
E0353397_3,agricultural_burning,low,0,1,219_853,4
E0353404_1,agricultural_burning,low,0,1,220_854,3
E0353529_1,agricultural_burning,low,0,1,219_932,2
E0353530_1,agricultural_burning,low,0,1,220_932,3
E0353590_2,agricultural_burning,low,0,1,219_940,1
E0353607_1,agricultural_burning,low,0,1,219_942,4
E0353656_7,agricultural_burning,low,0,1,219_959,2
E0353673_1,agricultural_burning,low,0,1,220_963,2
E0353675_2,agricultural_burning,low,0,1,219_963,0
E0353678_1,agricultural_burning,low,0,1,220_963,2
E0353694_1,agricultural_burning,low,0,1,220_966,0
E0353719_1,agricultural_burning,low,0,1,220_969,0
E0353720_1,agricultural_burning,low,0,1,220_969,0
E0353839_1,agricultural_burning,low,0,1,220_772,2
E0353843_1,agricultural_burning,low,0,1,220_773,2
E0353874_1,agricultural_burning,low,0,1,220_781,0
E0353950_1,agricultural_burning,low,0,1,220_795,4
E0353962_1,agricultural_burning,low,0,1,220_798,4
E0353981_1,agricultural_burning,low,0,1,220_802,4
E0354012_1,agricultural_burning,low,0,1,220_810,2
E0354125_2,agricultural_burning,low,0,1,220_833,0
E0354125_5,agricultural_burning,low,0,1,220_833,0
E0354141_1,agricultural_burning,low,0,1,220_835,0
E0354154_1,agricultural_burning,low,0,1,220_837,4
E0354155_3,agricultural_burning,low,0,1,220_837,4
E0354181_2,agricultural_burning,low,0,1,220_840,3
E0354216_1,agricultural_burning,low,0,1,220_847,4
E0354283_3,agricultural_burning,low,0,1,220_873,1
E0354369_2,agricultural_burning,low,0,1,220_935,2
E0354418_1,agricultural_burning,low,0,1,220_941,0
E0354418_2,agricultural_burning,low,0,1,220_941,0
E0354423_1,agricultural_burning,low,0,1,220_942,2
E0354426_1,agricultural_burning,low,0,1,220_942,2
E0354429_1,agricultural_burning,low,0,1,220_942,2
E0354437_1,agricultural_burning,low,0,1,220_943,1
E0354443_1,agricultural_burning,low,0,1,220_944,4
E0354484_2,agricultural_burning,low,0,1,220_960,1
E0354507_2,agricultural_burning,low,0,1,220_963,2
E0354507_3,agricultural_burning,low,0,1,220_963,2
E0354519_1,agricultural_burning,low,0,1,220_966,0
E0354522_1,agricultural_burning,low,0,1,220_966,0
E0354549_1,agricultural_burning,low,0,1,220_969,0
E0354551_2,agricultural_burning,low,0,1,220_969,0
E0354552_1,agricultural_burning,low,0,1,220_969,0
E0354570_2,industrial_fire,low,0,1,220_707,1
E0354642_2,agricultural_burning,low,0,1,220_763,2
E0354644_3,agricultural_burning,low,0,1,220_763,2
E0354680_1,agricultural_burning,low,0,1,220_772,2
E0354699_1,agricultural_burning,low,0,1,220_779,0
E0354705_1,agricultural_burning,low,0,1,220_780,4
E0354743_1,agricultural_burning,low,0,1,220_790,1
E0354750_1,agricultural_burning,low,0,1,220_791,0
E0354752_1,agricultural_burning,low,0,1,220_791,0
E0354775_1,agricultural_burning,low,0,1,220_795,4
E0354796_1,agricultural_burning,low,0,1,220_801,2
E0354804_2,agricultural_burning,low,0,1,220_802,4
E0354815_1,agricultural_burning,low,0,1,220_804,1
E0354856_6,agricultural_burning,low,0,1,220_821,0
E0354900_3,agricultural_burning,low,0,1,220_827,2
E0354941_2,agricultural_burning,low,0,1,220_833,0
E0354950_1,agricultural_burning,low,0,1,220_834,3
E0354966_2,agricultural_burning,low,0,1,220_837,4
E0354978_1,agricultural_burning,low,0,1,220_838,2
E0354992_1,agricultural_burning,low,0,1,220_840,3
E0355015_1,agricultural_burning,low,0,1,220_843,4
E0355085_1,agricultural_burning,low,0,1,220_870,2
E0355161_1,agricultural_burning,low,0,1,220_931,0
E0355170_1,agricultural_burning,low,0,1,220_933,4
E0355210_1,agricultural_burning,low,0,1,220_938,1
E0355235_2,agricultural_burning,low,0,1,220_941,0
E0355237_1,agricultural_burning,low,0,1,220_941,0
E0355242_1,agricultural_burning,low,0,1,220_942,2
E0355245_1,agricultural_burning,low,0,1,220_942,2
E0355263_1,agricultural_burning,low,0,1,220_944,4
E0355304_1,agricultural_burning,low,0,1,220_958,3
E0355341_2,agricultural_burning,low,0,1,220_966,0
E0355345_1,agricultural_burning,low,0,1,220_967,3
E0355346_1,agricultural_burning,low,0,1,220_967,3
E0355347_1,agricultural_burning,low,0,1,220_967,3
E0355366_1,agricultural_burning,low,0,1,220_969,0
E0355368_1,agricultural_burning,low,0,1,220_969,0
E0355446_1,agricultural_burning,low,0,1,220_763,2
E0355459_2,agricultural_burning,low,0,1,220_764,2
E0355460_1,agricultural_burning,low,0,1,220_764,2
E0355480_1,agricultural_burning,low,0,1,220_770,1
E0355555_1,agricultural_burning,low,0,1,220_791,0
E0355578_4,agricultural_burning,low,0,1,220_794,0
E0355595_1,agricultural_burning,low,0,1,220_798,4
E0355603_1,agricultural_burning,low,0,1,220_799,4
E0355640_1,agricultural_burning,low,0,1,220_810,2
E0355760_4,agricultural_burning,low,0,1,220_833,0
E0355798_1,agricultural_burning,low,0,1,220_837,4
E0355819_1,agricultural_burning,low,0,1,220_840,3
E0355846_1,agricultural_burning,low,0,1,220_845,1
E0355922_1,agricultural_burning,low,0,1,220_870,2
E0355926_1,agricultural_burning,low,0,1,220_871,1
E0355960_2,agricultural_burning,low,0,1,220_922,1
E0355994_1,agricultural_burning,low,0,1,220_929,3
E0356008_1,agricultural_burning,low,0,1,220_931,0
E0356014_1,agricultural_burning,low,0,1,220_932,3
E0356073_1,agricultural_burning,low,0,1,220_939,3
E0356075_3,agricultural_burning,low,0,1,220_939,3
E0356090_2,agricultural_burning,low,0,1,220_941,0
E0356102_1,agricultural_burning,low,0,1,220_943,1
E0356107_1,agricultural_burning,low,0,1,220_943,1
E0356115_1,agricultural_burning,low,0,1,220_944,4
E0356123_1,agricultural_burning,low,0,1,220_945,0
E0356141_3,agricultural_burning,low,0,1,220_949,1
E0356178_1,agricultural_burning,low,0,1,220_963,2
E0356180_1,agricultural_burning,low,0,1,220_963,2
E0356190_1,agricultural_burning,low,0,1,220_965,4
E0356216_2,agricultural_burning,low,0,1,220_969,0
E0356327_2,agricultural_burning,low,0,1,220_763,2
E0356332_2,agricultural_burning,low,0,1,220_764,2
E0356347_1,agricultural_burning,low,0,1,220_767,0
E0356414_1,agricultural_burning,low,0,1,220_785,3
E0356456_1,agricultural_burning,low,0,1,220_794,0
E0356460_2,agricultural_burning,low,0,1,220_794,0
E0356462_1,agricultural_burning,low,0,1,220_794,0
E0356492_2,agricultural_burning,low,0,1,220_802,4
E0356493_1,agricultural_burning,low,0,1,220_802,4
E0356612_3,industrial_fire,medium,1,1,220_829,4
E0356638_2,agricultural_burning,low,0,1,220_833,0
E0356643_1,agricultural_burning,low,0,1,220_834,3
E0356663_1,agricultural_burning,low,0,1,220_836,3
E0356669_6,agricultural_burning,low,0,1,220_837,4
E0356698_2,agricultural_burning,low,0,1,220_840,3
E0356714_1,industrial_fire,low,0,1,220_842,2
E0356731_1,agricultural_burning,low,0,1,220_847,4
E0356816_2,agricultural_burning,low,0,1,220_873,1
E0356882_1,agricultural_burning,low,0,1,220_931,0
E0356885_1,agricultural_burning,low,0,1,220_932,3
E0356892_1,agricultural_burning,low,0,1,220_933,4
E0356896_1,agricultural_burning,low,0,1,220_933,4
E0356920_1,agricultural_burning,low,0,1,220_937,3
E0356922_1,agricultural_burning,low,0,1,220_937,3
E0356925_2,agricultural_burning,low,0,1,220_938,1
E0356926_1,agricultural_burning,low,0,1,220_938,1
E0356928_1,agricultural_burning,low,0,1,220_938,1
E0356932_1,agricultural_burning,low,0,1,220_939,3
E0356934_1,agricultural_burning,low,0,1,220_939,3
E0357038_1,agricultural_burning,low,0,1,220_963,2
E0357060_1,agricultural_burning,low,0,1,220_967,3
E0357077_2,agricultural_burning,low,0,1,220_969,0
E0357081_1,agricultural_burning,low,0,1,220_969,0
E0357083_1,agricultural_burning,low,0,1,220_969,0
E0357091_1,industrial_fire,medium,1,1,220_702,2
E0357169_2,agricultural_burning,low,0,1,220_763,2
E0357178_2,agricultural_burning,low,0,1,220_764,2
E0357265_1,agricultural_burning,low,0,1,220_792,0
E0357306_1,agricultural_burning,low,0,1,220_799,4
E0357308_1,agricultural_burning,low,0,1,220_799,4
E0357318_1,agricultural_burning,low,0,1,220_802,4
E0357494_2,agricultural_burning,low,0,1,220_837,4
E0357494_6,agricultural_burning,low,0,1,220_837,4
E0357501_1,agricultural_burning,low,0,1,220_838,2
E0357568_4,agricultural_burning,low,0,1,220_854,3
E0357568_7,agricultural_burning,low,0,1,220_854,3
E0357569_12,agricultural_burning,low,0,1,220_854,3
E0357638_1,agricultural_burning,low,0,1,220_923,1
E0357674_2,agricultural_burning,low,0,1,220_930,2
E0357678_1,agricultural_burning,low,0,1,220_931,0
E0357693_1,agricultural_burning,low,0,1,220_933,4
E0357738_1,agricultural_burning,low,0,1,220_939,3
E0357741_1,agricultural_burning,low,0,1,220_939,3
E0357759_2,agricultural_burning,low,0,1,220_941,0
E0357761_1,agricultural_burning,low,0,1,220_941,0
E0357762_1,agricultural_burning,low,0,1,220_942,2
E0357771_1,agricultural_burning,low,0,1,220_942,2
E0357777_2,agricultural_burning,low,0,1,220_943,1
E0357820_1,agricultural_burning,low,0,1,220_957,2
E0357838_1,agricultural_burning,low,0,1,220_962,2
E0357846_2,agricultural_burning,low,0,1,220_963,2
E0357852_3,agricultural_burning,low,0,1,220_963,2
E0357853_1,agricultural_burning,low,0,1,220_964,0
E0357888_1,agricultural_burning,low,0,1,220_969,0
E0357902_1,industrial_fire,low,0,1,220_702,2
E0358071_1,agricultural_burning,low,0,1,220_788,2
E0358091_2,agricultural_burning,low,0,1,220_792,0
E0358101_2,agricultural_burning,low,0,1,220_793,0
E0358111_1,agricultural_burning,low,0,1,220_794,0
E0358112_1,agricultural_burning,low,0,1,220_794,0
E0358112_2,agricultural_burning,low,0,1,220_794,0
E0358114_2,agricultural_burning,low,0,1,220_794,0
E0358132_1,agricultural_burning,low,0,1,220_798,4
E0358151_1,agricultural_burning,low,0,1,220_802,4
E0358311_2,agricultural_burning,low,0,1,220_836,3
E0358317_3,agricultural_burning,medium,1,1,220_837,4
E0358320_1,agricultural_burning,low,0,1,220_837,4
E0358378_1,agricultural_burning,low,0,1,220_846,4
E0358379_1,agricultural_burning,low,0,1,220_846,4
E0358385_1,agricultural_burning,low,0,1,220_849,0
E0358396_10,agricultural_burning,low,0,1,220_854,3
E0358396_3,agricultural_burning,medium,1,1,220_854,3
E0358465_6,industrial_fire,medium,1,1,220_881,0
E0358470_1,agricultural_burning,low,0,1,220_921,0
E0358471_2,agricultural_burning,low,0,1,220_922,1
E0358479_1,agricultural_burning,low,0,1,220_924,4
E0358504_1,agricultural_burning,low,0,1,220_932,3
E0358519_1,agricultural_burning,low,0,1,220_934,4
E0358551_1,agricultural_burning,low,0,1,220_939,3
E0358552_1,agricultural_burning,low,0,1,220_939,3
E0358565_1,agricultural_burning,low,0,1,220_940,0
E0358573_1,agricultural_burning,low,0,1,220_942,2
E0358577_1,agricultural_burning,low,0,1,220_942,2
E0358595_2,agricultural_burning,low,0,1,220_945,0
E0358604_2,agricultural_burning,low,0,1,220_946,1
E0358646_1,agricultural_burning,low,0,1,220_963,2
E0358650_1,agricultural_burning,low,0,1,220_963,2
E0358674_1,agricultural_burning,low,0,1,220_967,3
E0358704_1,industrial_fire,low,0,1,220_706,0
E0358726_1,industrial_fire,low,0,1,220_726,0
E0358861_1,agricultural_burning,low,0,1,220_791,0
E0358873_3,agricultural_burning,low,0,1,220_792,0
E0358910_1,agricultural_burning,low,0,1,220_798,4
E0358927_2,agricultural_burning,low,0,1,220_800,4
E0358940_2,agricultural_burning,low,0,1,220_803,3
E0358947_1,agricultural_burning,low,0,1,220_804,1
E0359040_2,agricultural_burning,low,0,1,220_827,2
E0359099_3,agricultural_burning,low,0,1,220_837,4
E0359099_7,agricultural_burning,low,0,1,220_837,4
E0359106_1,agricultural_burning,low,0,1,220_838,2
E0359129_1,agricultural_burning,low,0,1,220_840,3
E0359281_1,agricultural_burning,low,0,1,220_932,3
E0359299_1,agricultural_burning,low,0,1,220_934,4
E0359317_1,agricultural_burning,low,0,1,220_938,1
E0359324_1,agricultural_burning,low,0,1,220_939,3
E0359347_2,agricultural_burning,low,0,1,220_942,2
E0359363_1,agricultural_burning,low,0,1,220_944,4
E0359460_1,agricultural_burning,low,0,1,220_967,3
E0359469_1,agricultural_burning,low,0,1,220_969,0
E0359505_2,industrial_fire,low,0,1,220_726,0
E0359639_1,agricultural_burning,low,0,1,220_791,0
E0359642_2,agricultural_burning,low,0,1,220_792,0
E0359646_1,agricultural_burning,low,0,1,220_792,0
E0359652_1,agricultural_burning,low,0,1,220_793,0
E0359656_2,agricultural_burning,low,0,1,220_793,0
E0359685_1,agricultural_burning,low,0,1,220_799,4
E0359696_1,agricultural_burning,low,0,1,220_800,4
E0359707_1,agricultural_burning,low,0,1,220_802,4
E0359714_1,agricultural_burning,low,0,1,220_803,3
E0359851_2,agricultural_burning,low,0,1,220_835,0
E0359889_1,agricultural_burning,low,0,1,220_840,3
E0359924_1,agricultural_burning,low,0,1,220_848,2
E0359924_4,agricultural_burning,low,0,1,220_848,2
E0359924_6,agricultural_burning,low,0,1,220_848,2
E0359981_1,agricultural_burning,low,0,1,220_870,2
E0360051_1,agricultural_burning,low,0,1,220_932,3
E0360069_1,agricultural_burning,low,0,1,220_935,2
E0360082_1,agricultural_burning,low,0,1,220_938,1
E0360084_1,agricultural_burning,low,0,1,220_938,1
E0360093_1,agricultural_burning,low,0,1,220_939,3
E0360113_1,agricultural_burning,low,0,1,220_941,0
E0360122_1,agricultural_burning,low,0,1,220_942,2
E0360135_1,agricultural_burning,low,0,1,220_944,4
E0360242_2,agricultural_burning,low,0,1,220_968,4
E0360257_1,industrial_fire,low,0,1,220_703,2
E0360393_1,agricultural_burning,low,0,1,220_786,0
E0360440_1,agricultural_burning,low,0,1,220_793,0
E0360462_2,agricultural_burning,low,0,1,220_798,4
E0360471_1,agricultural_burning,low,0,1,220_799,4
E0360593_2,agricultural_burning,low,0,1,220_828,1
E0360607_2,agricultural_burning,medium,1,1,220_831,0
E0360620_1,agricultural_burning,low,0,1,220_833,0
E0360660_1,agricultural_burning,low,0,1,220_838,2
E0360822_1,agricultural_burning,low,0,1,220_925,3
E0360842_1,agricultural_burning,low,0,1,220_929,3
E0360849_1,agricultural_burning,low,0,1,220_931,0
E0360854_1,agricultural_burning,low,0,1,220_932,3
E0360856_1,agricultural_burning,low,0,1,220_932,3
E0360857_1,agricultural_burning,low,0,1,220_932,3
E0360877_1,agricultural_burning,low,0,1,220_938,1
E0360882_2,agricultural_burning,low,0,1,220_938,1
E0360887_1,agricultural_burning,low,0,1,220_939,3
E0360915_1,agricultural_burning,low,0,1,220_942,2
E0360929_1,agricultural_burning,low,0,1,220_943,1
E0360939_1,agricultural_burning,low,0,1,220_945,0
E0360940_1,agricultural_burning,low,0,1,220_945,0
E0360944_1,agricultural_burning,low,0,1,220_945,0
E0360989_1,agricultural_burning,low,0,1,220_962,2
E0361005_2,agricultural_burning,low,0,1,220_964,0
E0361022_1,agricultural_burning,low,0,1,220_967,3
E0361042_1,agricultural_burning,low,0,1,220_969,0
E0361203_1,agricultural_burning,low,0,1,221_790,4
E0361207_1,agricultural_burning,low,0,1,220_791,0
E0361241_2,agricultural_burning,low,0,1,220_795,4
E0361246_2,agricultural_burning,low,0,1,220_796,0
E0361252_1,agricultural_burning,low,0,1,221_798,0
E0361260_1,agricultural_burning,low,0,1,221_800,4
E0361298_1,agricultural_burning,low,0,1,221_810,2
E0361376_1,agricultural_burning,low,0,1,221_830,1
E0361380_4,agricultural_burning,low,0,1,221_831,3
E0361380_5,agricultural_burning,low,0,1,221_831,3
E0361464_6,agricultural_burning,low,0,1,221_843,0
E0361464_8,agricultural_burning,low,0,1,220_843,4
E0361494_10,agricultural_burning,low,0,1,220_853,1
E0361494_11,agricultural_burning,medium,1,1,220_853,1
E0361494_5,agricultural_burning,low,0,1,220_853,1
E0361560_1,agricultural_burning,low,0,1,220_921,0
E0361604_1,agricultural_burning,low,0,1,220_929,3
E0361622_1,agricultural_burning,low,0,1,220_932,3
E0361626_1,agricultural_burning,low,0,1,220_933,4
E0361656_2,agricultural_burning,low,0,1,221_939,4
E0361678_1,agricultural_burning,low,0,1,221_941,4
E0361686_1,agricultural_burning,low,0,1,221_942,4
E0361690_1,agricultural_burning,low,0,1,220_942,2
E0361694_1,agricultural_burning,low,0,1,221_943,2
E0361696_2,agricultural_burning,low,0,1,221_943,2
E0361713_1,agricultural_burning,low,0,1,220_945,0
E0361765_2,agricultural_burning,low,0,1,221_963,4
E0361767_1,agricultural_burning,low,0,1,221_963,4
E0361930_1,agricultural_burning,low,0,1,221_783,0
E0361933_1,agricultural_burning,low,0,1,221_783,0
E0361996_2,agricultural_burning,low,0,1,221_795,0
E0362002_1,agricultural_burning,low,0,1,221_795,0
E0362012_1,agricultural_burning,low,0,1,221_798,0
E0362393_1,agricultural_burning,low,0,1,221_932,4
E0362397_1,agricultural_burning,low,0,1,221_932,4
E0362429_1,agricultural_burning,low,0,1,221_938,2
E0362433_2,agricultural_burning,low,0,1,221_938,2
E0362436_1,agricultural_burning,low,0,1,221_939,4
E0362437_1,agricultural_burning,low,0,1,221_939,4
E0362440_1,agricultural_burning,low,0,1,221_939,4
E0362463_3,agricultural_burning,low,0,1,221_942,4
E0362468_1,agricultural_burning,low,0,1,221_942,4
E0362481_1,agricultural_burning,low,0,1,221_944,0
E0362491_1,agricultural_burning,low,0,1,221_945,4
E0362492_1,agricultural_burning,low,0,1,221_945,4
E0362516_1,agricultural_burning,low,0,1,221_953,0
E0362537_2,agricultural_burning,low,0,1,221_962,1
E0362546_1,agricultural_burning,low,0,1,221_963,4
E0362546_2,agricultural_burning,low,0,1,221_963,4
E0362577_1,agricultural_burning,low,0,1,221_968,4
E0362590_4,agricultural_burning,low,0,1,221_969,4
E0362750_1,agricultural_burning,low,0,1,221_786,0
E0362771_2,agricultural_burning,low,0,1,221_792,0
E0362779_1,agricultural_burning,low,0,1,221_793,3
E0362796_1,agricultural_burning,low,0,1,221_795,0
E0362977_1,agricultural_burning,low,0,1,221_836,4
E0363091_1,agricultural_burning,low,0,1,221_870,1
E0363132_2,agricultural_burning,low,0,1,221_926,4
E0363134_1,agricultural_burning,low,0,1,221_926,4
E0363150_1,agricultural_burning,low,0,1,221_931,2
E0363207_2,agricultural_burning,low,0,1,221_939,4
E0363217_1,agricultural_burning,low,0,1,221_940,4
E0363230_1,agricultural_burning,low,0,1,221_942,4
E0363236_1,agricultural_burning,low,0,1,221_942,4
E0363239_1,agricultural_burning,low,0,1,221_943,2
E0363260_1,agricultural_burning,low,0,1,221_945,4
E0363260_2,agricultural_burning,low,0,1,221_945,4
E0363261_1,agricultural_burning,low,0,1,221_945,4
E0363334_1,agricultural_burning,low,0,1,221_967,1
E0363340_1,agricultural_burning,low,0,1,221_968,4
E0363466_1,agricultural_burning,low,0,1,221_773,0
E0363508_1,agricultural_burning,low,0,1,221_790,4
E0363514_1,agricultural_burning,low,0,1,221_792,0
E0363523_2,agricultural_burning,low,0,1,221_793,3
E0363555_1,agricultural_burning,low,0,1,221_798,0
E0363590_1,agricultural_burning,low,0,1,221_810,2
E0363666_1,agricultural_burning,low,0,1,221_827,4
E0363667_1,agricultural_burning,low,0,1,221_827,4
E0363672_1,agricultural_burning,low,0,1,221_828,1
E0363724_1,agricultural_burning,low,0,1,221_837,4
E0363756_1,agricultural_burning,low,0,1,221_842,3
E0363844_1,agricultural_burning,low,0,1,221_923,0
E0363871_1,agricultural_burning,low,0,1,221_927,2
E0363914_1,agricultural_burning,low,0,1,221_934,0
E0363919_1,agricultural_burning,low,0,1,221_935,3
E0363943_2,agricultural_burning,low,0,1,221_939,4
E0363962_1,agricultural_burning,low,0,1,221_941,4
E0363965_1,agricultural_burning,low,0,1,221_941,4
E0363995_2,agricultural_burning,low,0,1,221_944,0
E0363999_1,agricultural_burning,low,0,1,221_945,4
E0364029_1,agricultural_burning,low,0,1,221_962,1
E0364032_1,agricultural_burning,low,0,1,221_962,1
E0364035_1,agricultural_burning,low,0,1,221_962,1
E0364043_1,agricultural_burning,low,0,1,221_963,4
E0364060_2,agricultural_burning,low,0,1,221_966,1
E0364074_1,agricultural_burning,low,0,1,221_968,4
E0364267_1,agricultural_burning,low,0,1,221_793,3
E0364270_3,agricultural_burning,low,0,1,221_794,1
E0364273_2,agricultural_burning,low,0,1,221_794,1
E0364274_2,agricultural_burning,low,0,1,221_794,1
E0364302_1,agricultural_burning,low,0,1,221_801,0
E0364304_1,agricultural_burning,low,0,1,221_802,1
E0364307_1,agricultural_burning,low,0,1,221_802,1
E0364331_1,agricultural_burning,low,0,1,221_811,0
E0364402_1,agricultural_burning,low,0,1,221_827,4
E0364418_1,agricultural_burning,low,0,1,221_831,3
E0364489_1,agricultural_burning,low,0,1,221_842,3
E0364655_1,agricultural_burning,low,0,1,221_932,4
E0364698_2,agricultural_burning,low,0,1,221_938,2
E0364706_4,agricultural_burning,low,0,1,221_939,4
E0364709_2,agricultural_burning,low,0,1,221_940,4
E0364722_1,agricultural_burning,low,0,1,221_941,4
E0364725_1,agricultural_burning,low,0,1,221_942,4
E0364748_1,agricultural_burning,low,0,1,221_945,4
E0364777_1,agricultural_burning,low,0,1,221_962,1
E0364795_1,agricultural_burning,low,0,1,221_964,4
E0364795_2,agricultural_burning,low,0,1,221_964,4
E0364873_1,industrial_fire,low,0,1,221_722,4
E0365031_2,agricultural_burning,low,0,1,221_794,1
E0365074_1,agricultural_burning,low,0,1,221_801,0
E0365103_2,agricultural_burning,low,0,1,221_811,0
E0365127_5,agricultural_burning,low,0,1,221_820,0
E0365128_7,agricultural_burning,low,0,1,221_820,0
E0365218_1,agricultural_burning,medium,1,1,221_834,1
E0365379_1,agricultural_burning,low,0,1,221_926,4
E0365379_2,agricultural_burning,low,0,1,221_926,4
E0365436_1,agricultural_burning,low,0,1,221_936,2
E0365462_2,agricultural_burning,low,0,1,221_939,4
E0365479_1,agricultural_burning,low,0,1,221_942,4
E0365493_1,agricultural_burning,low,0,1,221_944,0
E0365495_2,agricultural_burning,low,0,1,221_944,0
E0365501_1,agricultural_burning,low,0,1,221_945,4
E0365502_2,agricultural_burning,low,0,1,221_945,4
E0365503_1,agricultural_burning,low,0,1,221_945,4
E0365504_1,agricultural_burning,low,0,1,221_945,4
E0365504_2,agricultural_burning,low,0,1,221_945,4
E0365536_1,agricultural_burning,low,0,1,221_962,1
E0365542_1,agricultural_burning,low,0,1,221_963,4
E0365728_1,agricultural_burning,low,0,1,221_788,1
E0365750_1,agricultural_burning,low,0,1,221_793,3
E0365754_1,agricultural_burning,low,0,1,221_793,3
E0365758_1,agricultural_burning,low,0,1,221_793,3
E0365764_1,agricultural_burning,low,0,1,221_794,1
E0365765_1,agricultural_burning,low,0,1,221_794,1
E0365808_1,agricultural_burning,low,0,1,221_802,1
E0365851_2,agricultural_burning,low,0,1,221_818,4
E0365865_5,agricultural_burning,low,0,1,221_820,0
E0365963_2,agricultural_burning,medium,1,1,221_834,1
E0366037_1,agricultural_burning,low,0,1,221_856,1
E0366136_1,agricultural_burning,low,0,1,221_933,4
E0366155_1,agricultural_burning,low,0,1,221_937,2
E0366162_1,agricultural_burning,low,0,1,221_938,2
E0366163_1,agricultural_burning,low,0,1,221_938,2
E0366173_4,agricultural_burning,low,0,1,221_939,4
E0366186_1,agricultural_burning,low,0,1,221_941,4
E0366194_1,agricultural_burning,low,0,1,221_942,4
E0366221_1,agricultural_burning,low,0,1,221_946,2
E0366284_1,agricultural_burning,low,0,1,221_966,1
E0366296_1,agricultural_burning,low,0,1,221_968,4
E0366302_3,agricultural_burning,low,0,1,221_968,4
E0366303_1,agricultural_burning,low,0,1,221_968,4
E0366308_1,agricultural_burning,low,0,1,221_969,4
E0366308_2,agricultural_burning,low,0,1,221_969,4
E0366311_1,agricultural_burning,low,0,1,221_969,4
E0366468_1,agricultural_burning,low,0,1,221_788,1
E0366502_1,agricultural_burning,low,0,1,221_793,3
E0366522_1,agricultural_burning,low,0,1,221_796,4
E0366702_2,agricultural_burning,low,0,1,221_835,0
E0366738_1,agricultural_burning,low,0,1,221_842,3
E0366774_5,agricultural_burning,low,0,1,221_854,0
E0366775_5,agricultural_burning,low,0,1,221_854,0
E0366917_1,agricultural_burning,low,0,1,221_937,2
E0366939_2,agricultural_burning,low,0,1,221_939,4
E0366979_1,agricultural_burning,low,0,1,221_944,0
E0367021_1,agricultural_burning,low,0,1,221_962,1
E0367084_1,industrial_fire,low,0,1,221_690,4
E0367142_1,agricultural_burning,low,0,1,221_738,1
E0367258_1,agricultural_burning,low,0,1,221_791,3
E0367273_1,agricultural_burning,low,0,1,221_793,3
E0367324_1,agricultural_burning,low,0,1,221_801,0
E0367404_2,agricultural_burning,low,0,1,221_824,0
E0367426_1,agricultural_burning,low,0,1,221_827,4
E0367500_1,agricultural_burning,low,0,1,221_841,1
E0367542_1,agricultural_burning,low,0,1,221_859,1
E0367644_1,agricultural_burning,low,0,1,221_932,4
E0367664_1,agricultural_burning,low,0,1,221_936,2
E0367675_1,agricultural_burning,low,0,1,221_937,2
E0367733_2,agricultural_burning,low,0,1,221_944,0
E0367748_1,agricultural_burning,low,0,1,221_946,2
E0367807_2,agricultural_burning,low,0,1,221_964,4
E0367893_1,agricultural_burning,low,0,1,221_742,1
E0368055_4,agricultural_burning,low,0,1,221_794,1
E0368060_2,agricultural_burning,low,0,1,221_794,1
E0368065_3,agricultural_burning,low,0,1,221_795,0
E0368116_1,agricultural_burning,low,0,1,221_807,3
E0368122_1,agricultural_burning,low,0,1,221_810,2
E0368159_2,agricultural_burning,low,0,1,221_821,2
E0368159_3,agricultural_burning,low,0,1,221_821,2
E0368511_1,agricultural_burning,low,0,1,221_945,4
E0368513_1,agricultural_burning,low,0,1,221_945,4
E0368516_1,agricultural_burning,low,0,1,221_946,2
E0368602_1,agricultural_burning,low,0,1,221_969,4
E0368603_2,agricultural_burning,low,0,1,221_969,4
E0368610_1,industrial_fire,low,0,1,221_690,4
E0368758_1,agricultural_burning,low,0,1,221_778,0
E0368816_1,agricultural_burning,low,0,1,221_793,3
E0368817_1,agricultural_burning,low,0,1,221_793,3
E0368817_2,agricultural_burning,low,0,1,222_793,4
E0368821_2,agricultural_burning,low,0,1,221_793,3
E0368839_3,agricultural_burning,low,0,1,221_795,0
E0368852_3,agricultural_burning,low,0,1,221_797,1
E0368862_1,agricultural_burning,low,0,1,221_798,0
E0368895_1,agricultural_burning,low,0,1,221_810,2
E0369156_1,agricultural_burning,low,0,1,222_926,2
E0369183_1,agricultural_burning,low,0,1,221_932,4
E0369192_1,agricultural_burning,low,0,1,222_934,3
E0369255_1,agricultural_burning,low,0,1,221_943,2
E0369263_1,agricultural_burning,low,0,1,222_944,2
E0369305_1,agricultural_burning,low,0,1,222_959,1
E0369348_1,agricultural_burning,low,0,1,222_966,3
E0369446_1,agricultural_burning,low,0,1,222_741,1
E0369511_2,agricultural_burning,low,0,1,222_771,4
E0369602_4,agricultural_burning,low,0,1,222_795,3
E0369622_2,agricultural_burning,low,0,1,222_797,3
E0369624_1,agricultural_burning,low,0,1,222_798,4
E0369627_3,agricultural_burning,low,0,1,222_798,4
E0369645_1,agricultural_burning,low,0,1,222_801,4
E0369714_1,agricultural_burning,low,0,1,222_823,0
E0369769_1,agricultural_burning,low,0,1,222_833,1
E0369806_1,agricultural_burning,low,0,1,222_841,4
E0369819_3,agricultural_burning,medium,1,1,222_845,0
E0369841_1,agricultural_burning,low,0,1,222_852,2
E0369909_1,agricultural_burning,low,0,1,222_923,4
E0369950_1,agricultural_burning,low,0,1,222_931,1
E0369954_1,agricultural_burning,low,0,1,222_931,1
E0369989_2,agricultural_burning,low,0,1,222_937,1
E0370000_2,agricultural_burning,low,0,1,222_939,0
E0370021_1,agricultural_burning,low,0,1,222_941,4
E0370082_1,agricultural_burning,low,0,1,222_959,1
E0370131_1,agricultural_burning,low,0,1,222_967,0
E0370140_1,agricultural_burning,low,0,1,222_968,1
E0370194_2,agricultural_burning,low,0,1,222_739,0
E0370195_2,agricultural_burning,low,0,1,222_739,0
E0370343_1,agricultural_burning,low,0,1,222_793,4
E0370354_1,agricultural_burning,low,0,1,222_794,3
E0370374_2,agricultural_burning,low,0,1,222_797,3
E0370375_3,agricultural_burning,low,0,1,222_797,3
E0370376_4,agricultural_burning,low,0,1,222_797,3
E0370379_1,agricultural_burning,low,0,1,222_798,4
E0370382_1,agricultural_burning,low,0,1,222_798,4
E0370383_1,agricultural_burning,low,0,1,222_798,4
E0370510_1,agricultural_burning,low,0,1,222_832,1
E0370520_1,agricultural_burning,low,0,1,222_833,1
E0370574_6,agricultural_burning,low,0,1,222_846,3
E0370588_1,agricultural_burning,low,0,1,222_851,1
E0370608_1,agricultural_burning,low,0,1,222_859,4
E0370664_1,agricultural_burning,low,0,1,222_923,4
E0370712_1,agricultural_burning,low,0,1,222_931,1
E0370742_1,agricultural_burning,low,0,1,222_938,1
E0370746_1,agricultural_burning,low,0,1,222_938,1
E0370749_2,agricultural_burning,low,0,1,222_938,1
E0370767_2,agricultural_burning,low,0,1,222_940,2
E0370808_2,agricultural_burning,low,0,1,222_948,3
E0370809_1,agricultural_burning,low,0,1,222_948,3
E0370846_1,agricultural_burning,low,0,1,222_962,2
E0370888_3,agricultural_burning,low,0,1,222_967,0
E0370894_1,agricultural_burning,low,0,1,222_968,1
E0370962_1,agricultural_burning,low,0,1,222_741,1
E0370990_1,agricultural_burning,low,0,1,222_764,4
E0371101_1,agricultural_burning,low,0,1,222_791,1
E0371105_2,agricultural_burning,low,0,1,222_791,1
E0371142_1,agricultural_burning,low,0,1,222_796,0
E0371145_1,agricultural_burning,low,0,1,222_797,3
E0371160_1,agricultural_burning,low,0,1,222_798,4
E0371161_1,agricultural_burning,low,0,1,222_798,4
E0371166_1,agricultural_burning,low,0,1,222_799,2
E0371176_1,agricultural_burning,low,0,1,222_801,4
E0371186_2,agricultural_burning,low,0,1,222_805,4
E0371319_1,agricultural_burning,low,0,1,222_836,1
E0371323_1,agricultural_burning,low,0,1,222_836,1
E0371358_9,agricultural_burning,low,0,1,222_844,4
E0371487_2,agricultural_burning,low,0,1,222_929,4
E0371518_1,agricultural_burning,low,0,1,222_935,0
E0371535_2,agricultural_burning,low,0,1,222_938,1
E0371536_1,agricultural_burning,low,0,1,222_938,1
E0371564_2,agricultural_burning,low,0,1,222_941,4
E0371565_3,agricultural_burning,low,0,1,222_941,4
E0371566_1,agricultural_burning,low,0,1,222_941,4
E0371568_1,agricultural_burning,low,0,1,222_942,0
E0371656_2,agricultural_burning,low,0,1,222_965,1
E0371773_1,agricultural_burning,low,0,1,222_765,0
E0371904_1,agricultural_burning,low,0,1,222_794,3
E0371909_1,agricultural_burning,low,0,1,222_795,3
E0371923_2,agricultural_burning,low,0,1,222_796,0
E0371932_3,agricultural_burning,low,0,1,222_797,3
E0371935_2,agricultural_burning,low,0,1,222_797,3
E0371936_1,agricultural_burning,low,0,1,222_797,3
E0371943_2,agricultural_burning,low,0,1,222_798,4
E0371947_1,agricultural_burning,low,0,1,222_799,2
E0371962_1,agricultural_burning,low,0,1,222_802,3
E0372143_1,agricultural_burning,low,0,1,222_851,1
E0372239_2,agricultural_burning,low,0,1,222_924,1
E0372298_1,agricultural_burning,low,0,1,222_937,1
E0372338_2,agricultural_burning,low,0,1,222_941,4
E0372445_2,agricultural_burning,low,0,1,222_967,0
E0372446_2,agricultural_burning,low,0,1,222_967,0
E0372487_1,industrial_fire,low,0,1,222_727,4
E0372509_1,agricultural_burning,low,0,1,222_741,1
E0372578_1,agricultural_burning,low,0,1,222_775,0
E0372581_1,agricultural_burning,low,0,1,222_775,0
E0372597_2,agricultural_burning,low,0,1,222_782,3
E0372650_2,agricultural_burning,low,0,1,222_794,3
E0372676_1,agricultural_burning,low,0,1,222_797,3
E0372679_1,agricultural_burning,low,0,1,222_797,3
E0372679_3,agricultural_burning,low,0,1,222_797,3
E0372681_1,agricultural_burning,low,0,1,222_797,3
E0372683_4,agricultural_burning,low,0,1,222_797,3
E0372684_3,agricultural_burning,low,0,1,222_798,4
E0372685_2,agricultural_burning,low,0,1,222_798,4
E0372686_1,agricultural_burning,low,0,1,222_798,4
E0372686_2,agricultural_burning,low,0,1,222_798,4
E0372687_2,agricultural_burning,low,0,1,222_798,4
E0372689_2,agricultural_burning,low,0,1,222_798,4
E0372722_1,agricultural_burning,low,0,1,222_808,2
E0372845_1,agricultural_burning,low,0,1,222_842,4
E0372865_1,agricultural_burning,low,0,1,222_851,1
E0373016_1,agricultural_burning,low,0,1,222_938,1
E0373021_1,agricultural_burning,low,0,1,222_938,1
E0373022_1,agricultural_burning,low,0,1,222_938,1
E0373023_1,agricultural_burning,low,0,1,222_938,1
E0373046_1,agricultural_burning,low,0,1,222_941,4
E0373049_1,agricultural_burning,low,0,1,222_941,4
E0373074_2,agricultural_burning,low,0,1,222_946,3
E0373075_1,agricultural_burning,low,0,1,222_946,3
E0373080_1,agricultural_burning,low,0,1,222_947,0
E0373081_2,agricultural_burning,low,0,1,222_948,3
E0373129_1,agricultural_burning,low,0,1,222_964,4
E0373145_1,agricultural_burning,low,0,1,222_967,0
E0373147_2,agricultural_burning,low,0,1,222_967,0
E0373166_1,agricultural_burning,low,0,1,222_969,3
E0373210_1,agricultural_burning,low,0,1,222_739,0
E0373276_2,agricultural_burning,low,0,1,222_770,1
E0373277_1,agricultural_burning,low,0,1,222_770,1
E0373376_2,agricultural_burning,low,0,1,222_794,3
E0373379_1,agricultural_burning,low,0,1,222_794,3
E0373399_1,agricultural_burning,low,0,1,222_797,3
E0373402_2,agricultural_burning,low,0,1,222_797,3
E0373404_1,agricultural_burning,low,0,1,222_797,3
E0373407_3,agricultural_burning,low,0,1,222_798,4
E0373408_3,agricultural_burning,low,0,1,222_798,4
E0373409_2,agricultural_burning,low,0,1,222_798,4
E0373411_2,agricultural_burning,low,0,1,222_798,4
E0373418_1,agricultural_burning,low,0,1,222_799,2
E0373420_1,agricultural_burning,low,0,1,222_799,2
E0373421_2,agricultural_burning,low,0,1,222_799,2
E0373422_1,agricultural_burning,low,0,1,222_799,2
E0373599_2,agricultural_burning,low,0,1,222_851,1
E0373731_2,agricultural_burning,low,0,1,222_931,1
E0373734_2,agricultural_burning,low,0,1,222_931,1
E0373765_2,agricultural_burning,low,0,1,222_939,0
E0373784_1,agricultural_burning,low,0,1,222_941,4
E0373818_2,agricultural_burning,low,0,1,222_946,3
E0373827_1,agricultural_burning,low,0,1,222_947,0
E0373892_1,agricultural_burning,low,0,1,222_965,1
E0373972_2,agricultural_burning,low,0,1,222_740,4
E0373976_1,agricultural_burning,low,0,1,222_741,1
E0373988_1,agricultural_burning,low,0,1,222_752,4
E0374019_1,agricultural_burning,low,0,1,222_763,0
E0374117_1,agricultural_burning,low,0,1,222_790,3
E0374133_3,agricultural_burning,low,0,1,222_794,3
E0374158_1,agricultural_burning,low,0,1,222_797,3
E0374159_1,agricultural_burning,low,0,1,222_797,3
E0374160_2,agricultural_burning,low,0,1,222_797,3
E0374168_3,agricultural_burning,low,0,1,222_798,4
E0374168_4,agricultural_burning,low,0,1,222_798,4
E0374169_3,agricultural_burning,low,0,1,222_798,4
E0374173_2,agricultural_burning,low,0,1,222_798,4
E0374174_1,agricultural_burning,low,0,1,222_798,4
E0374174_2,agricultural_burning,low,0,1,222_798,4
E0374175_2,agricultural_burning,low,0,1,222_798,4
E0374440_3,agricultural_burning,low,0,0,222_921,4
E0374481_1,agricultural_burning,low,0,1,222_927,2
E0374517_1,agricultural_burning,low,0,1,222_934,3
E0374563_1,agricultural_burning,low,0,1,222_942,0
E0374567_2,agricultural_burning,low,0,1,222_942,0
E0374587_2,agricultural_burning,low,0,1,222_946,3
E0374732_1,agricultural_burning,low,0,1,222_741,1
E0374769_1,agricultural_burning,low,0,1,222_763,0
E0374788_1,agricultural_burning,low,0,1,222_765,0
E0374820_1,agricultural_burning,low,0,1,222_776,4
E0374874_3,agricultural_burning,low,0,1,222_794,3
E0374892_1,agricultural_burning,low,0,1,222_796,0
E0374898_4,agricultural_burning,low,0,1,222_797,3
E0374899_3,agricultural_burning,low,0,1,222_797,3
E0374900_1,agricultural_burning,low,0,1,222_797,3
E0374906_1,agricultural_burning,low,0,1,222_798,4
E0374906_2,agricultural_burning,low,0,1,222_798,4
E0374907_2,agricultural_burning,low,0,1,222_798,4
E0374908_1,agricultural_burning,low,0,1,222_798,4
E0374908_3,agricultural_burning,low,0,1,222_798,4
E0374911_3,agricultural_burning,low,0,1,222_798,4
E0374931_3,agricultural_burning,low,0,1,222_802,3
E0375023_1,agricultural_burning,low,0,1,222_831,2
E0375072_2,industrial_fire,low,0,1,222_849,4
E0375162_2,agricultural_burning,low,0,1,222_921,4
E0375206_1,agricultural_burning,low,0,1,222_927,2
E0375207_1,agricultural_burning,low,0,1,222_927,2
E0375240_1,agricultural_burning,low,0,1,222_936,1
E0375312_2,agricultural_burning,low,0,1,222_946,3
E0375407_1,agricultural_burning,low,0,1,222_969,3
E0375513_1,agricultural_burning,low,0,1,222_765,0
E0375514_1,agricultural_burning,low,0,1,222_765,0
E0375547_2,agricultural_burning,low,0,1,222_776,4
E0375579_3,industrial_fire,medium,1,1,222_789,2
E0375609_1,agricultural_burning,low,0,1,222_796,0
E0375616_1,agricultural_burning,low,0,1,222_797,3
E0375616_3,agricultural_burning,low,0,1,222_797,3
E0375617_2,agricultural_burning,low,0,1,222_797,3
E0375625_2,agricultural_burning,low,0,1,222_798,4
E0375626_1,agricultural_burning,low,0,1,222_798,4
E0375627_3,agricultural_burning,low,0,1,222_798,4
E0375629_2,agricultural_burning,low,0,1,222_798,4
E0375630_2,agricultural_burning,low,0,1,222_798,4
E0375632_2,agricultural_burning,low,0,1,222_799,2
E0375633_3,agricultural_burning,low,0,1,222_799,2
E0375635_1,agricultural_burning,low,0,1,222_799,2
E0375753_1,agricultural_burning,low,0,1,222_833,1
E0375821_1,agricultural_burning,low,0,1,222_853,1
E0375892_1,agricultural_burning,low,0,1,222_922,4
E0375959_1,agricultural_burning,low,0,1,222_936,1
E0376008_1,agricultural_burning,low,0,1,222_942,0
E0376018_1,agricultural_burning,low,0,1,222_943,2
E0376024_1,agricultural_burning,low,0,1,222_944,2
E0376043_1,agricultural_burning,low,0,1,222_947,0
E0376119_1,agricultural_burning,low,0,1,222_966,3
E0376206_1,agricultural_burning,low,0,1,223_760,0
E0376227_1,agricultural_burning,low,0,1,223_764,0
E0376238_1,agricultural_burning,low,0,1,222_765,0
E0376362_4,agricultural_burning,low,0,1,222_797,3
E0376369_1,agricultural_burning,low,0,1,223_797,2
E0376375_3,agricultural_burning,low,0,1,222_798,4
E0376388_2,agricultural_burning,low,0,1,222_799,2
E0376554_1,agricultural_burning,low,0,1,222_853,1
E0376670_1,agricultural_burning,low,0,1,223_930,3
E0376692_2,agricultural_burning,low,0,1,223_936,3
E0376719_1,agricultural_burning,low,0,1,223_939,2
E0376767_1,agricultural_burning,low,0,1,223_946,0
E0376793_1,agricultural_burning,low,0,1,222_953,0
E0376793_2,agricultural_burning,low,0,1,222_952,1
E0376794_1,agricultural_burning,low,0,1,222_953,0
E0376860_2,agricultural_burning,low,0,1,222_969,3
E0376872_1,industrial_fire,low,0,1,223_698,2
E0376890_1,industrial_fire,low,0,1,223_716,2
E0377001_1,agricultural_burning,low,0,1,223_774,3
E0377005_1,agricultural_burning,low,0,1,223_774,3
E0377032_1,agricultural_burning,low,0,1,223_782,4
E0377072_1,agricultural_burning,low,0,1,223_794,3
E0377097_1,agricultural_burning,low,0,1,223_797,2
E0377098_3,agricultural_burning,low,0,1,223_797,2
E0377101_1,agricultural_burning,low,0,1,223_797,2
E0377105_3,agricultural_burning,low,0,1,223_798,1
E0377108_3,agricultural_burning,low,0,1,223_798,1
E0377110_1,agricultural_burning,low,0,1,223_798,1
E0377111_1,agricultural_burning,low,0,1,223_798,1
E0377114_3,agricultural_burning,low,0,1,223_799,2
E0377138_1,agricultural_burning,low,0,1,223_802,0
E0377202_10,mining_activity,medium,1,1,223_825,0
E0377202_4,mining_activity,medium,1,1,223_825,0
E0377202_6,mining_activity,high,1,1,223_825,0
E0377202_9,mining_activity,high,1,1,223_825,0
E0377203_2,mining_activity,medium,1,1,223_825,0
E0377203_4,mining_activity,high,1,1,223_825,0
E0377203_5,mining_activity,medium,1,1,223_825,0
E0377203_6,mining_activity,high,1,1,223_825,0
E0377216_1,mining_activity,medium,1,1,223_827,3
E0377292_14,agricultural_burning,low,0,1,223_847,2
E0377292_3,agricultural_burning,low,0,1,223_847,2
E0377292_7,agricultural_burning,low,0,1,223_847,2
E0377302_1,agricultural_burning,low,0,1,223_851,1
E0377313_2,agricultural_burning,low,0,1,223_853,0
E0377318_1,agricultural_burning,low,0,1,223_854,0
E0377319_1,agricultural_burning,low,0,1,223_854,0
E0377448_1,agricultural_burning,low,0,1,223_938,0
E0377463_2,agricultural_burning,low,0,1,223_940,0
E0377491_1,agricultural_burning,low,0,1,223_943,4
E0377572_1,agricultural_burning,low,0,1,223_963,4
E0377608_1,agricultural_burning,low,0,1,223_969,4
E0377611_1,agricultural_burning,low,0,1,223_969,4
E0377623_3,industrial_fire,low,0,1,223_698,2
E0377625_10,industrial_fire,low,0,1,223_698,2
E0377625_5,gas_flare,high,1,1,223_698,2
E0377626_3,industrial_fire,low,0,1,223_698,2
E0377665_1,agricultural_burning,low,0,1,223_737,3
E0377697_1,agricultural_burning,low,0,1,223_756,1
E0377800_1,agricultural_burning,low,0,1,223_781,1
E0377825_1,agricultural_burning,low,0,1,223_792,4
E0377833_1,agricultural_burning,low,0,1,223_794,3
E0377854_3,agricultural_burning,low,0,1,223_797,2
E0377855_2,agricultural_burning,low,0,1,223_797,2
E0377857_2,agricultural_burning,low,0,1,223_797,2
E0377858_1,agricultural_burning,low,0,1,223_797,2
E0377858_2,agricultural_burning,low,0,1,223_797,2
E0377860_2,agricultural_burning,low,0,1,223_797,2
E0377863_4,agricultural_burning,low,0,1,223_798,1
E0377940_2,agricultural_burning,low,0,1,223_818,1
E0377954_5,mining_activity,high,1,1,223_825,0
E0377954_7,mining_activity,high,1,1,223_825,0
E0377955_1,mining_activity,medium,1,1,223_825,0
E0377955_2,mining_activity,medium,1,1,223_825,0
E0377955_3,mining_activity,high,1,1,223_825,0
E0377955_4,mining_activity,medium,1,1,223_825,0
E0377955_7,mining_activity,high,1,1,223_825,0
E0377956_3,mining_activity,medium,1,1,223_825,0
E0377956_4,mining_activity,high,1,1,223_825,0
E0377956_8,mining_activity,high,1,1,223_825,0
E0377956_9,mining_activity,high,1,1,223_825,0
E0377957_11,mining_activity,medium,1,1,223_825,0
E0377957_5,mining_activity,medium,1,1,223_825,0
E0377957_8,mining_activity,medium,1,1,223_825,0
E0377957_9,mining_activity,high,1,1,223_825,0
E0377960_2,mining_activity,medium,1,1,223_825,0
E0377960_4,mining_activity,high,1,1,223_825,0
E0377960_5,mining_activity,medium,1,1,223_825,0
E0377960_7,mining_activity,medium,1,1,223_825,0
E0377961_10,mining_activity,medium,1,1,223_825,0
E0377961_11,mining_activity,medium,1,1,223_825,0
E0377961_2,mining_activity,high,1,1,223_825,0
E0377961_4,mining_activity,high,1,1,223_825,0
E0377961_6,mining_activity,medium,1,1,223_825,0
E0377961_7,mining_activity,medium,1,1,223_825,0
E0377961_9,mining_activity,medium,1,1,223_825,0
E0377962_2,mining_activity,medium,1,1,223_825,0
E0377970_4,mining_activity,medium,1,1,223_827,3
E0378043_4,agricultural_burning,low,0,1,223_847,2
E0378164_1,agricultural_burning,low,0,1,223_924,2
E0378233_1,agricultural_burning,low,0,1,223_938,0
E0378247_1,agricultural_burning,low,0,1,223_939,2
E0378353_1,agricultural_burning,low,0,1,223_962,3
E0378387_2,agricultural_burning,low,0,1,223_967,0
E0378402_1,agricultural_burning,low,0,1,223_969,4
E0378407_12,industrial_fire,medium,1,1,223_697,2
E0378407_7,industrial_fire,medium,1,1,223_697,2
E0378407_8,industrial_fire,medium,1,1,223_697,2
E0378505_2,agricultural_burning,low,0,1,223_760,0
E0378539_1,agricultural_burning,low,0,1,223_765,4
E0378672_2,agricultural_burning,low,0,1,223_798,1
E0378673_2,agricultural_burning,low,0,1,223_798,1
E0378674_3,agricultural_burning,low,0,1,223_798,1
E0378681_1,agricultural_burning,low,0,1,223_798,1
E0378692_1,agricultural_burning,low,0,1,223_800,0
E0378720_1,agricultural_burning,low,0,1,223_803,3
E0378768_1,agricultural_burning,low,0,1,223_818,1
E0378778_1,mining_activity,medium,1,1,223_825,0
E0378778_2,mining_activity,medium,1,1,223_825,0
E0378779_2,mining_activity,medium,1,1,223_825,0
E0378779_3,mining_activity,medium,1,1,223_825,0
E0378780_1,mining_activity,high,1,1,223_825,0
E0378780_2,mining_activity,medium,1,1,223_825,0
E0378780_3,mining_activity,high,1,1,223_825,0
E0378780_4,mining_activity,medium,1,1,223_825,0
E0378782_1,mining_activity,medium,1,1,223_825,0
E0378782_3,mining_activity,medium,1,1,223_825,0
E0378782_5,mining_activity,medium,1,1,223_825,0
E0378782_6,mining_activity,medium,1,1,223_825,0
E0378784_1,mining_activity,medium,1,1,223_825,0
E0378784_4,mining_activity,medium,1,1,223_825,0
E0378784_5,mining_activity,high,1,1,223_825,0
E0378784_6,mining_activity,high,1,1,223_825,0
E0378785_1,mining_activity,medium,1,1,223_825,0
E0378785_4,mining_activity,high,1,1,223_825,0
E0378785_7,mining_activity,medium,1,1,223_825,0
E0378785_8,mining_activity,medium,1,1,223_825,0
E0378785_9,mining_activity,high,1,1,223_825,0
E0378786_1,mining_activity,medium,1,1,223_825,0
E0378786_3,mining_activity,medium,1,1,223_825,0
E0378786_5,mining_activity,medium,1,1,223_825,0
E0378786_6,mining_activity,high,1,1,223_825,0
E0378786_7,mining_activity,medium,1,1,223_825,0
E0378787_1,mining_activity,medium,1,1,223_826,4
E0378787_3,mining_activity,medium,1,1,223_826,4
E0378787_4,mining_activity,high,1,1,223_826,4
E0378787_7,mining_activity,high,1,1,223_826,4
E0378832_1,agricultural_burning,low,0,1,223_838,3
E0378972_2,agricultural_burning,low,0,1,223_923,2
E0379028_1,agricultural_burning,low,0,1,223_932,0
E0379029_1,agricultural_burning,low,0,1,223_932,0
E0379073_1,agricultural_burning,low,0,1,223_939,2
E0379073_2,agricultural_burning,low,0,1,223_939,2
E0379087_1,agricultural_burning,low,0,1,223_941,1
E0379095_2,agricultural_burning,low,0,1,223_943,4
E0379097_1,agricultural_burning,low,0,1,223_943,4
E0379125_2,agricultural_burning,low,0,1,223_948,0
E0379207_1,agricultural_burning,low,0,1,223_967,0
E0379228_1,agricultural_burning,low,0,1,223_969,4
E0379237_12,gas_flare,medium,1,1,223_698,2
E0379237_4,gas_flare,medium,1,1,223_698,2
E0379237_5,gas_flare,medium,1,1,223_698,2
E0379238_1,gas_flare,medium,1,1,223_698,2
E0379238_2,gas_flare,medium,1,1,223_698,2
E0379238_4,industrial_fire,medium,1,1,223_698,2
E0379238_7,gas_flare,medium,1,1,223_698,2
E0379295_1,agricultural_burning,low,0,1,223_756,1
E0379316_1,agricultural_burning,low,0,1,223_761,0
E0379383_1,agricultural_burning,low,0,1,223_774,3
E0379393_1,agricultural_burning,low,0,1,223_775,1
E0379441_1,agricultural_burning,low,0,1,223_791,1
E0379449_1,agricultural_burning,low,0,1,223_792,4
E0379479_3,agricultural_burning,low,0,1,223_797,2
E0379482_2,agricultural_burning,low,0,1,223_797,2
E0379486_1,agricultural_burning,low,0,1,223_798,1
E0379495_2,agricultural_burning,low,0,1,223_799,2
E0379544_1,agricultural_burning,low,0,1,223_812,4
E0379588_1,mining_activity,medium,1,1,223_825,0
E0379588_3,mining_activity,medium,1,1,223_825,0
E0379588_4,mining_activity,medium,1,1,223_825,0
E0379591_3,mining_activity,medium,1,1,223_825,0
E0379591_4,mining_activity,high,1,1,223_825,0
E0379591_6,mining_activity,high,1,1,223_825,0
E0379591_7,mining_activity,medium,1,1,223_825,0
E0379592_5,mining_activity,high,1,1,223_825,0
E0379592_7,mining_activity,high,1,1,223_825,0
E0379592_8,mining_activity,medium,1,1,223_825,0
E0379596_3,agricultural_burning,low,0,1,223_826,4
E0379597_4,agricultural_burning,low,0,1,223_826,4
E0379642_2,agricultural_burning,low,0,1,223_839,3
E0379831_1,agricultural_burning,low,0,1,223_932,0
E0379832_1,agricultural_burning,low,0,1,223_932,0
E0379868_1,agricultural_burning,low,0,1,223_939,2
E0379938_1,agricultural_burning,low,0,1,223_947,2
E0379939_2,agricultural_burning,low,0,1,223_948,0
E0379994_2,agricultural_burning,low,0,1,223_963,4
E0380024_1,agricultural_burning,low,0,1,223_966,0
E0380050_1,industrial_fire,low,0,1,223_697,2
E0380067_1,industrial_fire,low,0,1,223_702,2
E0380210_1,agricultural_burning,low,0,1,223_775,1
E0380231_1,agricultural_burning,low,0,1,223_782,4
E0380271_2,agricultural_burning,low,0,1,223_794,3
E0380287_3,agricultural_burning,low,0,1,223_797,2
E0380288_4,agricultural_burning,low,0,1,223_797,2
E0380290_2,agricultural_burning,low,0,1,223_797,2
E0380291_2,agricultural_burning,low,0,1,223_797,2
E0380299_1,agricultural_burning,low,0,1,223_798,1
E0380302_2,agricultural_burning,low,0,1,223_798,1
E0380321_2,agricultural_burning,low,0,1,223_801,1
E0380375_1,agricultural_burning,low,0,1,223_823,1
E0380375_3,agricultural_burning,low,0,1,223_823,1
E0380375_5,agricultural_burning,low,0,1,223_823,1
E0380382_1,mining_activity,medium,1,1,223_825,0
E0380424_3,agricultural_burning,low,0,1,223_839,3
E0380433_1,agricultural_burning,low,0,1,223_841,2
E0380597_1,agricultural_burning,low,0,1,223_928,0
E0380598_1,agricultural_burning,low,0,1,223_928,0
E0380652_1,agricultural_burning,low,0,1,223_938,0
E0380656_1,agricultural_burning,low,0,1,223_938,0
E0380705_1,agricultural_burning,low,0,1,223_945,3
E0380706_1,agricultural_burning,low,0,1,223_946,0
E0380719_1,agricultural_burning,low,0,1,223_947,2
E0380772_1,agricultural_burning,low,0,1,223_964,0
E0380777_2,agricultural_burning,low,0,1,223_964,0
E0380794_5,agricultural_burning,low,0,1,223_967,0
E0380794_8,agricultural_burning,low,0,1,223_967,0
E0380872_2,agricultural_burning,low,0,1,223_740,4
E0380890_1,agricultural_burning,low,0,1,223_754,2
E0380946_1,agricultural_burning,low,0,1,223_765,4
E0380951_1,agricultural_burning,low,0,1,223_765,4
E0380955_1,agricultural_burning,low,0,1,223_766,2
E0380995_1,agricultural_burning,low,0,1,223_775,1
E0381048_2,agricultural_burning,low,0,1,223_796,3
E0381050_3,agricultural_burning,low,0,1,223_797,2
E0381051_2,agricultural_burning,low,0,1,223_797,2
E0381056_1,agricultural_burning,low,0,1,223_797,2
E0381057_2,agricultural_burning,low,0,1,223_797,2
E0381071_2,agricultural_burning,low,0,1,223_799,2
E0381086_3,agricultural_burning,low,0,1,223_800,0
E0381088_1,agricultural_burning,low,0,1,223_800,0
E0381090_2,agricultural_burning,low,0,1,223_801,1
E0381096_1,agricultural_burning,low,0,1,223_801,1
E0381108_1,agricultural_burning,low,0,1,223_803,3
E0381179_1,agricultural_burning,low,0,1,223_836,4
E0381231_2,agricultural_burning,low,0,1,223_855,0
E0381275_3,agricultural_burning,low,0,1,223_870,0
E0381350_1,agricultural_burning,low,0,1,223_928,0
E0381363_1,agricultural_burning,low,0,1,223_932,0
E0381370_1,agricultural_burning,low,0,1,223_933,0
E0381400_1,agricultural_burning,low,0,1,223_938,0
E0381404_2,agricultural_burning,low,0,1,223_938,0
E0381406_1,agricultural_burning,low,0,1,223_939,2
E0381408_1,agricultural_burning,low,0,1,223_939,2
E0381410_1,agricultural_burning,low,0,1,223_939,2
E0381414_1,agricultural_burning,low,0,1,223_940,0
E0381426_1,agricultural_burning,low,0,1,223_941,1
E0381438_1,agricultural_burning,low,0,1,223_943,4
E0381498_2,agricultural_burning,low,0,1,223_959,1
E0381526_1,agricultural_burning,low,0,1,223_964,0
E0381535_1,agricultural_burning,low,0,1,223_965,4
E0381546_10,agricultural_burning,low,0,1,223_967,0
E0381602_1,agricultural_burning,low,0,1,223_724,0
E0381616_1,agricultural_burning,low,0,1,223_736,1
E0381617_1,agricultural_burning,low,0,1,223_736,1
E0381697_1,agricultural_burning,low,0,1,223_765,4
E0381698_1,agricultural_burning,low,0,1,223_765,4
E0381699_2,agricultural_burning,low,0,1,223_765,4
E0381735_2,agricultural_burning,low,0,1,223_772,1
E0381737_3,agricultural_burning,low,0,1,223_773,0
E0381791_2,agricultural_burning,low,0,1,223_794,3
E0381798_2,agricultural_burning,low,0,1,223_795,0
E0381806_2,agricultural_burning,low,0,1,223_797,2
E0381862_1,agricultural_burning,low,0,1,223_809,2
E0381863_1,agricultural_burning,low,0,1,223_809,2
E0381868_1,agricultural_burning,low,0,1,223_811,3
E0381887_1,agricultural_burning,low,0,1,223_822,3
E0381935_1,agricultural_burning,low,0,1,223_838,3
E0381952_1,agricultural_burning,low,0,1,223_841,2
E0381981_1,agricultural_burning,low,0,1,223_854,0
E0382026_8,agricultural_burning,low,0,1,223_870,0
E0382035_7,agricultural_burning,low,0,1,223_872,4
E0382036_4,agricultural_burning,low,0,1,223_872,4
E0382075_1,agricultural_burning,low,0,1,223_924,2
E0382099_1,agricultural_burning,low,0,1,223_927,0
E0382103_1,agricultural_burning,low,0,1,223_928,0
E0382121_1,agricultural_burning,low,0,1,223_932,0
E0382138_1,agricultural_burning,low,0,1,223_935,4
E0382147_1,agricultural_burning,low,0,1,223_936,3
E0382148_2,agricultural_burning,low,0,1,223_936,3
E0382163_1,agricultural_burning,low,0,1,223_938,0
E0382164_1,agricultural_burning,low,0,1,223_938,0
E0382168_1,agricultural_burning,low,0,1,223_939,2
E0382238_2,agricultural_burning,low,0,1,223_951,4
E0382239_1,agricultural_burning,low,0,1,223_951,4
E0382286_1,agricultural_burning,low,0,1,223_964,0
E0382316_1,agricultural_burning,low,0,1,223_968,0
E0382322_2,agricultural_burning,low,0,1,223_969,4
E0382377_1,agricultural_burning,low,0,1,223_751,0
E0382394_1,agricultural_burning,low,0,1,223_755,2
E0382406_1,agricultural_burning,low,0,1,223_757,4
E0382411_1,agricultural_burning,low,0,1,223_758,4
E0382472_1,agricultural_burning,low,0,1,223_772,1
E0382473_1,agricultural_burning,low,0,1,223_772,1
E0382477_2,agricultural_burning,low,0,1,223_772,1
E0382493_3,agricultural_burning,low,0,1,223_774,3
E0382495_3,agricultural_burning,low,0,1,223_774,3
E0382556_1,agricultural_burning,low,0,1,223_794,3
E0382560_1,agricultural_burning,low,0,1,223_795,0
E0382568_1,agricultural_burning,low,0,1,223_796,3
E0382572_2,agricultural_burning,low,0,1,223_797,2
E0382607_1,agricultural_burning,low,0,1,223_801,1
E0382678_2,agricultural_burning,low,0,1,223_831,2
E0382709_2,agricultural_burning,low,0,1,223_841,2
E0382729_1,agricultural_burning,low,0,1,223_853,0
E0382732_1,agricultural_burning,low,0,1,223_854,0
E0382782_10,agricultural_burning,low,0,1,223_872,4
E0382782_4,agricultural_burning,low,0,1,223_872,4
E0382784_2,agricultural_burning,low,0,1,223_872,4
E0382784_4,agricultural_burning,low,0,1,223_872,4
E0382824_1,agricultural_burning,low,0,1,223_925,2
E0382839_1,agricultural_burning,low,0,1,223_927,0
E0382849_1,agricultural_burning,low,0,1,223_929,0
E0382862_1,agricultural_burning,low,0,1,223_932,0
E0382865_1,agricultural_burning,low,0,1,223_933,0
E0382912_1,agricultural_burning,low,0,1,223_940,0
E0382938_1,agricultural_burning,low,0,1,223_944,4
E0382970_1,agricultural_burning,low,0,1,223_952,3
E0383002_1,agricultural_burning,low,0,1,223_962,3
E0383018_1,agricultural_burning,low,0,1,223_964,0
E0383031_1,agricultural_burning,low,0,1,223_965,4
E0383127_1,agricultural_burning,low,0,1,223_751,0
E0383142_1,agricultural_burning,low,0,1,223_757,4
E0383156_2,agricultural_burning,low,0,1,223_759,0
E0383177_1,agricultural_burning,low,0,1,223_764,0
E0383213_2,agricultural_burning,low,0,1,223_772,1
E0383232_2,agricultural_burning,low,0,1,223_774,3
E0383245_1,agricultural_burning,low,0,1,223_783,3
E0383276_3,agricultural_burning,low,0,1,223_794,3
E0383292_2,agricultural_burning,low,0,1,223_796,3
E0383333_1,agricultural_burning,low,0,1,223_802,0
E0383333_4,agricultural_burning,low,0,1,223_802,0
E0383438_11,agricultural_burning,low,0,1,223_857,4
E0383438_3,agricultural_burning,low,0,1,223_857,4
E0383483_12,agricultural_burning,low,0,1,223_872,4
E0383483_7,agricultural_burning,low,0,1,223_872,4
E0383530_1,agricultural_burning,low,0,1,223_929,0
E0383537_1,agricultural_burning,low,0,1,223_931,3
E0383565_1,agricultural_burning,low,0,1,223_936,3
E0383566_1,agricultural_burning,low,0,1,223_936,3
E0383581_2,agricultural_burning,low,0,1,223_938,0
E0383585_1,agricultural_burning,low,0,1,223_939,2
E0383601_3,agricultural_burning,low,0,1,223_940,0
E0383603_2,agricultural_burning,low,0,1,223_941,1
E0383622_1,agricultural_burning,low,0,1,223_943,4
E0383722_2,agricultural_burning,low,0,1,223_965,4
E0383722_3,agricultural_burning,low,0,1,223_965,4
E0383730_1,agricultural_burning,low,0,1,223_966,0
E0383742_2,agricultural_burning,low,0,1,223_967,0
E0383746_1,agricultural_burning,low,0,1,223_968,0
E0383760_1,agricultural_burning,low,0,1,223_969,4
E0383821_1,agricultural_burning,low,0,1,223_752,4
E0383880_2,agricultural_burning,low,0,1,223_764,0
E0383921_3,agricultural_burning,low,0,1,224_772,3
E0383930_2,agricultural_burning,low,0,1,223_773,0
E0383941_2,agricultural_burning,low,0,1,224_774,2
E0384007_4,agricultural_burning,low,0,1,223_796,3
E0384031_2,agricultural_burning,low,0,1,224_798,3
E0384033_1,agricultural_burning,low,0,1,224_798,3
E0384042_2,agricultural_burning,low,0,1,224_799,2
E0384280_1,agricultural_burning,low,0,1,224_929,2
E0384293_2,agricultural_burning,low,0,1,223_932,0
E0384319_1,agricultural_burning,low,0,1,223_936,3
E0384343_1,agricultural_burning,low,0,1,223_939,2
E0384344_2,agricultural_burning,low,0,1,223_939,2
E0384344_3,agricultural_burning,low,0,1,223_939,2
E0384345_1,agricultural_burning,low,0,1,224_940,1
E0384348_2,agricultural_burning,low,0,1,223_940,0
E0384359_1,agricultural_burning,low,0,1,224_941,4
E0384359_2,agricultural_burning,low,0,1,224_941,4
E0384396_1,agricultural_burning,low,0,1,224_946,3
E0384456_2,agricultural_burning,low,0,1,224_963,3
E0384480_2,agricultural_burning,low,0,1,223_966,0
E0384505_1,agricultural_burning,low,0,1,223_969,4
E0384625_1,agricultural_burning,low,0,1,224_765,0
E0384664_1,agricultural_burning,low,0,1,224_771,3
E0384675_1,agricultural_burning,low,0,1,224_773,4
E0384678_2,agricultural_burning,low,0,1,224_773,4
E0384687_1,agricultural_burning,low,0,1,224_774,2
E0384716_1,agricultural_burning,low,0,1,224_786,3
E0384739_2,agricultural_burning,low,0,1,224_795,0
E0384747_1,agricultural_burning,low,0,1,224_796,2
E0384749_1,agricultural_burning,low,0,1,224_796,2
E0384761_2,agricultural_burning,low,0,1,224_797,1
E0384767_3,agricultural_burning,low,0,1,224_798,3
E0384768_2,agricultural_burning,low,0,1,224_798,3
E0384786_1,agricultural_burning,low,0,1,224_800,2
E0384787_2,agricultural_burning,low,0,1,224_800,2
E0384824_1,agricultural_burning,low,0,1,224_809,4
E0384838_1,agricultural_burning,low,0,1,224_814,1
E0384998_1,agricultural_burning,low,0,1,224_924,3
E0385010_1,agricultural_burning,low,0,1,224_925,4
E0385028_2,agricultural_burning,low,0,1,224_927,1
E0385047_1,agricultural_burning,low,0,1,224_932,2
E0385050_1,agricultural_burning,low,0,1,224_932,2
E0385110_1,agricultural_burning,low,0,1,224_941,4
E0385113_1,agricultural_burning,low,0,1,224_941,4
E0385224_1,agricultural_burning,low,0,1,224_965,3
E0385226_1,agricultural_burning,low,0,1,224_965,3
E0385233_2,agricultural_burning,low,0,1,224_966,0
E0385234_1,agricultural_burning,low,0,1,224_966,0
E0385263_1,agricultural_burning,low,0,1,224_969,4
E0385265_1,agricultural_burning,low,0,1,224_969,4
E0385341_1,agricultural_burning,low,0,1,224_760,0
E0385366_2,agricultural_burning,low,0,1,224_764,3
E0385368_2,agricultural_burning,low,0,1,224_764,3
E0385400_2,agricultural_burning,low,0,1,224_769,3
E0385423_1,agricultural_burning,low,0,1,224_773,4
E0385445_1,agricultural_burning,low,0,1,224_775,4
E0385505_1,agricultural_burning,low,0,1,224_796,2
E0385506_2,agricultural_burning,low,0,1,224_796,2
E0385511_4,agricultural_burning,low,0,1,224_796,2
E0385513_3,agricultural_burning,low,0,1,224_797,1
E0385516_1,agricultural_burning,low,0,1,224_797,1
E0385524_1,agricultural_burning,low,0,1,224_798,3
E0385524_4,agricultural_burning,low,0,1,224_798,3
E0385537_2,agricultural_burning,low,0,1,224_799,2
E0385545_2,agricultural_burning,low,0,1,224_800,2
E0385547_1,agricultural_burning,low,0,1,224_800,2
E0385559_2,agricultural_burning,low,0,1,224_801,2
E0385732_2,agricultural_burning,low,0,1,224_868,4
E0385812_1,agricultural_burning,low,0,1,224_932,2
E0385813_1,agricultural_burning,low,0,1,224_932,2
E0385818_2,agricultural_burning,low,0,1,224_932,2
E0385828_1,agricultural_burning,low,0,1,224_935,1
E0385835_1,agricultural_burning,low,0,1,224_936,1
E0385847_1,agricultural_burning,low,0,1,224_937,0
E0385862_1,agricultural_burning,low,0,1,224_939,1
E0385867_3,agricultural_burning,low,0,1,224_939,1
E0385881_1,agricultural_burning,low,0,1,224_941,4
E0385881_2,agricultural_burning,low,0,1,224_941,4
E0385882_1,agricultural_burning,low,0,1,224_941,4
E0385889_2,agricultural_burning,low,0,1,224_942,0
E0385890_2,agricultural_burning,low,0,1,224_942,0
E0385918_1,agricultural_burning,low,0,1,224_946,3
E0385925_1,agricultural_burning,low,0,1,224_947,4
E0385978_1,agricultural_burning,low,0,1,224_962,2
E0385980_1,agricultural_burning,low,0,1,224_962,2
E0385990_1,agricultural_burning,low,0,1,224_964,3
E0386004_1,agricultural_burning,low,0,1,224_965,3
E0386009_1,agricultural_burning,low,0,1,224_966,0
E0386030_1,agricultural_burning,low,0,1,224_968,3
E0386031_1,agricultural_burning,low,0,1,224_968,3
E0386033_1,agricultural_burning,low,0,1,224_968,3
E0386159_1,agricultural_burning,low,0,1,224_762,0
E0386226_2,agricultural_burning,low,0,1,224_772,3
E0386235_1,agricultural_burning,low,0,1,224_773,4
E0386253_2,agricultural_burning,low,0,1,224_775,4
E0386265_1,agricultural_burning,low,0,1,224_784,1
E0386302_2,agricultural_burning,low,0,1,224_796,2
E0386306_1,agricultural_burning,low,0,1,224_796,2
E0386306_4,agricultural_burning,low,0,1,224_796,2
E0386314_1,agricultural_burning,low,0,1,224_797,1
E0386317_3,agricultural_burning,low,0,1,224_797,1
E0386331_2,agricultural_burning,low,0,1,224_799,2
E0386333_3,agricultural_burning,low,0,1,224_799,2
E0386337_3,agricultural_burning,low,0,1,224_800,2
E0386338_2,agricultural_burning,low,0,1,224_800,2
E0386348_2,agricultural_burning,low,0,1,224_801,2
E0386350_2,agricultural_burning,low,0,1,224_801,2
E0386362_1,mining_activity,medium,1,1,224_803,3
E0386393_2,agricultural_burning,low,0,1,224_813,3
E0386467_1,agricultural_burning,low,0,1,224_855,3
E0386521_2,agricultural_burning,low,0,1,224_873,1
E0386522_2,agricultural_burning,low,0,1,224_873,1
E0386565_1,agricultural_burning,low,0,1,224_926,1
E0386582_1,agricultural_burning,low,0,1,224_932,2
E0386605_1,agricultural_burning,low,0,1,224_936,1
E0386625_1,agricultural_burning,low,0,1,224_939,1
E0386637_2,agricultural_burning,low,0,1,224_940,1
E0386638_2,agricultural_burning,low,0,1,224_940,1
E0386639_1,agricultural_burning,low,0,1,224_940,1
E0386661_1,agricultural_burning,low,0,1,224_944,0
E0386681_1,agricultural_burning,low,0,1,224_946,3
E0386743_1,agricultural_burning,low,0,1,224_962,2
E0386755_1,agricultural_burning,low,0,1,224_964,3
E0386774_1,agricultural_burning,low,0,1,224_966,0
E0386784_1,agricultural_burning,low,0,1,224_967,0
E0386852_1,agricultural_burning,low,0,1,224_737,0
E0386907_1,agricultural_burning,low,0,1,224_760,0
E0387000_4,agricultural_burning,low,0,1,224_775,4
E0387012_1,agricultural_burning,low,0,1,224_784,1
E0387050_2,agricultural_burning,low,0,1,224_796,2
E0387053_1,agricultural_burning,low,0,1,224_796,2
E0387054_2,agricultural_burning,low,0,1,224_796,2
E0387055_2,agricultural_burning,low,0,1,224_796,2
E0387078_3,agricultural_burning,low,0,1,224_799,2
E0387079_1,agricultural_burning,low,0,1,224_799,2
E0387090_1,agricultural_burning,low,0,1,224_801,2
E0387317_1,agricultural_burning,low,0,1,224_924,3
E0387341_1,agricultural_burning,low,0,1,224_926,1
E0387345_1,agricultural_burning,low,0,1,224_928,1
E0387410_1,agricultural_burning,low,0,1,224_940,1
E0387412_2,agricultural_burning,low,0,1,224_940,1
E0387414_1,agricultural_burning,low,0,1,224_940,1
E0387452_1,agricultural_burning,low,0,1,224_945,2
E0387480_1,agricultural_burning,low,0,1,224_951,2
E0387553_1,agricultural_burning,low,0,1,224_965,3
E0387553_2,agricultural_burning,low,0,1,224_965,3
E0387563_1,agricultural_burning,low,0,1,224_966,0
E0387569_1,agricultural_burning,low,0,1,224_967,0
E0387583_1,agricultural_burning,low,0,1,224_969,4
E0387741_1,agricultural_burning,low,0,1,224_771,3
E0387742_1,agricultural_burning,low,0,1,224_771,3
E0387754_1,agricultural_burning,low,0,1,224_772,3
E0387764_1,agricultural_burning,low,0,1,224_774,2
E0387774_1,agricultural_burning,low,0,1,224_775,4
E0387775_2,agricultural_burning,low,0,1,224_775,4
E0387841_2,agricultural_burning,low,0,1,224_796,2
E0387849_2,agricultural_burning,low,0,1,224_796,2
E0387849_3,agricultural_burning,low,0,1,224_796,2
E0387855_2,agricultural_burning,low,0,1,224_797,1
E0387859_3,agricultural_burning,low,0,1,224_797,1
E0387881_3,agricultural_burning,low,0,1,224_800,2
E0387886_3,agricultural_burning,low,0,1,224_801,2
E0387887_2,agricultural_burning,low,0,1,224_801,2
E0388158_1,agricultural_burning,low,0,1,224_930,4
E0388159_1,agricultural_burning,low,0,1,224_930,4
E0388197_1,agricultural_burning,low,0,1,224_937,0
E0388215_1,agricultural_burning,low,0,1,224_939,1
E0388217_2,agricultural_burning,low,0,1,224_940,1
E0388220_1,agricultural_burning,low,0,1,224_940,1
E0388223_1,agricultural_burning,low,0,1,224_940,1
E0388224_1,agricultural_burning,low,0,1,224_940,1
E0388230_2,agricultural_burning,low,0,1,224_941,4
E0388232_1,agricultural_burning,low,0,1,224_941,4
E0388233_1,agricultural_burning,low,0,1,224_941,4
E0388234_1,agricultural_burning,low,0,1,224_942,0
E0388259_2,agricultural_burning,low,0,1,224_945,2
E0388365_2,agricultural_burning,low,0,1,224_965,3
E0388367_1,agricultural_burning,low,0,1,224_965,3
E0388378_1,agricultural_burning,low,0,1,224_967,0
E0388443_1,agricultural_burning,low,0,1,224_742,0
E0388547_2,agricultural_burning,low,0,1,224_772,3
E0388561_1,agricultural_burning,low,0,1,224_773,4
E0388606_1,agricultural_burning,low,0,1,224_790,4
E0388713_1,agricultural_burning,low,0,1,224_811,1
E0388717_1,agricultural_burning,low,0,1,224_812,3
E0388737_1,agricultural_burning,low,0,1,224_821,1
E0388869_2,agricultural_burning,low,0,1,224_868,4
E0388903_1,agricultural_burning,low,0,1,224_922,2
E0388974_1,agricultural_burning,low,0,1,224_937,0
E0389008_1,agricultural_burning,low,0,1,224_941,4
E0389008_3,agricultural_burning,low,0,1,224_941,4
E0389014_1,agricultural_burning,low,0,1,224_942,0
E0389053_2,agricultural_burning,low,0,1,224_947,4
E0389115_4,agricultural_burning,low,0,1,224_963,3
E0389135_1,agricultural_burning,low,0,1,224_965,3
E0389317_1,agricultural_burning,low,0,1,224_771,3
E0389343_2,agricultural_burning,low,0,1,224_774,2
E0389425_3,agricultural_burning,low,0,1,224_798,3
E0389506_2,agricultural_burning,low,0,1,224_822,2
E0389625_1,agricultural_burning,low,0,1,224_871,1
E0389652_1,agricultural_burning,low,0,1,224_923,3
E0389667_1,agricultural_burning,low,0,1,224_925,4
E0389751_1,agricultural_burning,low,0,1,224_939,1
E0389752_2,agricultural_burning,low,0,1,224_940,1
E0389759_1,agricultural_burning,low,0,1,224_940,1
E0389798_2,agricultural_burning,low,0,1,224_946,3
E0389900_2,agricultural_burning,low,0,1,224_964,3
E0390076_1,agricultural_burning,low,0,1,224_766,1
E0390108_1,agricultural_burning,low,0,1,224_772,3
E0390133_1,agricultural_burning,low,0,1,224_776,3
E0390133_2,agricultural_burning,low,0,1,224_776,3
E0390176_2,agricultural_burning,low,0,1,224_794,2
E0390211_1,agricultural_burning,low,0,1,224_799,2
E0390226_1,agricultural_burning,low,0,1,224_801,2
E0390273_1,agricultural_burning,low,0,1,224_813,3
E0390288_1,agricultural_burning,low,0,1,224_821,1
E0390389_2,agricultural_burning,low,0,1,224_868,4
E0390418_2,agricultural_burning,low,0,1,224_880,2
E0390422_5,agricultural_burning,low,0,1,224_907,3
E0390422_7,agricultural_burning,low,0,1,224_907,3
E0390425_12,agricultural_burning,low,0,1,224_917,0
E0390464_1,agricultural_burning,low,0,1,224_927,1
E0390485_1,agricultural_burning,low,0,1,224_931,1
E0390489_1,agricultural_burning,low,0,1,224_931,1
E0390498_2,agricultural_burning,low,0,1,224_934,2
E0390499_2,agricultural_burning,low,0,1,224_934,2
E0390502_1,agricultural_burning,low,0,1,224_935,1
E0390532_1,agricultural_burning,low,0,1,224_939,1
E0390534_2,agricultural_burning,low,0,1,224_939,1
E0390536_1,agricultural_burning,low,0,1,224_940,1
E0390537_1,agricultural_burning,low,0,1,224_940,1
E0390589_1,agricultural_burning,low,0,1,224_947,4
E0390645_2,agricultural_burning,low,0,1,224_961,0
E0390650_1,agricultural_burning,low,0,1,224_962,2
E0390657_1,agricultural_burning,low,0,1,224_962,2
E0390672_2,agricultural_burning,low,0,1,224_964,3
E0390683_1,agricultural_burning,low,0,1,224_965,3
E0390686_1,agricultural_burning,low,0,1,224_965,3
E0390693_2,agricultural_burning,low,0,1,224_967,0
E0390763_1,agricultural_burning,low,0,1,224_742,0
E0390833_1,agricultural_burning,low,0,1,224_763,0
E0390835_1,agricultural_burning,low,0,1,224_763,0
E0390872_1,agricultural_burning,low,0,1,224_771,3
E0390872_2,agricultural_burning,low,0,1,224_771,3
E0390900_1,agricultural_burning,low,0,1,224_775,4
E0390949_1,agricultural_burning,low,0,1,224_794,2
E0390971_2,agricultural_burning,low,0,1,224_797,1
E0390974_1,agricultural_burning,low,0,1,224_798,3
E0390995_2,agricultural_burning,low,0,1,224_800,2
E0391205_1,agricultural_burning,low,0,1,224_924,3
E0391227_1,agricultural_burning,low,0,1,224_926,1
E0391232_1,agricultural_burning,low,0,1,224_927,1
E0391237_1,agricultural_burning,low,0,1,224_928,1
E0391261_2,agricultural_burning,low,0,1,224_934,2
E0391291_1,agricultural_burning,low,0,1,224_939,1
E0391292_1,agricultural_burning,low,0,1,224_939,1
E0391296_1,agricultural_burning,low,0,1,224_939,1
E0391307_1,agricultural_burning,low,0,1,224_941,4
E0391338_1,agricultural_burning,low,0,1,224_945,2
E0391346_1,agricultural_burning,low,0,1,224_946,3
E0391347_1,agricultural_burning,low,0,1,224_946,3
E0391356_1,agricultural_burning,low,0,1,224_947,4
E0391450_2,agricultural_burning,low,0,1,224_965,3
E0391473_1,agricultural_burning,low,0,1,224_969,4
E0391513_1,agricultural_burning,low,0,1,224_738,1
E0391596_1,agricultural_burning,low,0,1,224_764,3
E0391631_1,agricultural_burning,low,0,1,224_773,4
E0391641_2,agricultural_burning,low,0,1,224_774,2
E0391642_2,agricultural_burning,low,0,1,224_774,2
E0391710_1,agricultural_burning,low,0,1,225_794,4
E0391777_1,agricultural_burning,low,0,1,225_804,0
E0391793_1,agricultural_burning,low,0,1,225_810,3
E0391833_2,agricultural_burning,low,0,1,224_822,2
E0391902_2,agricultural_burning,low,0,1,225_855,4
E0391977_1,agricultural_burning,low,0,1,224_925,4
E0391993_1,agricultural_burning,low,0,1,224_928,1
E0392028_1,agricultural_burning,low,0,1,225_933,0
E0392055_1,agricultural_burning,low,0,1,225_937,1
E0392074_1,agricultural_burning,low,0,1,224_939,1
E0392079_1,agricultural_burning,low,0,1,225_940,3
E0392128_1,agricultural_burning,low,0,1,224_946,3
E0392137_2,agricultural_burning,low,0,1,225_947,3
E0392229_1,agricultural_burning,low,0,1,225_963,3
E0392259_1,agricultural_burning,low,0,1,225_967,3
E0392274_1,agricultural_burning,low,0,1,225_969,1
E0392320_1,agricultural_burning,low,0,1,225_739,1
E0392321_1,agricultural_burning,low,0,1,225_739,1
E0392324_1,agricultural_burning,low,0,1,225_739,1
E0392382_2,agricultural_burning,low,0,1,225_761,4
E0392433_1,agricultural_burning,low,0,1,225_772,2
E0392439_1,agricultural_burning,low,0,1,225_773,4
E0392440_1,agricultural_burning,low,0,1,225_773,4
E0392444_3,agricultural_burning,low,0,1,225_774,3
E0392450_1,agricultural_burning,low,0,1,225_774,3
E0392461_1,agricultural_burning,low,0,1,225_776,2
E0392530_1,agricultural_burning,low,0,1,225_796,0
E0392543_2,agricultural_burning,low,0,1,225_799,4
E0392611_2,agricultural_burning,low,0,1,225_816,1
E0392638_2,agricultural_burning,low,0,1,225_822,2
E0392810_1,agricultural_burning,low,0,1,225_928,4
E0392815_1,agricultural_burning,low,0,1,225_929,1
E0392825_1,agricultural_burning,low,0,1,225_930,2
E0392847_1,agricultural_burning,low,0,1,225_934,0
E0392887_1,agricultural_burning,low,0,1,225_940,3
E0392893_1,agricultural_burning,low,0,1,225_941,4
E0392919_1,agricultural_burning,low,0,1,225_945,0
E0392923_1,agricultural_burning,low,0,1,225_946,0
E0392926_1,agricultural_burning,low,0,1,225_946,0
E0392997_1,agricultural_burning,low,0,1,225_960,0
E0393006_1,agricultural_burning,low,0,1,225_961,1
E0393009_1,agricultural_burning,low,0,1,225_962,0
E0393019_1,agricultural_burning,low,0,1,225_963,3
E0393065_1,agricultural_burning,low,0,1,225_969,1
E0393066_1,agricultural_burning,low,0,1,225_969,1
E0393151_1,agricultural_burning,low,0,1,225_755,2
E0393215_1,agricultural_burning,low,0,1,225_771,4
E0393229_1,agricultural_burning,low,0,1,225_773,4
E0393246_1,agricultural_burning,low,0,1,225_775,3
E0393288_1,agricultural_burning,low,0,1,225_790,0
E0393297_1,agricultural_burning,low,0,1,225_794,4
E0393327_1,agricultural_burning,low,0,1,225_798,3
E0393335_3,agricultural_burning,low,0,1,225_800,2
E0393534_1,agricultural_burning,low,0,1,225_924,2
E0393596_1,agricultural_burning,low,0,1,225_932,0
E0393598_1,agricultural_burning,low,0,1,225_932,0
E0393623_1,agricultural_burning,low,0,1,225_936,2
E0393655_1,agricultural_burning,low,0,1,225_941,4
E0393687_1,agricultural_burning,low,0,1,225_945,0
E0393783_1,agricultural_burning,low,0,1,225_962,0
E0393790_1,agricultural_burning,low,0,1,225_963,3
E0393792_2,agricultural_burning,low,0,1,225_963,3
E0393868_1,agricultural_burning,low,0,1,225_739,1
E0393958_1,agricultural_burning,low,0,1,225_772,2
E0393962_2,agricultural_burning,low,0,1,225_772,2
E0394073_2,agricultural_burning,low,0,1,225_800,2
E0394108_1,agricultural_burning,low,0,1,225_815,2
E0394126_1,agricultural_burning,low,0,1,225_818,4
E0394270_1,agricultural_burning,low,0,1,225_917,1
E0394298_1,agricultural_burning,low,0,1,225_926,4
E0394308_1,agricultural_burning,low,0,1,225_927,2
E0394311_1,agricultural_burning,low,0,1,225_927,2
E0394313_1,agricultural_burning,low,0,1,225_928,4
E0394328_1,agricultural_burning,low,0,1,225_930,2
E0394329_1,agricultural_burning,low,0,1,225_930,2
E0394333_1,agricultural_burning,low,0,1,225_931,0
E0394334_1,agricultural_burning,low,0,1,225_931,0
E0394347_1,agricultural_burning,low,0,1,225_933,0
E0394394_1,agricultural_burning,low,0,1,225_941,4
E0394394_3,agricultural_burning,low,0,1,225_941,4
E0394396_1,agricultural_burning,low,0,1,225_941,4
E0394528_3,agricultural_burning,low,0,1,225_963,3
E0394532_2,agricultural_burning,low,0,1,225_964,2
E0394533_1,agricultural_burning,low,0,1,225_964,2
E0394652_1,agricultural_burning,low,0,1,225_764,2
E0394663_2,agricultural_burning,low,0,1,225_766,0
E0394721_2,agricultural_burning,low,0,1,225_776,2
E0394770_2,agricultural_burning,low,0,1,225_796,0
E0394986_12,agricultural_burning,low,0,1,225_916,4
E0394986_13,agricultural_burning,low,0,1,225_917,1
E0394986_3,agricultural_burning,low,0,1,225_916,4
E0394986_8,agricultural_burning,low,0,1,225_917,1
E0395013_2,agricultural_burning,low,0,1,225_926,4
E0395016_2,agricultural_burning,low,0,1,225_926,4
E0395018_1,agricultural_burning,low,0,1,225_927,2
E0395021_1,agricultural_burning,low,0,1,225_927,2
E0395022_1,agricultural_burning,low,0,1,225_927,2
E0395041_1,agricultural_burning,low,0,1,225_931,0
E0395048_1,agricultural_burning,low,0,1,225_932,0
E0395049_1,agricultural_burning,low,0,1,225_932,0
E0395075_1,agricultural_burning,low,0,1,225_936,2
E0395103_2,agricultural_burning,low,0,1,225_940,3
E0395120_1,agricultural_burning,low,0,1,225_942,1
E0395137_1,agricultural_burning,low,0,1,225_945,0
E0395139_1,agricultural_burning,low,0,1,225_946,0
E0395145_1,agricultural_burning,low,0,1,225_946,0
E0395149_1,agricultural_burning,low,0,1,225_947,3
E0395205_2,agricultural_burning,low,0,1,225_957,0
E0395229_1,agricultural_burning,low,0,1,225_962,0
E0395244_2,agricultural_burning,low,0,1,225_963,3
E0395320_1,industrial_fire,low,0,1,225_734,1
E0395421_1,agricultural_burning,low,0,1,225_772,2
E0395457_2,agricultural_burning,low,0,1,225_776,2
E0395459_1,agricultural_burning,low,0,1,225_776,2
E0395469_1,agricultural_burning,low,0,1,225_778,4
E0395514_2,agricultural_burning,low,0,1,225_798,3
E0395530_2,agricultural_burning,low,0,1,225_800,2
E0395586_1,agricultural_burning,low,0,1,225_817,0
E0395609_1,agricultural_burning,low,0,1,225_822,2
E0395620_2,agricultural_burning,low,0,1,225_826,3
E0395751_1,agricultural_burning,low,0,1,225_926,4
E0395762_1,agricultural_burning,low,0,1,225_927,2
E0395775_1,agricultural_burning,low,0,1,225_929,1
E0395784_1,agricultural_burning,low,0,1,225_930,2
E0395787_1,agricultural_burning,low,0,1,225_931,0
E0395788_1,agricultural_burning,low,0,1,225_931,0
E0395797_1,agricultural_burning,low,0,1,225_932,0
E0395826_1,agricultural_burning,low,0,1,225_936,2
E0395848_1,agricultural_burning,low,0,1,225_940,3
E0395858_2,agricultural_burning,low,0,1,225_941,4
E0395859_1,agricultural_burning,low,0,1,225_941,4
E0395974_1,agricultural_burning,low,0,1,225_963,3
E0395976_2,agricultural_burning,low,0,1,225_963,3
E0395978_1,agricultural_burning,low,0,1,225_963,3
E0396163_1,agricultural_burning,low,0,1,225_773,4
E0396171_3,agricultural_burning,low,0,1,225_774,3
E0396180_2,agricultural_burning,low,0,1,225_775,3
E0396247_1,agricultural_burning,low,0,1,225_798,3
E0396275_1,agricultural_burning,low,0,1,225_804,0
E0396276_1,agricultural_burning,low,0,1,225_804,0
E0396282_1,agricultural_burning,low,0,1,225_804,0
E0396284_1,agricultural_burning,low,0,1,225_806,4
E0396465_1,agricultural_burning,low,0,1,225_924,2
E0396469_1,agricultural_burning,low,0,1,225_924,2
E0396485_2,agricultural_burning,low,0,1,225_926,4
E0396506_1,agricultural_burning,low,0,1,225_930,2
E0396515_1,agricultural_burning,low,0,1,225_932,0
E0396530_1,agricultural_burning,low,0,1,225_934,0
E0396548_2,agricultural_burning,low,0,1,225_937,1
E0396564_1,agricultural_burning,low,0,1,225_940,3
E0396579_1,agricultural_burning,low,0,1,225_943,1
E0396606_1,agricultural_burning,low,0,1,225_947,3
E0396812_2,agricultural_burning,low,0,1,225_759,1
E0396872_1,agricultural_burning,low,0,1,225_772,2
E0396881_1,agricultural_burning,low,0,1,225_773,4
E0396885_1,agricultural_burning,low,0,1,225_774,3
E0396890_3,agricultural_burning,low,0,1,225_774,3
E0396895_4,agricultural_burning,low,0,1,225_775,3
E0396909_4,agricultural_burning,low,0,1,225_776,2
E0397006_2,agricultural_burning,low,0,1,225_814,3
E0397169_2,agricultural_burning,low,0,1,225_917,1
E0397208_1,agricultural_burning,low,0,1,225_927,2
E0397214_1,agricultural_burning,low,0,1,225_928,4
E0397225_1,agricultural_burning,low,0,1,225_930,2
E0397240_1,agricultural_burning,low,0,1,225_932,0
E0397265_1,agricultural_burning,low,0,1,225_937,1
E0397292_1,agricultural_burning,low,0,1,225_941,4
E0397412_1,agricultural_burning,low,0,1,225_963,3
E0397498_2,industrial_fire,low,0,1,225_749,0
E0397586_1,agricultural_burning,low,0,1,225_772,2
E0397597_2,agricultural_burning,low,0,1,225_773,4
E0397598_2,agricultural_burning,low,0,1,225_774,3
E0397601_1,agricultural_burning,low,0,1,225_774,3
E0397605_2,agricultural_burning,low,0,1,225_774,3
E0397611_3,agricultural_burning,low,0,1,225_775,3
E0397716_2,agricultural_burning,low,0,1,225_807,0
E0397744_1,agricultural_burning,low,0,1,225_818,4
E0397774_1,agricultural_burning,low,0,1,225_825,3
E0397834_5,agricultural_burning,low,0,1,225_858,3
E0397839_1,agricultural_burning,low,0,1,225_860,4
E0397913_2,agricultural_burning,low,0,1,225_927,2
E0397983_1,agricultural_burning,low,0,1,225_937,1
E0397986_1,agricultural_burning,low,0,1,225_937,1
E0398009_2,agricultural_burning,low,0,1,225_941,4
E0398010_1,agricultural_burning,low,0,1,225_941,4
E0398131_2,agricultural_burning,low,0,1,225_963,3
E0398132_1,agricultural_burning,low,0,1,225_963,3
E0398134_1,agricultural_burning,low,0,1,225_963,3
E0398136_1,agricultural_burning,low,0,1,225_964,2
E0398217_2,agricultural_burning,low,0,1,225_750,2
E0398275_2,agricultural_burning,low,0,1,225_763,0
E0398282_2,agricultural_burning,low,0,1,225_764,2
E0398315_1,agricultural_burning,low,0,1,225_772,2
E0398326_1,agricultural_burning,low,0,1,225_773,4
E0398347_1,agricultural_burning,low,0,1,225_776,2
E0398357_1,agricultural_burning,low,0,1,225_777,3
E0398391_1,agricultural_burning,low,0,1,225_790,0
E0398445_1,agricultural_burning,low,0,1,225_805,2
E0398502_2,agricultural_burning,low,0,1,225_824,3
E0398561_3,agricultural_burning,low,0,0,225_859,3
E0398605_1,agricultural_burning,low,0,1,225_927,2
E0398605_2,agricultural_burning,low,0,1,225_927,2
E0398617_1,agricultural_burning,low,0,1,225_929,1
E0398624_1,agricultural_burning,low,0,1,225_931,0
E0398627_1,agricultural_burning,low,0,1,225_931,0
E0398647_1,agricultural_burning,low,0,1,225_934,0
E0398757_1,agricultural_burning,low,0,1,225_952,1
E0398782_2,agricultural_burning,low,0,1,225_955,2
E0398821_1,agricultural_burning,low,0,1,225_962,0
E0398829_1,agricultural_burning,low,0,1,225_963,3
E0398832_2,agricultural_burning,low,0,1,225_963,3
E0398852_1,agricultural_burning,low,0,1,225_968,2
E0398925_2,agricultural_burning,low,0,1,225_752,0
E0398935_1,agricultural_burning,low,0,1,225_753,2
E0398994_2,agricultural_burning,low,0,1,226_764,1
E0399035_1,agricultural_burning,low,0,1,226_774,2
E0399038_1,agricultural_burning,low,0,1,226_774,2
E0399050_2,agricultural_burning,low,0,1,226_776,3
E0399052_1,agricultural_burning,low,0,1,226_776,3
E0399057_1,agricultural_burning,low,0,1,226_776,3
E0399058_1,agricultural_burning,low,0,1,226_776,3
E0399061_3,agricultural_burning,low,0,1,225_777,3
E0399070_2,industrial_fire,low,0,1,225_778,4
E0399071_2,industrial_fire,low,0,1,225_778,4
E0399094_1,agricultural_burning,low,0,1,226_788,3
E0399179_1,agricultural_burning,low,0,1,226_817,4
E0399267_6,agricultural_burning,low,0,1,225_859,3
E0399380_1,agricultural_burning,low,0,1,225_932,0
E0399436_1,agricultural_burning,low,0,1,226_939,1
E0399445_1,agricultural_burning,low,0,1,225_941,4
E0399564_3,agricultural_burning,low,0,1,226_962,0
E0399681_2,agricultural_burning,low,0,1,226_753,2
E0399691_1,agricultural_burning,low,0,1,226_755,0
E0399734_1,agricultural_burning,low,0,1,226_763,2
E0399802_1,agricultural_burning,low,0,1,226_775,2
E0399818_3,agricultural_burning,low,0,1,226_777,0
E0399828_1,agricultural_burning,low,0,1,226_778,3
E0399829_1,agricultural_burning,low,0,1,226_778,3
E0399829_3,agricultural_burning,low,0,1,226_778,3
E0399907_2,agricultural_burning,low,0,1,226_803,0
E0400005_2,agricultural_burning,low,0,1,226_859,4
E0400120_1,agricultural_burning,low,0,1,226_934,0
E0400159_1,agricultural_burning,low,0,1,226_939,1
E0400305_2,agricultural_burning,low,0,1,226_962,0
E0400306_2,agricultural_burning,low,0,1,226_962,0
E0400313_1,agricultural_burning,low,0,1,226_963,2
E0400315_1,agricultural_burning,low,0,1,226_963,2
E0400318_1,agricultural_burning,low,0,1,226_963,2
E0400319_1,agricultural_burning,low,0,1,226_963,2
E0400322_1,agricultural_burning,low,0,1,226_964,2
E0400411_1,industrial_fire,low,0,1,226_752,0
E0400425_2,agricultural_burning,low,0,1,226_754,3
E0400430_1,agricultural_burning,low,0,1,226_754,3
E0400459_1,agricultural_burning,low,0,1,226_762,2
E0400509_1,agricultural_burning,low,0,1,226_773,4
E0400511_2,agricultural_burning,low,0,1,226_773,4
E0400513_1,agricultural_burning,low,0,1,226_773,4
E0400536_2,agricultural_burning,low,0,1,226_776,3
E0400544_1,agricultural_burning,low,0,1,226_777,0
E0400545_1,agricultural_burning,low,0,1,226_777,0
E0400547_2,agricultural_burning,low,0,1,226_777,0
E0400560_1,agricultural_burning,low,0,1,226_779,3
E0400631_1,agricultural_burning,low,0,1,226_803,0
E0400671_1,agricultural_burning,low,0,1,226_819,0
E0400676_2,agricultural_burning,low,0,1,226_819,0
E0400837_1,agricultural_burning,low,0,1,226_931,4
E0400853_1,agricultural_burning,low,0,1,226_934,0
E0400879_1,agricultural_burning,low,0,1,226_937,1
E0400883_1,agricultural_burning,low,0,1,226_938,4
E0400938_1,agricultural_burning,low,0,1,226_946,3
E0401033_3,agricultural_burning,low,0,1,226_961,1
E0401036_1,agricultural_burning,low,0,1,226_961,1
E0401039_2,agricultural_burning,low,0,1,226_962,0
E0401046_1,agricultural_burning,low,0,1,226_963,2
E0401048_2,agricultural_burning,low,0,1,226_963,2
E0401052_1,agricultural_burning,low,0,1,226_963,2
E0401073_1,agricultural_burning,low,0,1,226_969,2
E0401118_1,agricultural_burning,low,0,1,226_741,1
E0401136_2,agricultural_burning,low,0,1,226_751,4
E0401137_1,agricultural_burning,low,0,1,226_751,4
E0401152_2,agricultural_burning,low,0,1,226_753,2
E0401175_1,agricultural_burning,low,0,1,226_761,4
E0401200_1,agricultural_burning,low,0,1,226_765,0
E0401231_1,agricultural_burning,low,0,1,226_773,4
E0401233_3,agricultural_burning,low,0,1,226_773,4
E0401238_1,agricultural_burning,low,0,1,226_774,2
E0401245_2,agricultural_burning,low,0,1,226_775,2
E0401256_1,agricultural_burning,low,0,1,226_776,3
E0401267_1,agricultural_burning,low,0,1,226_777,0
E0401268_1,agricultural_burning,low,0,1,226_777,0
E0401269_2,agricultural_burning,low,0,1,226_777,0
E0401275_2,agricultural_burning,low,0,1,226_778,3
E0401276_1,agricultural_burning,low,0,1,226_778,3
E0401283_2,agricultural_burning,low,0,1,226_778,3
E0401406_1,agricultural_burning,low,0,1,226_820,2
E0401494_1,agricultural_burning,low,0,1,226_861,1
E0401494_2,agricultural_burning,low,0,1,226_861,1
E0401495_7,agricultural_burning,medium,1,1,226_861,1
E0401553_1,agricultural_burning,low,0,1,226_924,2
E0401573_1,agricultural_burning,low,0,1,226_927,4
E0401574_1,agricultural_burning,low,0,1,226_927,4
E0401575_1,agricultural_burning,low,0,1,226_927,4
E0401597_1,agricultural_burning,low,0,1,226_933,0
E0401607_1,agricultural_burning,low,0,1,226_934,0
E0401669_1,agricultural_burning,low,0,1,226_942,2
E0401672_1,agricultural_burning,low,0,1,226_942,2
E0401709_2,agricultural_burning,low,0,1,226_949,2
E0401786_2,agricultural_burning,low,0,1,226_963,2
E0401787_1,agricultural_burning,low,0,1,226_963,2
E0401888_1,agricultural_burning,low,0,1,226_753,2
E0401909_1,agricultural_burning,low,0,1,226_761,4
E0401931_1,agricultural_burning,low,0,1,226_765,0
E0401976_1,agricultural_burning,low,0,1,226_774,2
E0402000_1,agricultural_burning,low,0,1,226_776,3
E0402003_2,agricultural_burning,low,0,1,226_776,3
E0402005_1,agricultural_burning,low,0,1,226_777,0
E0402005_2,agricultural_burning,low,0,1,226_777,0
E0402009_3,agricultural_burning,low,0,1,226_777,0
E0402011_1,agricultural_burning,low,0,1,226_778,3
E0402013_2,agricultural_burning,low,0,1,226_778,3
E0402015_1,agricultural_burning,low,0,1,226_778,3
E0402027_1,agricultural_burning,low,0,1,226_779,3
E0402032_1,agricultural_burning,low,0,1,226_780,1
E0402102_2,agricultural_burning,low,0,1,226_803,0
E0402300_2,agricultural_burning,low,0,1,226_924,2
E0402322_1,agricultural_burning,low,0,1,226_927,4
E0402323_1,agricultural_burning,medium,1,1,226_927,4
E0402324_1,agricultural_burning,low,0,1,226_927,4
E0402325_1,agricultural_burning,low,0,1,226_927,4
E0402339_1,agricultural_burning,low,0,1,226_931,4
E0402399_1,agricultural_burning,low,0,1,226_939,1
E0402455_2,agricultural_burning,low,0,1,226_947,2
E0402545_1,agricultural_burning,low,0,1,226_961,1
E0402551_1,agricultural_burning,low,0,1,226_962,0
E0402553_2,agricultural_burning,low,0,1,226_962,0
E0402555_2,agricultural_burning,low,0,1,226_962,0
E0402557_1,agricultural_burning,low,0,1,226_963,2
E0402562_1,agricultural_burning,low,0,1,226_963,2
E0402562_2,agricultural_burning,low,0,1,226_963,2
E0402630_2,agricultural_burning,low,0,1,226_748,2
E0402643_2,agricultural_burning,low,0,1,226_751,4
E0402646_1,agricultural_burning,low,0,1,226_752,0
E0402695_2,agricultural_burning,low,0,1,226_762,2
E0402713_1,agricultural_burning,low,0,1,226_766,4
E0402740_2,agricultural_burning,low,0,1,226_772,3
E0402747_1,agricultural_burning,low,0,1,226_773,4
E0402766_2,agricultural_burning,low,0,1,226_775,2
E0402768_3,agricultural_burning,low,0,1,226_776,3
E0402769_1,agricultural_burning,low,0,1,226_776,3
E0402770_4,agricultural_burning,low,0,1,226_776,3
E0402772_1,agricultural_burning,low,0,1,226_776,3
E0402772_3,agricultural_burning,low,0,1,226_776,3
E0402775_1,agricultural_burning,low,0,1,226_776,3
E0402778_2,agricultural_burning,low,0,1,226_777,0
E0402785_2,agricultural_burning,low,0,1,226_777,0
E0402787_1,agricultural_burning,low,0,1,226_778,3
E0402787_2,agricultural_burning,low,0,1,226_778,3
E0402788_1,agricultural_burning,low,0,1,226_778,3
E0402789_1,agricultural_burning,low,0,1,226_778,3
E0402802_1,agricultural_burning,low,0,1,226_779,3
E0402803_2,agricultural_burning,low,0,1,226_780,1
E0402852_1,agricultural_burning,low,0,1,226_793,1
E0402874_2,agricultural_burning,low,0,1,226_803,0
E0402897_1,agricultural_burning,low,0,1,226_816,4
E0402909_1,agricultural_burning,low,0,1,226_819,0
E0403047_1,agricultural_burning,low,0,1,226_923,2
E0403075_2,agricultural_burning,low,0,1,226_927,4
E0403076_1,agricultural_burning,low,0,1,226_927,4
E0403077_1,agricultural_burning,medium,1,1,226_927,4
E0403105_1,agricultural_burning,low,0,1,226_932,3
E0403134_1,agricultural_burning,low,0,1,226_938,4
E0403141_1,agricultural_burning,low,0,1,226_939,1
E0403150_1,agricultural_burning,low,0,1,226_940,4
E0403176_1,agricultural_burning,low,0,1,226_943,3
E0403195_2,agricultural_burning,low,0,1,226_946,3
E0403199_1,agricultural_burning,low,0,1,226_946,3
E0403301_1,agricultural_burning,low,0,1,226_962,0
E0403306_2,agricultural_burning,low,0,1,226_962,0
E0403310_2,agricultural_burning,low,0,1,226_963,2
E0403310_3,agricultural_burning,low,0,1,226_963,2
E0403356_2,agricultural_burning,low,0,1,226_709,1
E0403386_1,industrial_fire,low,0,1,226_750,4
E0403386_2,industrial_fire,medium,1,1,226_749,4
E0403399_1,agricultural_burning,low,0,1,226_752,0
E0403414_1,agricultural_burning,low,0,1,226_754,3
E0403504_2,agricultural_burning,low,0,1,226_773,4
E0403512_2,agricultural_burning,low,0,1,226_774,2
E0403536_1,agricultural_burning,low,0,1,226_776,3
E0403537_3,agricultural_burning,low,0,1,226_777,0
E0403541_1,agricultural_burning,low,0,1,226_777,0
E0403541_2,agricultural_burning,low,0,1,226_777,0
E0403543_1,agricultural_burning,low,0,1,226_777,0
E0403547_1,agricultural_burning,low,0,1,226_777,0
E0403561_1,agricultural_burning,low,0,1,226_779,3
E0403562_1,agricultural_burning,low,0,1,226_779,3
E0403564_1,agricultural_burning,low,0,1,226_779,3
E0403569_1,agricultural_burning,low,0,1,226_780,1
E0403570_1,agricultural_burning,low,0,1,226_780,1
E0403571_3,agricultural_burning,low,0,1,226_780,1
E0403571_4,agricultural_burning,low,0,1,226_780,1
E0403687_1,agricultural_burning,low,0,1,226_816,4
E0403693_1,agricultural_burning,low,0,1,226_817,4
E0403710_2,agricultural_burning,low,0,1,226_821,4
E0403831_2,agricultural_burning,low,0,1,226_873,3
E0403857_2,agricultural_burning,low,0,1,226_919,4
E0403867_2,agricultural_burning,low,0,1,226_922,0
E0403925_1,agricultural_burning,low,0,1,226_934,0
E0403938_1,agricultural_burning,low,0,1,226_935,4
E0403944_1,agricultural_burning,low,0,1,226_937,1
E0403951_1,agricultural_burning,low,0,1,226_938,4
E0403957_1,agricultural_burning,low,0,1,226_939,1
E0404007_1,agricultural_burning,low,0,1,226_946,3
E0404104_2,agricultural_burning,low,0,1,226_962,0
E0404279_1,agricultural_burning,low,0,1,226_773,4
E0404282_1,agricultural_burning,low,0,1,226_773,4
E0404284_4,agricultural_burning,low,0,1,226_773,4
E0404289_1,agricultural_burning,low,0,1,226_774,2
E0404296_1,agricultural_burning,low,0,1,226_775,2
E0404320_1,agricultural_burning,low,0,1,226_777,0
E0404321_1,agricultural_burning,low,0,1,226_777,0
E0404323_1,agricultural_burning,low,0,1,226_777,0
E0404324_1,agricultural_burning,low,0,1,226_778,3
E0404333_1,agricultural_burning,low,0,1,226_779,3
E0404337_1,agricultural_burning,low,0,1,226_780,1
E0404369_1,agricultural_burning,low,0,1,226_785,0
E0404370_1,agricultural_burning,low,0,1,226_785,0
E0404422_1,agricultural_burning,low,0,1,226_794,2
E0404489_1,agricultural_burning,low,0,1,226_821,4
E0404497_1,agricultural_burning,low,0,1,226_823,0
E0404540_1,agricultural_burning,low,0,1,226_839,1
E0404620_1,agricultural_burning,low,0,1,226_874,2
E0404641_1,agricultural_burning,low,0,1,226_916,1
E0404653_1,agricultural_burning,low,0,1,226_922,0
E0404655_1,agricultural_burning,low,0,1,226_922,0
E0404698_1,agricultural_burning,low,0,1,226_931,4
E0404708_1,agricultural_burning,low,0,1,226_932,3
E0404715_1,agricultural_burning,low,0,1,226_934,0
E0404827_1,agricultural_burning,low,0,1,226_950,4
E0404828_1,agricultural_burning,low,0,1,226_950,4
E0404873_1,agricultural_burning,low,0,1,226_959,0
E0404873_3,agricultural_burning,low,0,1,226_959,0
E0404901_2,agricultural_burning,low,0,1,226_963,2
E0405076_1,agricultural_burning,low,0,1,226_773,4
E0405102_1,agricultural_burning,low,0,1,226_776,3
E0405103_3,agricultural_burning,low,0,1,226_776,3
E0405106_2,agricultural_burning,low,0,1,226_776,3
E0405114_1,agricultural_burning,low,0,1,226_777,0
E0405118_3,agricultural_burning,low,0,1,226_778,3
E0405150_1,agricultural_burning,low,0,1,226_782,2
E0405164_1,agricultural_burning,low,0,1,226_785,0
E0405405_1,agricultural_burning,low,0,1,226_922,0
E0405438_1,agricultural_burning,low,0,1,226_929,1
E0405444_1,agricultural_burning,low,0,1,226_930,2
E0405450_1,agricultural_burning,low,0,1,226_931,4
E0405456_1,agricultural_burning,low,0,1,226_932,3
E0405483_2,agricultural_burning,low,0,1,226_936,0
E0405511_2,agricultural_burning,low,0,1,226_940,4
E0405559_1,agricultural_burning,low,0,1,226_947,2
E0405559_2,agricultural_burning,low,0,1,226_946,3
E0405563_2,agricultural_burning,low,0,1,226_947,2
E0405566_1,agricultural_burning,low,0,1,226_947,2
E0405577_1,agricultural_burning,low,0,1,226_949,2
E0405646_1,agricultural_burning,low,0,1,226_961,1
E0405735_1,agricultural_burning,low,0,1,226_754,3
E0405774_2,agricultural_burning,low,0,1,226_766,4
E0405797_2,agricultural_burning,low,0,1,226_771,1
E0405812_2,agricultural_burning,low,0,1,226_773,4
E0405815_2,agricultural_burning,low,0,1,226_773,4
E0405816_1,agricultural_burning,low,0,1,226_774,2
E0405825_1,agricultural_burning,low,0,1,226_774,2
E0405830_1,agricultural_burning,low,0,1,226_775,2
E0405835_2,agricultural_burning,low,0,1,226_775,2
E0405850_1,agricultural_burning,low,0,1,226_777,0
E0405850_3,agricultural_burning,low,0,1,226_777,0
E0405851_1,agricultural_burning,low,0,1,226_777,0
E0405854_2,agricultural_burning,low,0,1,226_778,3
E0405855_1,agricultural_burning,low,0,1,226_778,3
E0405870_1,agricultural_burning,low,0,1,226_779,3
E0405872_1,agricultural_burning,low,0,1,226_779,3
E0405895_1,agricultural_burning,low,0,1,226_782,2
E0405910_2,agricultural_burning,low,0,1,226_785,0
E0405918_2,agricultural_burning,low,0,1,226_786,0
E0406015_1,agricultural_burning,low,0,1,226_820,2
E0406041_1,agricultural_burning,low,0,1,226_831,2
E0406215_1,agricultural_burning,low,0,1,226_932,3
E0406237_2,agricultural_burning,low,0,1,226_935,4
E0406250_1,agricultural_burning,low,0,1,226_937,1
E0406266_1,agricultural_burning,low,0,1,226_939,1
E0406274_1,agricultural_burning,low,0,1,226_940,4
E0406291_1,agricultural_burning,low,0,1,226_942,2
E0406292_1,agricultural_burning,low,0,1,226_943,3
E0406320_1,agricultural_burning,low,0,1,226_947,2
E0406320_2,agricultural_burning,low,0,1,226_947,2
E0406328_1,agricultural_burning,low,0,1,226_948,3
E0406329_1,agricultural_burning,low,0,1,226_948,3
E0406330_1,agricultural_burning,low,0,1,226_948,3
E0406334_1,agricultural_burning,low,0,1,226_949,2
E0406597_2,agricultural_burning,low,0,1,227_773,3
E0406599_1,agricultural_burning,low,0,1,227_773,3
E0406600_1,agricultural_burning,low,0,1,227_773,3
E0406619_1,agricultural_burning,low,0,1,227_775,1
E0406626_1,agricultural_burning,low,0,1,227_776,1
E0406636_1,agricultural_burning,low,0,1,227_777,1
E0406638_1,agricultural_burning,low,0,1,226_777,0
E0406639_1,agricultural_burning,low,0,1,226_777,0
E0406642_1,agricultural_burning,low,0,1,227_778,3
E0406643_1,agricultural_burning,low,0,1,226_778,3
E0406657_1,agricultural_burning,low,0,1,227_779,2
E0406658_1,agricultural_burning,low,0,1,227_779,2
E0406659_2,agricultural_burning,low,0,1,227_780,2
E0406670_1,agricultural_burning,low,0,1,227_781,3
E0406703_1,agricultural_burning,low,0,1,227_785,3
E0406721_1,agricultural_burning,low,0,1,227_789,2
E0406726_1,agricultural_burning,low,0,1,226_790,1
E0406766_1,agricultural_burning,low,0,1,226_802,2
E0406896_1,agricultural_burning,low,0,1,227_871,1
E0406949_1,agricultural_burning,low,0,1,226_924,2
E0407021_1,agricultural_burning,low,0,1,227_937,1
E0407029_1,agricultural_burning,low,0,1,227_938,2
E0407093_1,agricultural_burning,low,0,1,226_947,2
E0407093_2,agricultural_burning,low,0,1,227_947,0
E0407094_2,agricultural_burning,low,0,1,227_948,2
E0407096_2,agricultural_burning,low,0,1,226_948,3
E0407103_1,agricultural_burning,low,0,1,226_949,2
E0407110_1,agricultural_burning,low,0,1,227_950,3
E0407187_1,agricultural_burning,low,0,1,226_962,0
E0407312_3,agricultural_burning,low,0,1,227_765,0
E0407371_1,agricultural_burning,low,0,1,227_774,3
E0407372_1,agricultural_burning,low,0,1,227_774,3
E0407378_2,agricultural_burning,low,0,1,227_775,1
E0407379_3,agricultural_burning,low,0,1,227_775,1
E0407380_2,agricultural_burning,low,0,1,227_775,1
E0407383_2,agricultural_burning,low,0,1,227_776,1
E0407393_3,agricultural_burning,low,0,1,227_777,1
E0407398_1,agricultural_burning,low,0,1,227_778,3
E0407400_1,agricultural_burning,low,0,1,227_778,3
E0407424_2,agricultural_burning,low,0,1,227_781,3
E0407444_2,industrial_fire,medium,1,1,227_783,2
E0407444_3,industrial_fire,medium,1,1,227_783,2
E0407445_1,industrial_fire,low,0,1,227_783,2
E0407451_1,agricultural_burning,low,0,1,227_784,3
E0407451_2,agricultural_burning,low,0,1,227_784,3
E0407499_1,agricultural_burning,low,0,1,227_792,3
E0407692_1,agricultural_burning,low,0,1,227_881,2
E0407735_1,agricultural_burning,low,0,1,227_928,4
E0407790_1,agricultural_burning,low,0,1,227_938,2
E0407797_1,agricultural_burning,low,0,1,227_939,1
E0407847_1,agricultural_burning,low,0,1,227_948,2
E0407847_2,agricultural_burning,low,0,1,227_948,2
E0407856_1,agricultural_burning,low,0,1,227_948,2
E0407944_3,agricultural_burning,low,0,1,227_962,4
E0407963_2,industrial_fire,low,0,1,227_705,0
E0407968_1,industrial_fire,low,0,1,227_714,2
E0407969_1,industrial_fire,low,0,1,227_714,2
E0408014_1,agricultural_burning,low,0,1,227_754,3
E0408021_2,agricultural_burning,low,0,1,227_756,4
E0408063_2,agricultural_burning,low,0,1,227_766,2
E0408099_2,agricultural_burning,low,0,1,227_773,3
E0408106_1,agricultural_burning,low,0,1,227_774,3
E0408111_2,agricultural_burning,low,0,1,227_775,1
E0408112_3,agricultural_burning,low,0,1,227_775,1
E0408134_1,agricultural_burning,low,0,1,227_778,3
E0408135_1,agricultural_burning,low,0,1,227_778,3
E0408138_1,agricultural_burning,low,0,1,227_778,3
E0408140_1,agricultural_burning,low,0,1,227_778,3
E0408140_2,agricultural_burning,low,0,1,227_778,3
E0408144_2,agricultural_burning,low,0,1,227_779,2
E0408171_2,agricultural_burning,low,0,1,227_782,0
E0408248_1,agricultural_burning,low,0,1,227_792,3
E0408512_2,agricultural_burning,low,0,1,227_935,4
E0408513_1,agricultural_burning,low,0,1,227_935,4
E0408520_2,agricultural_burning,low,0,1,227_936,0
E0408592_1,agricultural_burning,low,0,1,227_946,3
E0408596_2,agricultural_burning,low,0,1,227_947,0
E0408601_1,agricultural_burning,low,0,1,227_948,2
E0408610_1,agricultural_burning,low,0,1,227_949,0
E0408680_1,agricultural_burning,low,0,1,227_960,1
E0408682_2,agricultural_burning,low,0,1,227_960,1
E0408730_1,industrial_fire,low,0,1,227_719,2
E0408772_2,agricultural_burning,low,0,1,227_754,3
E0408793_1,agricultural_burning,low,0,1,227_759,1
E0408872_3,agricultural_burning,low,0,1,227_774,3
E0408879_1,agricultural_burning,low,0,1,227_775,1
E0408880_1,agricultural_burning,low,0,1,227_775,1
E0408880_2,agricultural_burning,low,0,1,227_775,1
E0408882_1,agricultural_burning,low,0,1,227_775,1
E0408882_3,agricultural_burning,low,0,1,227_775,1
E0408884_2,agricultural_burning,low,0,1,227_775,1
E0408906_1,agricultural_burning,low,0,1,227_778,3
E0408907_2,agricultural_burning,low,0,1,227_778,3
E0408911_1,agricultural_burning,low,0,1,227_779,2
E0408913_3,agricultural_burning,low,0,1,227_779,2
E0408921_1,agricultural_burning,low,0,1,227_780,2
E0408922_1,agricultural_burning,low,0,1,227_780,2
E0408924_1,agricultural_burning,low,0,1,227_780,2
E0409012_3,agricultural_burning,low,0,1,227_792,3
E0409017_1,agricultural_burning,low,0,1,227_793,0
E0409018_1,agricultural_burning,low,0,1,227_793,0
E0409144_1,industrial_fire,low,0,1,227_863,0
E0409168_1,agricultural_burning,low,0,1,227_872,0
E0409278_1,agricultural_burning,low,0,1,227_936,0
E0409294_1,agricultural_burning,low,0,1,227_938,2
E0409307_1,agricultural_burning,low,0,1,227_939,1
E0409308_1,agricultural_burning,low,0,1,227_939,1
E0409351_1,agricultural_burning,low,0,1,227_947,0
E0409371_2,agricultural_burning,low,0,1,227_951,0
E0409486_1,industrial_fire,low,0,1,227_719,2
E0409486_3,industrial_fire,low,0,1,227_719,2
E0409519_1,agricultural_burning,low,0,1,227_752,2
E0409519_2,agricultural_burning,low,0,1,227_752,2
E0409523_1,agricultural_burning,low,0,1,227_752,2
E0409525_2,agricultural_burning,low,0,1,227_753,3
E0409528_3,agricultural_burning,low,0,1,227_753,3
E0409631_2,agricultural_burning,low,0,1,227_775,1
E0409649_1,agricultural_burning,low,0,1,227_778,3
E0409664_2,agricultural_burning,low,0,1,227_779,2
E0409666_2,agricultural_burning,low,0,1,227_780,2
E0409668_1,agricultural_burning,low,0,1,227_780,2
E0409668_3,agricultural_burning,low,0,1,227_780,2
E0409677_1,agricultural_burning,low,0,1,227_781,3
E0409681_1,agricultural_burning,low,0,1,227_781,3
E0409684_1,agricultural_burning,low,0,1,227_782,0
E0409719_1,agricultural_burning,low,0,1,227_786,4
E0409762_1,agricultural_burning,low,0,1,227_792,3
E0409768_1,agricultural_burning,low,0,1,227_793,0
E0409815_1,agricultural_burning,low,0,1,227_817,4
E0409955_1,agricultural_burning,low,0,1,227_921,2
E0409962_1,agricultural_burning,low,0,1,227_923,1
E0410032_1,agricultural_burning,low,0,1,227_935,4
E0410120_1,agricultural_burning,low,0,1,227_948,2
E0410121_1,agricultural_burning,low,0,1,227_948,2
E0410122_1,agricultural_burning,low,0,1,227_948,2
E0410135_3,agricultural_burning,low,0,1,227_951,0
E0410140_3,agricultural_burning,low,0,1,227_952,4
E0410200_1,agricultural_burning,low,0,1,227_962,4
E0410216_1,industrial_fire,medium,1,1,227_695,3
E0410366_2,agricultural_burning,low,0,1,227_774,3
E0410376_1,agricultural_burning,low,0,1,227_775,1
E0410397_1,agricultural_burning,low,0,1,227_779,2
E0410399_2,agricultural_burning,low,0,1,227_779,2
E0410441_2,agricultural_burning,low,0,1,227_784,3
E0410454_1,agricultural_burning,low,0,1,227_786,4
E0410462_1,agricultural_burning,low,0,1,227_788,2
E0410489_1,agricultural_burning,low,0,1,227_792,3
E0410493_1,agricultural_burning,low,0,1,227_792,3
E0410536_1,agricultural_burning,low,0,1,227_811,3
E0410555_3,agricultural_burning,low,0,1,227_825,3
E0410699_1,agricultural_burning,low,0,1,227_923,1
E0410723_1,agricultural_burning,low,0,1,227_930,3
E0410736_1,agricultural_burning,low,0,1,227_932,3
E0410737_1,agricultural_burning,low,0,1,227_932,3
E0410819_1,agricultural_burning,low,0,1,227_943,2
E0410834_2,agricultural_burning,low,0,1,227_947,0
E0410899_2,agricultural_burning,low,0,1,227_958,1
E0411006_1,agricultural_burning,low,0,1,227_754,3
E0411044_1,industrial_fire,low,0,1,227_761,3
E0411115_1,agricultural_burning,low,0,1,227_775,1
E0411129_1,agricultural_burning,low,0,1,227_778,3
E0411129_3,agricultural_burning,low,0,1,227_778,3
E0411130_1,agricultural_burning,low,0,1,227_778,3
E0411136_2,agricultural_burning,low,0,1,227_778,3
E0411137_1,agricultural_burning,low,0,1,227_778,3
E0411137_2,agricultural_burning,low,0,1,227_779,2
E0411138_1,agricultural_burning,low,0,1,227_779,2
E0411138_2,agricultural_burning,low,0,1,227_779,2
E0411181_1,agricultural_burning,low,0,1,227_784,3
E0411217_1,agricultural_burning,low,0,1,227_789,2
E0411447_1,agricultural_burning,low,0,1,227_916,1
E0411491_1,agricultural_burning,low,0,1,227_929,1
E0411492_1,agricultural_burning,low,0,1,227_930,3
E0411505_1,agricultural_burning,low,0,1,227_932,3
E0411527_1,agricultural_burning,low,0,1,227_936,0
E0411528_1,agricultural_burning,low,0,1,227_936,0
E0411534_1,agricultural_burning,low,0,1,227_937,1
E0411537_1,agricultural_burning,low,0,1,227_938,2
E0411596_2,agricultural_burning,low,0,1,227_947,0
E0411597_1,agricultural_burning,low,0,1,227_947,0
E0411599_2,agricultural_burning,low,0,1,227_947,0
E0411607_1,agricultural_burning,low,0,1,227_948,2
E0411613_1,agricultural_burning,low,0,1,227_948,2
E0411621_1,agricultural_burning,low,0,1,227_950,3
E0411767_1,agricultural_burning,low,0,1,227_754,3
E0411774_1,agricultural_burning,low,0,1,227_755,2
E0411783_3,agricultural_burning,low,0,1,227_759,1
E0411822_1,agricultural_burning,low,0,1,227_768,3
E0411824_1,agricultural_burning,low,0,1,227_768,3
E0411859_1,agricultural_burning,low,0,1,227_775,1
E0411879_3,agricultural_burning,low,0,1,227_778,3
E0411885_3,agricultural_burning,low,0,1,227_778,3
E0411898_3,agricultural_burning,low,0,1,227_780,2
E0411900_1,agricultural_burning,low,0,1,227_780,2
E0411946_1,agricultural_burning,low,0,1,227_785,3
E0411946_2,agricultural_burning,low,0,1,227_785,3
E0411962_1,agricultural_burning,low,0,1,227_787,0
E0412065_1,agricultural_burning,low,0,1,227_830,2
E0412207_1,agricultural_burning,low,0,1,227_929,1
E0412209_1,agricultural_burning,low,0,1,227_929,1
E0412264_1,agricultural_burning,low,0,1,227_938,2
E0412289_1,agricultural_burning,low,0,1,227_941,4
E0412305_1,agricultural_burning,low,0,1,227_944,4
E0412329_1,agricultural_burning,low,0,1,227_948,2
E0412335_2,agricultural_burning,low,0,1,227_948,2
E0412346_1,agricultural_burning,low,0,1,227_951,0
E0412385_1,agricultural_burning,low,0,1,227_959,1
E0412387_2,agricultural_burning,low,0,1,227_959,1
E0412454_1,industrial_fire,medium,1,1,227_723,3
E0412488_1,agricultural_burning,low,0,1,227_754,3
E0412495_1,agricultural_burning,low,0,1,227_756,4
E0412587_2,industrial_fire,medium,1,1,227_776,1
E0412595_1,agricultural_burning,low,0,1,227_778,3
E0412595_3,agricultural_burning,low,0,1,227_778,3
E0412599_1,agricultural_burning,low,0,1,227_778,3
E0412600_1,agricultural_burning,low,0,1,227_778,3
E0412601_1,agricultural_burning,low,0,1,227_778,3
E0412602_1,agricultural_burning,low,0,1,227_778,3
E0412603_1,agricultural_burning,low,0,1,227_778,3
E0412606_1,agricultural_burning,low,0,1,227_779,2
E0412619_1,agricultural_burning,low,0,1,227_780,2
E0412621_3,agricultural_burning,low,0,1,227_780,2
E0412701_1,agricultural_burning,low,0,1,227_792,3
E0412810_1,agricultural_burning,low,0,1,227_853,1
E0412867_2,agricultural_burning,low,0,1,227_875,3
E0412868_2,agricultural_burning,low,0,1,227_875,3
E0412931_1,agricultural_burning,low,0,1,227_929,1
E0412932_1,agricultural_burning,low,0,1,227_929,1
E0412940_1,agricultural_burning,low,0,1,227_930,3
E0412945_1,agricultural_burning,low,0,1,227_932,3
E0412982_1,agricultural_burning,low,0,1,227_939,1
E0412988_1,agricultural_burning,low,0,1,227_939,1
E0413001_1,agricultural_burning,low,0,1,227_941,4
E0413003_1,agricultural_burning,low,0,1,227_941,4
E0413023_1,agricultural_burning,low,0,1,227_946,3
E0413030_2,agricultural_burning,low,0,1,227_947,0
E0413031_1,agricultural_burning,low,0,1,227_947,0
E0413036_2,agricultural_burning,low,0,1,227_947,0
E0413044_1,agricultural_burning,low,0,1,227_948,2
E0413046_1,agricultural_burning,low,0,1,227_948,2
E0413057_1,agricultural_burning,low,0,1,227_950,3
E0413163_2,agricultural_burning,low,0,1,227_709,0
E0413260_1,agricultural_burning,low,0,1,227_766,2
E0413264_1,agricultural_burning,low,0,1,227_766,2
E0413292_2,agricultural_burning,low,0,1,227_774,3
E0413311_1,agricultural_burning,low,0,1,227_777,1
E0413311_2,agricultural_burning,low,0,1,227_777,1
E0413312_1,agricultural_burning,low,0,1,227_778,3
E0413316_1,agricultural_burning,low,0,1,227_778,3
E0413316_3,agricultural_burning,low,0,1,227_778,3
E0413318_1,agricultural_burning,low,0,1,227_778,3
E0413319_1,agricultural_burning,low,0,1,227_778,3
E0413324_1,agricultural_burning,low,0,1,227_779,2
E0413331_2,agricultural_burning,low,0,1,227_779,2
E0413388_1,agricultural_burning,low,0,1,227_786,4
E0413388_2,agricultural_burning,low,0,1,227_786,4
E0413441_1,agricultural_burning,low,0,1,227_799,4
E0413479_1,agricultural_burning,low,0,1,227_825,3
E0413544_2,industrial_fire,medium,1,1,227_862,3
E0413544_3,industrial_fire,medium,1,1,227_862,3
E0413703_1,agricultural_burning,low,0,1,227_941,4
E0413705_1,agricultural_burning,low,0,1,227_941,4
E0413745_1,agricultural_burning,low,0,1,227_948,2
E0413753_1,agricultural_burning,low,0,1,227_949,0
E0413764_1,agricultural_burning,low,0,1,227_950,3
E0413766_1,agricultural_burning,low,0,1,227_950,3
E0413816_1,agricultural_burning,low,0,1,227_958,1
E0413826_2,agricultural_burning,low,0,1,227_960,1
E0413924_2,agricultural_burning,low,0,1,227_756,4
E0414000_3,agricultural_burning,low,0,1,228_773,1
E0414008_1,agricultural_burning,low,0,1,227_774,3
E0414009_1,agricultural_burning,low,0,1,227_774,3
E0414036_2,agricultural_burning,low,0,1,228_778,0
E0414037_1,agricultural_burning,low,0,1,228_778,0
E0414040_2,agricultural_burning,low,0,1,227_778,3
E0414041_1,agricultural_burning,low,0,1,227_778,3
E0414042_1,agricultural_burning,low,0,1,227_779,2
E0414053_1,agricultural_burning,low,0,1,228_780,0
E0414053_3,agricultural_burning,low,0,1,228_780,0
E0414064_1,agricultural_burning,low,0,1,228_781,0
E0414109_3,agricultural_burning,low,0,1,228_786,1
E0414110_1,agricultural_burning,low,0,1,227_786,4
E0414265_6,industrial_fire,medium,1,1,227_862,3
E0414266_2,industrial_fire,medium,1,1,227_862,3
E0414312_1,agricultural_burning,low,0,1,227_919,4
E0414345_2,agricultural_burning,low,0,1,228_927,4
E0414357_1,agricultural_burning,low,0,1,228_929,4
E0414366_1,agricultural_burning,low,0,1,227_931,2
E0414367_1,agricultural_burning,low,0,1,228_931,2
E0414393_1,agricultural_burning,low,0,1,228_937,3
E0414424_1,agricultural_burning,low,0,1,228_941,4
E0414425_2,agricultural_burning,low,0,1,228_941,4
E0414455_1,agricultural_burning,low,0,1,228_947,1
E0414456_2,agricultural_burning,low,0,1,227_947,0
E0414458_1,agricultural_burning,low,0,1,227_947,0
E0414472_1,agricultural_burning,low,0,1,228_948,0
E0414486_2,agricultural_burning,low,0,1,228_950,2
E0414538_1,agricultural_burning,low,0,1,227_959,1
E0414627_1,agricultural_burning,low,0,1,228_752,2
E0414678_1,agricultural_burning,low,0,1,228_765,4
E0414694_1,agricultural_burning,low,0,1,228_768,1
E0414694_2,agricultural_burning,low,0,1,228_768,1
E0414725_2,agricultural_burning,low,0,1,228_774,3
E0414756_1,agricultural_burning,low,0,1,228_778,0
E0414758_3,agricultural_burning,low,0,1,228_778,0
E0414808_2,agricultural_burning,low,0,1,228_784,2
E0414809_1,agricultural_burning,low,0,1,228_784,2
E0414815_2,agricultural_burning,low,0,1,228_785,3
E0414829_1,agricultural_burning,low,0,1,228_786,1
E0414829_2,agricultural_burning,low,0,1,228_786,1
E0414886_1,agricultural_burning,low,0,1,228_799,1
E0415042_1,agricultural_burning,low,0,1,228_875,2
E0415065_1,agricultural_burning,low,0,1,228_916,0
E0415103_2,agricultural_burning,low,0,1,228_927,4
E0415113_1,agricultural_burning,low,0,1,228_929,4
E0415116_1,agricultural_burning,low,0,1,228_929,4
E0415126_1,agricultural_burning,low,0,1,228_931,2
E0415144_1,agricultural_burning,low,0,1,228_936,2
E0415149_1,agricultural_burning,low,0,1,228_937,3
E0415151_2,agricultural_burning,low,0,1,228_937,3
E0415153_1,agricultural_burning,low,0,1,228_937,3
E0415180_1,agricultural_burning,low,0,1,228_941,4
E0415226_1,agricultural_burning,low,0,1,228_949,0
E0415302_1,agricultural_burning,low,0,1,228_959,0
E0415391_1,industrial_fire,low,0,1,228_751,2
E0415435_1,agricultural_burning,low,0,1,228_760,0
E0415459_1,agricultural_burning,low,0,1,228_767,0
E0415469_2,agricultural_burning,low,0,1,228_768,1
E0415480_1,agricultural_burning,low,0,1,228_770,1
E0415482_2,agricultural_burning,low,0,1,228_771,0
E0415483_2,agricultural_burning,low,0,1,228_771,0
E0415534_2,agricultural_burning,low,0,1,228_778,0
E0415535_3,agricultural_burning,low,0,1,228_778,0
E0415555_2,agricultural_burning,low,0,1,228_781,0
E0415594_1,agricultural_burning,low,0,1,228_785,3
E0415599_1,agricultural_burning,low,0,1,228_786,1
E0415798_1,agricultural_burning,low,0,1,228_873,0
E0415907_1,agricultural_burning,low,0,1,228_936,2
E0415919_2,agricultural_burning,low,0,1,228_937,3
E0415922_1,agricultural_burning,low,0,1,228_938,3
E0415931_1,agricultural_burning,low,0,1,228_939,0
E0415932_1,agricultural_burning,low,0,1,228_939,0
E0415945_1,agricultural_burning,low,0,1,228_941,4
E0415947_1,agricultural_burning,low,0,1,228_941,4
E0415948_1,agricultural_burning,low,0,1,228_941,4
E0415949_1,agricultural_burning,low,0,1,228_941,4
E0415991_1,agricultural_burning,low,0,1,228_948,0
E0415991_2,agricultural_burning,low,0,1,228_948,0
E0415996_1,agricultural_burning,low,0,1,228_948,0
E0415999_1,agricultural_burning,low,0,1,228_949,0
E0416000_1,agricultural_burning,low,0,1,228_949,0
E0416009_1,agricultural_burning,low,0,1,228_950,2
E0416010_3,agricultural_burning,low,0,1,228_950,2
E0416011_2,agricultural_burning,low,0,1,228_950,2
E0416018_1,agricultural_burning,low,0,1,228_951,2
E0416018_3,agricultural_burning,low,0,1,228_951,2
E0416020_1,agricultural_burning,low,0,1,228_951,2
E0416223_2,agricultural_burning,low,0,1,228_767,0
E0416249_2,agricultural_burning,low,0,1,228_771,0
E0416274_3,agricultural_burning,low,0,1,228_774,3
E0416294_1,agricultural_burning,low,0,1,228_777,4
E0416296_1,agricultural_burning,low,0,1,228_777,4
E0416297_1,agricultural_burning,low,0,1,228_777,4
E0416303_1,agricultural_burning,low,0,1,228_778,0
E0416305_2,agricultural_burning,low,0,1,228_778,0
E0416338_1,agricultural_burning,low,0,1,228_782,4
E0416347_3,agricultural_burning,low,0,1,228_783,2
E0416362_1,agricultural_burning,low,0,1,228_785,3
E0416363_1,agricultural_burning,low,0,1,228_785,3
E0416363_3,agricultural_burning,low,0,1,228_785,3
E0416364_2,agricultural_burning,low,0,1,228_785,3
E0416364_3,agricultural_burning,low,0,1,228_785,3
E0416368_3,agricultural_burning,low,0,1,228_786,1
E0416369_1,agricultural_burning,low,0,1,228_786,1
E0416374_1,agricultural_burning,low,0,1,228_786,1
E0416471_1,agricultural_burning,low,0,1,228_824,4
E0416570_1,agricultural_burning,low,0,1,228_870,0
E0416659_1,agricultural_burning,low,0,1,228_931,2
E0416708_1,agricultural_burning,low,0,1,228_938,3
E0416727_1,agricultural_burning,low,0,1,228_941,4
E0416727_2,agricultural_burning,low,0,1,228_941,4
E0416728_2,agricultural_burning,low,0,1,228_941,4
E0416732_1,agricultural_burning,low,0,1,228_942,2
E0416763_1,agricultural_burning,low,0,1,228_949,0
E0416776_1,agricultural_burning,low,0,1,228_950,2
E0416776_2,agricultural_burning,low,0,1,228_950,2
E0416835_2,agricultural_burning,low,0,1,228_959,0
E0416845_1,agricultural_burning,low,0,1,228_960,2
E0416848_2,agricultural_burning,low,0,1,228_961,4
E0416858_1,agricultural_burning,low,0,1,228_962,0
E0416926_1,agricultural_burning,low,0,1,228_742,0
E0416962_1,agricultural_burning,low,0,1,228_757,2
E0417014_1,agricultural_burning,low,0,1,228_768,1
E0417020_1,agricultural_burning,low,0,1,228_768,1
E0417025_1,agricultural_burning,low,0,1,228_769,4
E0417036_1,agricultural_burning,low,0,1,228_770,1
E0417055_1,agricultural_burning,low,0,1,228_774,3
E0417055_2,agricultural_burning,low,0,1,228_774,3
E0417057_1,agricultural_burning,low,0,1,228_774,3
E0417076_1,agricultural_burning,low,0,1,228_776,4
E0417100_2,agricultural_burning,low,0,1,228_779,1
E0417140_2,agricultural_burning,low,0,1,228_784,2
E0417151_1,agricultural_burning,low,0,1,228_785,3
E0417152_2,agricultural_burning,low,0,1,228_785,3
E0417158_2,agricultural_burning,low,0,1,228_786,1
E0417163_2,agricultural_burning,low,0,1,228_786,1
E0417191_1,agricultural_burning,low,0,1,228_795,2
E0417442_2,agricultural_burning,low,0,1,228_935,4
E0417448_1,agricultural_burning,low,0,1,228_936,2
E0417505_2,agricultural_burning,low,0,1,228_946,1
E0417514_2,agricultural_burning,low,0,1,228_948,0
E0417515_1,agricultural_burning,low,0,1,228_948,0
E0417570_1,agricultural_burning,low,0,1,228_957,4
E0417589_1,agricultural_burning,low,0,1,228_960,2
E0417589_3,agricultural_burning,low,0,1,228_960,2
E0417694_1,agricultural_burning,low,0,1,228_755,4
E0417732_1,agricultural_burning,low,0,1,228_760,0
E0417760_2,agricultural_burning,low,0,1,228_768,1
E0417780_1,agricultural_burning,low,0,1,228_771,0
E0417782_2,agricultural_burning,low,0,1,228_771,0
E0417786_2,agricultural_burning,low,0,1,228_771,0
E0417798_1,agricultural_burning,low,0,1,228_774,3
E0417828_1,agricultural_burning,low,0,1,228_778,0
E0417876_1,agricultural_burning,low,0,1,228_783,2
E0417878_2,agricultural_burning,low,0,1,228_783,2
E0417895_1,agricultural_burning,low,0,1,228_785,3
E0417898_1,agricultural_burning,low,0,1,228_786,1
E0417977_2,agricultural_burning,low,0,1,228_807,4
E0418098_2,agricultural_burning,low,0,1,228_870,0
E0418100_1,agricultural_burning,low,0,1,228_871,3
E0418102_1,agricultural_burning,low,0,1,228_871,3
E0418113_1,agricultural_burning,low,0,1,228_875,2
E0418248_1,agricultural_burning,low,0,1,228_941,4
E0418249_1,agricultural_burning,low,0,1,228_941,4
E0418249_3,agricultural_burning,low,0,1,228_941,4
E0418287_1,agricultural_burning,low,0,1,228_948,0
E0418294_2,agricultural_burning,low,0,1,228_949,0
E0418303_2,agricultural_burning,low,0,1,228_950,2
E0418314_1,agricultural_burning,low,0,1,228_951,2
E0418349_2,agricultural_burning,low,0,1,228_958,3
E0418357_1,agricultural_burning,low,0,1,228_959,0
E0418452_1,industrial_fire,low,0,1,228_726,0
E0418504_1,agricultural_burning,low,0,1,228_758,3
E0418545_2,agricultural_burning,low,0,1,228_769,4
E0418575_1,agricultural_burning,low,0,1,228_772,3
E0418576_1,agricultural_burning,low,0,1,228_772,3
E0418590_1,agricultural_burning,low,0,1,228_774,3
E0418603_1,agricultural_burning,low,0,1,228_776,4
E0418606_2,agricultural_burning,low,0,1,228_776,4
E0418606_3,agricultural_burning,low,0,1,228_776,4
E0418618_1,agricultural_burning,low,0,1,228_778,0
E0418677_3,agricultural_burning,low,0,1,228_785,3
E0418678_1,agricultural_burning,low,0,1,228_785,3
E0418678_2,agricultural_burning,low,0,1,228_785,3
E0418680_1,agricultural_burning,low,0,1,228_785,3
E0418765_1,agricultural_burning,low,0,1,228_815,1
E0418766_1,agricultural_burning,low,0,1,228_815,1
E0418808_1,agricultural_burning,low,0,1,228_837,2
E0418909_1,agricultural_burning,low,0,1,228_919,3
E0418977_1,agricultural_burning,low,0,1,228_937,3
E0418988_2,agricultural_burning,low,0,1,228_939,0
E0418999_2,agricultural_burning,low,0,1,228_941,4
E0419021_1,agricultural_burning,low,0,1,228_946,1
E0419026_1,agricultural_burning,low,0,1,228_947,1
E0419028_1,agricultural_burning,low,0,1,228_947,1
E0419038_1,agricultural_burning,low,0,1,228_949,0
E0419041_2,agricultural_burning,low,0,1,228_949,0
E0419060_1,agricultural_burning,low,0,1,228_951,2
E0419121_1,agricultural_burning,low,0,1,228_962,0
E0419202_1,agricultural_burning,low,0,1,228_739,2
E0419210_1,agricultural_burning,low,0,1,228_754,0
E0419216_1,agricultural_burning,low,0,1,228_755,4
E0419236_1,agricultural_burning,low,0,1,228_757,2
E0419238_1,agricultural_burning,low,0,1,228_757,2
E0419238_2,agricultural_burning,low,0,1,228_757,2
E0419297_2,agricultural_burning,low,0,1,228_769,4
E0419306_3,agricultural_burning,low,0,1,228_770,1
E0419310_2,agricultural_burning,low,0,1,228_770,1
E0419311_1,agricultural_burning,low,0,1,228_771,0
E0419338_2,agricultural_burning,low,0,1,228_773,1
E0419338_3,agricultural_burning,low,0,1,228_774,3
E0419382_1,agricultural_burning,low,0,1,228_779,1
E0419383_1,agricultural_burning,low,0,1,228_779,1
E0419384_2,agricultural_burning,low,0,1,228_779,1
E0419413_2,agricultural_burning,low,0,1,228_783,2
E0419432_2,agricultural_burning,low,0,1,228_785,3
E0419434_1,agricultural_burning,low,0,1,228_785,3
E0419435_1,agricultural_burning,low,0,1,228_785,3
E0419461_2,agricultural_burning,low,0,1,228_794,3
E0419475_1,agricultural_burning,low,0,1,228_797,0
E0419521_1,agricultural_burning,low,0,1,228_817,4
E0419529_1,agricultural_burning,low,0,1,228_822,3
E0419537_1,agricultural_burning,low,0,1,228_826,3
E0419638_11,agricultural_burning,low,0,1,228_882,2
E0419638_12,agricultural_burning,low,0,1,228_882,2
E0419702_1,agricultural_burning,low,0,1,228_933,2
E0419709_1,agricultural_burning,low,0,1,228_935,4
E0419713_1,agricultural_burning,low,0,1,228_935,4
E0419724_2,agricultural_burning,low,0,1,228_937,3
E0419735_1,agricultural_burning,low,0,1,228_938,3
E0419737_1,agricultural_burning,low,0,1,228_939,0
E0419779_1,agricultural_burning,low,0,1,228_947,1
E0419785_1,agricultural_burning,low,0,1,228_948,0
E0419789_1,agricultural_burning,low,0,1,228_949,0
E0419794_1,agricultural_burning,low,0,1,228_949,0
E0419803_1,agricultural_burning,low,0,1,228_950,2
E0419804_1,agricultural_burning,low,0,1,228_950,2
E0419809_2,agricultural_burning,low,0,1,228_951,2
E0419810_2,agricultural_burning,low,0,1,228_951,2
E0419854_1,agricultural_burning,low,0,1,228_960,2
E0419879_1,agricultural_burning,low,0,1,228_966,0
E0419891_1,agricultural_burning,low,0,1,228_969,3
E0419965_1,agricultural_burning,low,0,1,228_757,2
E0420027_1,agricultural_burning,low,0,1,228_770,1
E0420039_1,agricultural_burning,low,0,1,228_771,0
E0420039_2,agricultural_burning,low,0,1,228_771,0
E0420043_1,agricultural_burning,low,0,1,228_771,0
E0420072_1,agricultural_burning,low,0,1,228_774,3
E0420111_2,agricultural_burning,low,0,1,228_780,0
E0420149_1,agricultural_burning,low,0,1,228_784,2
E0420425_1,agricultural_burning,low,0,1,228_936,2
E0420447_1,agricultural_burning,low,0,1,228_939,0
E0420461_1,agricultural_burning,low,0,1,228_941,4
E0420463_1,agricultural_burning,low,0,1,228_941,4
E0420467_1,agricultural_burning,low,0,1,228_941,4
E0420582_1,agricultural_burning,low,0,1,228_960,2
E0420773_1,agricultural_burning,low,0,1,228_772,3
E0420785_1,agricultural_burning,low,0,1,228_773,1
E0420787_1,agricultural_burning,low,0,1,228_773,1
E0420789_1,agricultural_burning,low,0,1,228_774,3
E0420790_1,agricultural_burning,low,0,1,228_774,3
E0420792_1,agricultural_burning,low,0,1,228_774,3
E0420837_1,agricultural_burning,low,0,1,228_780,0
E0420842_2,agricultural_burning,low,0,1,228_780,0
E0420847_1,agricultural_burning,low,0,1,228_781,0
E0420874_1,agricultural_burning,low,0,1,228_784,2
E0420874_2,agricultural_burning,low,0,1,228_784,2
E0420875_2,agricultural_burning,low,0,1,228_784,2
E0420875_3,agricultural_burning,low,0,1,228_784,2
E0420882_2,agricultural_burning,low,0,1,228_785,3
E0420884_2,agricultural_burning,low,0,1,228_785,3
E0420887_2,agricultural_burning,low,0,1,228_786,1
E0420925_2,agricultural_burning,low,0,1,228_797,0
E0420998_1,agricultural_burning,low,0,1,228_836,4
E0421017_3,agricultural_burning,low,0,1,228_840,2
E0421170_1,agricultural_burning,low,0,1,228_935,4
E0421190_1,agricultural_burning,low,0,1,228_939,0
E0421208_1,agricultural_burning,low,0,1,228_941,4
E0421210_1,agricultural_burning,low,0,1,228_941,4
E0421212_1,agricultural_burning,low,0,1,228_941,4
E0421257_1,agricultural_burning,low,0,1,228_949,0
E0421258_2,agricultural_burning,low,0,1,228_949,0
E0421263_1,agricultural_burning,low,0,1,228_949,0
E0421264_1,agricultural_burning,low,0,1,228_949,0
E0421321_1,agricultural_burning,low,0,1,228_959,0
E0421522_1,agricultural_burning,low,0,1,228_771,0
E0421537_1,agricultural_burning,low,0,1,229_773,0
E0421586_3,agricultural_burning,low,0,1,229_779,4
E0421598_1,agricultural_burning,low,0,1,229_780,0
E0421599_1,agricultural_burning,low,0,1,228_780,0
E0421617_1,agricultural_burning,low,0,1,228_783,2
E0421629_2,agricultural_burning,low,0,1,229_784,0
E0421636_2,agricultural_burning,low,0,1,228_785,3
E0421637_2,agricultural_burning,low,0,1,229_785,2
E0421647_1,agricultural_burning,low,0,1,228_787,3
E0421675_2,agricultural_burning,low,0,1,228_795,2
E0421797_1,agricultural_burning,low,0,1,228_845,3
E0421871_1,agricultural_burning,low,0,1,229_922,1
E0421883_2,agricultural_burning,low,0,1,228_925,0
E0421884_1,agricultural_burning,low,0,1,229_925,0
E0421887_1,agricultural_burning,low,0,1,228_925,0
E0421915_1,agricultural_burning,low,0,1,229_932,3
E0421959_1,agricultural_burning,low,0,1,228_940,1
E0421966_1,agricultural_burning,low,0,1,229_941,3
E0421972_1,agricultural_burning,low,0,1,228_941,4
E0421994_1,agricultural_burning,low,0,1,229_946,2
E0421999_1,agricultural_burning,low,0,1,229_947,4
E0422008_1,agricultural_burning,low,0,1,229_949,2
E0422011_1,agricultural_burning,low,0,1,228_949,0
E0422023_1,agricultural_burning,low,0,1,229_950,3
E0422024_1,agricultural_burning,low,0,1,229_950,3
E0422087_1,agricultural_burning,low,0,1,228_960,2
E0422197_1,agricultural_burning,low,0,1,229_757,0
E0422204_1,agricultural_burning,low,0,1,229_758,0
E0422266_2,agricultural_burning,low,0,1,229_773,0
E0422276_1,agricultural_burning,low,0,1,229_775,3
E0422303_1,agricultural_burning,low,0,1,229_778,0
E0422314_1,agricultural_burning,low,0,1,229_779,4
E0422482_1,agricultural_burning,low,0,1,229_839,3
E0422580_1,agricultural_burning,low,0,1,229_925,0
E0422583_2,agricultural_burning,low,0,1,229_926,0
E0422621_1,agricultural_burning,low,0,1,229_935,1
E0422631_1,agricultural_burning,low,0,1,229_937,4
E0422645_1,agricultural_burning,low,0,1,229_939,3
E0422659_2,agricultural_burning,low,0,1,229_941,3
E0422664_1,agricultural_burning,low,0,1,229_941,3
E0422704_1,agricultural_burning,low,0,1,229_948,0
E0422720_1,agricultural_burning,low,0,1,229_949,2
E0422732_1,agricultural_burning,low,0,1,229_951,2
E0422734_3,agricultural_burning,low,0,1,229_951,2
E0422769_1,agricultural_burning,low,0,1,229_957,1
E0422769_2,agricultural_burning,low,0,1,229_958,0
E0422789_2,agricultural_burning,low,0,1,229_960,4
E0422791_1,agricultural_burning,low,0,1,229_960,4
E0422795_1,agricultural_burning,low,0,1,229_961,4
E0422837_1,industrial_fire,medium,1,1,229_699,3
E0422838_2,agricultural_burning,low,0,1,229_701,1
E0422935_1,agricultural_burning,low,0,1,229_757,0
E0422951_2,industrial_fire,low,0,1,229_760,2
E0422984_1,agricultural_burning,low,0,1,229_772,0
E0422998_1,agricultural_burning,low,0,1,229_774,1
E0423008_1,agricultural_burning,low,0,1,229_775,3
E0423014_2,agricultural_burning,low,0,1,229_776,4
E0423311_1,industrial_fire,low,0,1,229_927,4
E0423331_2,agricultural_burning,low,0,1,229_933,4
E0423332_1,agricultural_burning,medium,1,1,229_933,4
E0423347_1,agricultural_burning,low,0,1,229_935,1
E0423362_1,agricultural_burning,low,0,1,229_938,2
E0423404_1,agricultural_burning,low,0,1,229_945,4
E0423406_1,agricultural_burning,low,0,1,229_945,4
E0423433_1,agricultural_burning,low,0,1,229_949,2
E0423506_1,agricultural_burning,low,0,1,229_960,4
E0423550_2,agricultural_burning,low,0,1,229_696,3
E0423645_2,agricultural_burning,low,0,1,229_756,2
E0423656_1,agricultural_burning,low,0,1,229_757,0
E0423679_1,agricultural_burning,low,0,1,229_764,2
E0423710_3,agricultural_burning,low,0,1,229_773,0
E0423751_1,agricultural_burning,low,0,1,229_778,0
E0423757_1,agricultural_burning,low,0,1,229_779,4
E0423778_1,agricultural_burning,low,0,1,229_782,2
E0423779_1,agricultural_burning,low,0,1,229_782,2
E0423799_2,agricultural_burning,low,0,1,229_784,0
E0423801_1,agricultural_burning,low,0,1,229_785,2
E0423921_2,agricultural_burning,low,0,1,229_840,0
E0423945_2,agricultural_burning,low,0,1,229_856,2
E0424010_1,agricultural_burning,low,0,1,229_924,1
E0424019_1,agricultural_burning,low,0,1,229_925,0
E0424048_1,agricultural_burning,medium,1,1,229_933,4
E0424078_1,agricultural_burning,low,0,1,229_939,3
E0424079_1,agricultural_burning,low,0,1,229_939,3
E0424109_1,agricultural_burning,low,0,1,229_946,2
E0424137_2,agricultural_burning,low,0,1,229_949,2
E0424141_1,agricultural_burning,low,0,1,229_950,3
E0424146_1,agricultural_burning,low,0,1,229_951,2
E0424153_1,agricultural_burning,low,0,1,229_951,2
E0424211_1,agricultural_burning,low,0,1,229_961,4
E0424328_1,agricultural_burning,low,0,1,229_756,2
E0424418_1,agricultural_burning,low,0,1,229_778,0
E0424444_3,agricultural_burning,low,0,1,229_782,2
E0424445_1,agricultural_burning,low,0,1,229_782,2
E0424462_1,agricultural_burning,low,0,1,229_784,0
E0424644_2,agricultural_burning,low,0,1,229_897,3
E0424716_1,agricultural_burning,low,0,1,229_934,1
E0424823_1,agricultural_burning,low,0,1,229_951,2
E0424825_2,agricultural_burning,low,0,1,229_951,2
E0424868_1,agricultural_burning,low,0,1,229_958,0
E0424878_2,agricultural_burning,low,0,1,229_959,0
E0424879_1,agricultural_burning,low,0,1,229_959,0
E0424924_2,industrial_fire,medium,1,1,229_690,2
E0424981_1,agricultural_burning,low,0,1,229_739,1
E0425019_1,agricultural_burning,low,0,1,229_755,4
E0425139_1,agricultural_burning,low,0,1,229_780,0
E0425223_1,agricultural_burning,low,0,1,229_797,3
E0425355_1,agricultural_burning,low,0,1,229_897,3
E0425440_1,agricultural_burning,low,0,1,229_936,4
E0425444_1,agricultural_burning,low,0,1,229_936,4
E0425586_3,agricultural_burning,low,0,1,229_958,0
E0425593_2,agricultural_burning,low,0,1,229_959,0
E0425661_1,agricultural_burning,low,0,1,229_716,2
E0425727_1,agricultural_burning,low,0,1,229_757,0
E0425736_1,agricultural_burning,low,0,1,229_758,0
E0425738_1,agricultural_burning,low,0,1,229_758,0
E0425779_2,agricultural_burning,low,0,1,229_772,0
E0425805_1,agricultural_burning,low,0,1,229_775,3
E0425825_2,agricultural_burning,low,0,1,229_777,0
E0425837_1,agricultural_burning,low,0,1,229_779,4
E0425871_2,agricultural_burning,low,0,1,229_783,4
E0425879_2,agricultural_burning,low,0,1,229_784,0
E0425880_1,agricultural_burning,low,0,1,229_784,0
E0426064_1,agricultural_burning,low,0,1,229_924,1
E0426145_1,agricultural_burning,low,0,1,229_939,3
E0426147_1,agricultural_burning,low,0,1,229_939,3
E0426218_2,agricultural_burning,low,0,1,229_949,2
E0426229_1,agricultural_burning,low,0,1,229_950,3
E0426236_1,agricultural_burning,low,0,1,229_951,2
E0426283_2,agricultural_burning,low,0,1,229_960,4
E0426420_1,agricultural_burning,low,0,1,229_757,0
E0426505_1,agricultural_burning,low,0,1,229_778,0
E0426543_1,agricultural_burning,low,0,1,229_783,4
E0426596_2,agricultural_burning,low,0,1,229_794,1
E0426642_1,agricultural_burning,low,0,1,229_816,3
E0426789_1,agricultural_burning,low,0,1,229_933,4
E0426827_1,agricultural_burning,low,0,1,229_939,3
E0426832_1,agricultural_burning,low,0,1,229_939,3
E0426837_1,agricultural_burning,low,0,1,229_940,0
E0426907_1,agricultural_burning,low,0,1,229_951,2
E0426912_1,agricultural_burning,low,0,1,229_951,2
E0426915_1,agricultural_burning,low,0,1,229_952,3
E0426919_1,agricultural_burning,low,0,1,229_953,2
E0426946_1,agricultural_burning,low,0,1,229_958,0
E0427018_1,industrial_fire,low,0,1,229_697,2
E0427066_1,industrial_fire,low,0,1,229_752,0
E0427150_1,agricultural_burning,low,0,1,229_774,1
E0427152_1,agricultural_burning,low,0,1,229_775,3
E0427166_1,agricultural_burning,low,0,1,229_776,4
E0427178_1,agricultural_burning,low,0,1,229_778,0
E0427225_2,agricultural_burning,low,0,1,229_784,0
E0427279_1,agricultural_burning,low,0,1,229_797,3
E0427293_1,agricultural_burning,low,0,1,229_800,3
E0427448_1,agricultural_burning,low,0,1,229_926,0
E0427517_1,agricultural_burning,low,0,1,229_939,3
E0427545_1,agricultural_burning,low,0,1,229_945,4
E0427578_1,agricultural_burning,low,0,1,229_949,2
E0427579_1,agricultural_burning,low,0,1,229_949,2
E0427583_1,agricultural_burning,low,0,1,229_950,3
E0427586_1,agricultural_burning,low,0,1,229_950,3
E0427590_1,agricultural_burning,low,0,1,229_951,2
E0427619_2,agricultural_burning,low,0,1,229_957,1
E0427841_1,agricultural_burning,low,0,1,229_774,1
E0427845_2,agricultural_burning,low,0,1,229_775,3
E0427846_1,agricultural_burning,low,0,1,229_775,3
E0427848_2,agricultural_burning,low,0,1,229_775,3
E0427853_3,agricultural_burning,low,0,1,229_776,4
E0427855_1,agricultural_burning,low,0,1,229_776,4
E0428089_2,agricultural_burning,low,0,1,229_919,2
E0428116_1,agricultural_burning,low,0,1,229_925,0
E0428125_2,agricultural_burning,low,0,1,229_927,4
E0428172_1,agricultural_burning,low,0,1,229_935,1
E0428191_1,agricultural_burning,low,0,1,229_938,2
E0428224_1,agricultural_burning,low,0,1,229_945,4
E0428237_1,agricultural_burning,low,0,1,229_947,4
E0428238_1,agricultural_burning,low,0,1,229_947,4
E0428255_2,agricultural_burning,low,0,1,229_949,2
E0428260_1,agricultural_burning,low,0,1,229_950,3
E0428261_1,agricultural_burning,low,0,1,229_950,3
E0428318_2,agricultural_burning,low,0,1,229_959,0
E0428325_1,agricultural_burning,low,0,1,229_960,4
E0428327_3,agricultural_burning,low,0,1,229_960,4
E0428352_2,agricultural_burning,low,0,1,229_963,4
E0428495_1,industrial_fire,low,0,1,230_761,2
E0428546_1,agricultural_burning,low,0,1,230_775,4
E0428546_2,agricultural_burning,low,0,1,230_775,4
E0428548_1,agricultural_burning,low,0,1,229_775,3
E0428553_1,agricultural_burning,low,0,1,230_776,3
E0428555_1,agricultural_burning,low,0,1,229_776,4
E0428557_2,agricultural_burning,low,0,1,230_776,3
E0428563_1,agricultural_burning,low,0,1,229_777,0
E0428653_1,agricultural_burning,low,0,1,230_794,4
E0428691_1,agricultural_burning,low,0,1,229_801,2
E0428802_2,agricultural_burning,low,0,1,230_882,0
E0428820_1,agricultural_burning,low,0,1,229_919,2
E0428821_1,agricultural_burning,low,0,1,230_919,2
E0428823_2,agricultural_burning,low,0,1,230_919,2
E0428831_1,agricultural_burning,low,0,1,230_922,2
E0428841_1,agricultural_burning,low,0,1,229_924,1
E0428857_1,agricultural_burning,low,0,1,229_926,0
E0428859_1,agricultural_burning,low,0,1,230_926,4
E0428892_1,agricultural_burning,low,0,1,230_935,1
E0428969_1,agricultural_burning,low,0,1,230_947,2
E0428973_1,agricultural_burning,low,0,1,229_947,4
E0428992_1,agricultural_burning,low,0,1,229_949,2
E0428995_1,agricultural_burning,low,0,1,230_950,0
E0429050_2,agricultural_burning,low,0,1,229_959,0
E0429065_2,agricultural_burning,low,0,1,229_961,4
E0429072_1,agricultural_burning,low,0,1,230_963,0
E0429114_3,agricultural_burning,medium,1,1,230_701,2
E0429114_5,agricultural_burning,medium,1,1,230_701,2
E0429159_1,agricultural_burning,low,0,1,230_753,4
E0429182_1,agricultural_burning,low,0,1,230_758,0
E0429183_1,agricultural_burning,low,0,1,230_758,0
E0429193_1,agricultural_burning,low,0,1,230_759,3
E0429210_2,industrial_fire,low,0,1,230_761,2
E0429263_1,agricultural_burning,low,0,1,230_776,3
E0429267_1,agricultural_burning,low,0,1,230_776,3
E0429297_2,agricultural_burning,low,0,1,230_780,2
E0429614_1,agricultural_burning,low,0,1,230_935,1
E0429617_1,agricultural_burning,low,0,1,230_935,1
E0429637_1,agricultural_burning,low,0,1,230_939,0
E0429639_2,agricultural_burning,low,0,1,230_940,0
E0429670_1,agricultural_burning,low,0,1,230_945,0
E0429683_2,agricultural_burning,low,0,1,230_946,0
E0429690_1,agricultural_burning,low,0,1,230_947,2
E0429710_1,agricultural_burning,low,0,1,230_949,1
E0429712_1,agricultural_burning,low,0,1,230_950,0
E0429721_1,agricultural_burning,low,0,1,230_950,0
E0429761_1,agricultural_burning,low,0,1,230_958,4
E0429799_1,agricultural_burning,low,0,1,230_963,0
E0429803_1,agricultural_burning,low,0,1,230_963,0
E0429835_1,agricultural_burning,low,0,1,230_968,2
E0429836_2,agricultural_burning,low,0,1,230_968,2
E0429851_4,agricultural_burning,medium,1,1,230_701,2
E0429929_1,agricultural_burning,low,0,1,230_758,0
E0429939_1,agricultural_burning,low,0,1,230_759,3
E0429943_1,agricultural_burning,low,0,1,230_760,3
E0429962_1,agricultural_burning,low,0,1,230_764,1
E0429982_1,agricultural_burning,low,0,1,230_775,4
E0429984_2,agricultural_burning,low,0,1,230_775,4
E0429985_1,agricultural_burning,low,0,1,230_775,4
E0429988_3,agricultural_burning,low,0,1,230_775,4
E0429989_1,agricultural_burning,low,0,1,230_776,3
E0429995_1,agricultural_burning,medium,1,1,230_776,3
E0430041_1,agricultural_burning,low,0,1,230_783,2
E0430095_1,agricultural_burning,low,0,1,230_799,4
E0430121_1,agricultural_burning,low,0,1,230_815,0
E0430318_1,agricultural_burning,low,0,1,230_933,2
E0430330_2,agricultural_burning,low,0,1,230_935,1
E0430339_1,agricultural_burning,low,0,1,230_937,3
E0430359_1,agricultural_burning,low,0,1,230_941,3
E0430390_1,agricultural_burning,low,0,1,230_946,0
E0430397_1,agricultural_burning,low,0,1,230_947,2
E0430413_1,agricultural_burning,low,0,1,230_949,1
E0430413_2,agricultural_burning,low,0,1,230_949,1
E0430416_1,agricultural_burning,low,0,1,230_949,1
E0430417_1,agricultural_burning,low,0,1,230_949,1
E0430532_1,agricultural_burning,low,0,1,230_969,0
E0430718_1,agricultural_burning,low,0,1,230_775,4
E0430722_1,agricultural_burning,low,0,1,230_775,4
E0430722_2,agricultural_burning,low,0,1,230_775,4
E0430723_1,agricultural_burning,low,0,1,230_775,4
E0430726_1,agricultural_burning,low,0,1,230_776,3
E0430727_1,agricultural_burning,low,0,1,230_776,3
E0430745_1,agricultural_burning,low,0,1,230_779,0
E0430895_1,agricultural_burning,low,0,1,230_837,4
E0430937_5,agricultural_burning,low,0,1,230_861,0
E0430953_2,agricultural_burning,low,0,1,230_875,4
E0431039_1,agricultural_burning,low,0,1,230_931,1
E0431061_1,agricultural_burning,low,0,1,230_935,1
E0431067_1,agricultural_burning,low,0,1,230_936,2
E0431087_1,agricultural_burning,low,0,1,230_941,3
E0431156_1,agricultural_burning,low,0,1,230_950,0
E0431170_2,agricultural_burning,low,0,1,230_952,3
E0431195_1,agricultural_burning,low,0,1,230_958,4
E0431196_2,agricultural_burning,low,0,1,230_958,4
E0431239_1,agricultural_burning,low,0,1,230_967,4
E0431252_1,agricultural_burning,low,0,1,230_968,2
E0431254_1,agricultural_burning,low,0,1,230_968,2
E0431263_1,industrial_fire,medium,1,1,230_688,2
E0431281_5,agricultural_burning,low,0,1,230_701,2
E0431332_1,agricultural_burning,low,0,1,230_755,0
E0431352_1,agricultural_burning,low,0,1,230_757,1
E0431362_1,agricultural_burning,low,0,1,230_759,3
E0431379_1,industrial_fire,low,0,1,230_761,2
E0431389_2,agricultural_burning,low,0,1,230_765,2
E0431420_1,agricultural_burning,low,0,1,230_775,4
E0431421_1,agricultural_burning,low,0,1,230_775,4
E0431423_1,agricultural_burning,low,0,1,230_775,4
E0431424_1,agricultural_burning,low,0,1,230_775,4
E0431428_1,agricultural_burning,low,0,1,230_775,4
E0431431_1,agricultural_burning,low,0,1,230_776,3
E0431438_1,agricultural_burning,low,0,1,230_776,3
E0431527_1,agricultural_burning,low,0,1,230_797,2
E0431569_1,agricultural_burning,low,0,1,230_816,1
E0431687_1,agricultural_burning,low,0,1,230_920,1
E0431703_1,agricultural_burning,low,0,1,230_923,2
E0431718_2,agricultural_burning,low,0,1,230_925,0
E0431735_1,agricultural_burning,low,0,1,230_928,0
E0431766_1,agricultural_burning,low,0,1,230_935,1
E0431789_1,agricultural_burning,low,0,1,230_941,3
E0431810_2,agricultural_burning,low,0,1,230_945,0
E0431812_1,agricultural_burning,low,0,1,230_945,0
E0431815_1,agricultural_burning,low,0,1,230_945,0
E0431844_1,agricultural_burning,low,0,1,230_949,1
E0431852_1,agricultural_burning,low,0,1,230_950,0
E0431862_1,agricultural_burning,low,0,1,230_952,3
E0431891_1,agricultural_burning,low,0,1,230_958,4
E0431905_1,agricultural_burning,low,0,1,230_960,4
E0431912_1,agricultural_burning,low,0,1,230_961,0
E0431916_1,agricultural_burning,low,0,1,230_963,0
E0431954_1,agricultural_burning,low,0,1,230_968,2
E0432131_3,agricultural_burning,low,0,1,230_775,4
E0432147_3,agricultural_burning,low,0,1,230_776,3
E0432149_3,agricultural_burning,low,0,1,230_776,3
E0432198_1,agricultural_burning,low,0,1,230_790,4
E0432234_1,agricultural_burning,low,0,1,230_797,2
E0432403_1,agricultural_burning,low,0,1,230_923,2
E0432414_1,agricultural_burning,low,0,1,230_924,3
E0432423_1,agricultural_burning,low,0,1,230_925,0
E0432426_1,agricultural_burning,low,0,1,230_926,4
E0432428_1,agricultural_burning,low,0,1,230_926,4
E0432454_1,agricultural_burning,low,0,1,230_933,2
E0432498_1,agricultural_burning,low,0,1,230_942,3
E0432511_1,agricultural_burning,low,0,1,230_944,3
E0432555_1,agricultural_burning,low,0,1,230_950,0
E0432611_1,agricultural_burning,low,0,1,230_960,4
E0432623_1,agricultural_burning,low,0,1,230_963,0
E0432666_1,agricultural_burning,low,0,1,230_968,2
E0432749_1,agricultural_burning,low,0,1,230_756,3
E0432860_1,agricultural_burning,low,0,1,230_776,3
E0432863_1,agricultural_burning,low,0,1,230_776,3
E0432992_1,agricultural_burning,low,0,1,230_802,0
E0432994_1,agricultural_burning,low,0,1,230_803,1
E0433009_1,agricultural_burning,low,0,1,230_811,1
E0433139_1,agricultural_burning,low,0,1,230_920,1
E0433175_1,agricultural_burning,low,0,1,230_925,0
E0433176_2,agricultural_burning,low,0,1,230_925,0
E0433180_1,agricultural_burning,low,0,1,230_926,4
E0433183_2,agricultural_burning,low,0,1,230_926,4
E0433237_1,agricultural_burning,low,0,1,230_937,3
E0433255_1,agricultural_burning,low,0,1,230_941,3
E0433282_1,agricultural_burning,low,0,1,230_945,0
E0433296_1,agricultural_burning,low,0,1,230_948,1
E0433363_2,agricultural_burning,low,0,1,230_959,3
E0433367_2,agricultural_burning,low,0,1,230_960,4
E0433397_1,agricultural_burning,low,0,1,230_964,1
E0433439_2,agricultural_burning,low,0,1,230_968,2
E0433520_1,agricultural_burning,low,0,1,230_756,3
E0433543_1,agricultural_burning,low,0,1,230_759,3
E0433560_2,industrial_fire,low,0,1,230_761,2
E0433596_2,agricultural_burning,low,0,1,230_774,1
E0433599_1,agricultural_burning,low,0,1,230_774,1
E0433611_1,agricultural_burning,low,0,1,230_775,4
E0433614_1,agricultural_burning,low,0,1,230_776,3
E0433620_1,agricultural_burning,low,0,1,230_776,3
E0433622_2,agricultural_burning,low,0,1,230_777,2
E0433623_3,agricultural_burning,low,0,1,230_777,2
E0433628_2,agricultural_burning,low,0,1,230_778,4
E0433661_1,agricultural_burning,low,0,1,230_784,1
E0433926_1,agricultural_burning,low,0,1,230_925,0
E0433937_2,agricultural_burning,low,0,1,230_926,4
E0433938_1,agricultural_burning,low,0,1,230_926,4
E0433976_2,agricultural_burning,low,0,1,230_934,3
E0433977_1,agricultural_burning,low,0,1,230_934,3
E0433983_2,agricultural_burning,low,0,1,230_935,1
E0434007_2,agricultural_burning,low,0,1,230_940,0
E0434038_1,agricultural_burning,low,0,1,230_946,0
E0434042_1,agricultural_burning,low,0,1,230_946,0
E0434055_1,agricultural_burning,low,0,1,230_949,1
E0434058_1,agricultural_burning,low,0,1,230_949,1
E0434128_1,agricultural_burning,low,0,1,230_960,4
E0434171_1,agricultural_burning,low,0,1,230_966,4
E0434174_2,agricultural_burning,low,0,1,230_966,4
E0434192_1,agricultural_burning,low,0,1,230_968,2
E0434280_1,agricultural_burning,low,0,1,230_756,3
E0434307_1,agricultural_burning,low,0,1,230_759,3
E0434377_1,agricultural_burning,low,0,1,230_774,1
E0434378_1,agricultural_burning,low,0,1,230_774,1
E0434502_1,agricultural_burning,low,0,1,230_810,2
E0434694_1,agricultural_burning,low,0,1,230_933,2
E0434696_2,agricultural_burning,low,0,1,230_933,2
E0434706_1,agricultural_burning,low,0,1,230_935,1
E0434754_1,agricultural_burning,low,0,1,230_944,3
E0434759_1,agricultural_burning,low,0,1,230_945,0
E0434786_1,agricultural_burning,low,0,1,230_948,1
E0434788_1,agricultural_burning,low,0,1,230_948,1
E0434808_1,agricultural_burning,low,0,1,230_950,0
E0434815_3,agricultural_burning,low,0,1,230_951,1
E0434817_1,agricultural_burning,low,0,1,230_952,3
E0434821_2,agricultural_burning,low,0,1,230_952,3
E0434858_2,agricultural_burning,low,0,1,230_958,4
E0434879_1,agricultural_burning,low,0,1,230_961,0
E0434883_1,agricultural_burning,low,0,1,230_961,0
E0435000_1,agricultural_burning,low,0,1,230_744,4
E0435049_1,industrial_fire,low,0,1,230_759,3
E0435074_1,industrial_fire,low,0,1,230_762,1
E0435106_1,agricultural_burning,low,0,1,230_773,2
E0435123_1,agricultural_burning,low,0,1,230_775,4
E0435202_1,agricultural_burning,low,0,1,230_797,2
E0435203_1,agricultural_burning,low,0,1,230_798,4
E0435386_1,agricultural_burning,low,0,1,230_920,1
E0435408_1,agricultural_burning,low,0,1,230_925,0
E0435449_1,agricultural_burning,low,0,1,230_934,3
E0435502_1,agricultural_burning,low,0,1,230_944,3
E0435518_1,agricultural_burning,low,0,1,230_946,0
E0435522_2,agricultural_burning,low,0,1,230_947,2
E0435543_1,agricultural_burning,low,0,1,230_950,0
E0435547_1,agricultural_burning,low,0,1,230_950,0
E0435563_2,agricultural_burning,low,0,1,230_952,3
E0435608_1,agricultural_burning,low,0,1,230_958,4
E0435644_2,agricultural_burning,low,0,1,230_963,0
E0435706_3,agricultural_burning,low,0,1,231_701,2
E0435706_5,agricultural_burning,low,0,1,231_701,2
E0435737_1,agricultural_burning,low,0,1,231_736,4
E0435754_1,agricultural_burning,low,0,1,230_745,0
E0435816_2,industrial_fire,low,0,1,231_762,0
E0435817_2,industrial_fire,low,0,1,230_762,1
E0435905_1,agricultural_burning,low,0,1,230_780,2
E0436100_1,agricultural_burning,low,0,1,230_897,4
E0436119_1,agricultural_burning,low,0,1,231_920,4
E0436141_1,agricultural_burning,low,0,1,230_925,0
E0436172_1,agricultural_burning,low,0,1,231_933,0
E0436235_1,agricultural_burning,low,0,1,231_944,0
E0436244_1,agricultural_burning,low,0,1,231_945,2
E0436268_2,agricultural_burning,low,0,1,231_948,1
E0436281_1,agricultural_burning,low,0,1,231_950,3
E0436287_2,agricultural_burning,low,0,1,230_950,0
E0436297_1,agricultural_burning,low,0,1,230_951,1
E0436324_1,agricultural_burning,low,0,1,230_957,0
E0436325_3,agricultural_burning,low,0,1,230_957,0
E0436343_3,agricultural_burning,low,0,1,231_960,0
E0436352_1,agricultural_burning,low,0,1,230_961,0
E0436353_1,agricultural_burning,low,0,1,230_961,0
E0436360_1,agricultural_burning,low,0,1,231_961,1
E0436366_1,agricultural_burning,low,0,1,230_962,1
E0436371_1,agricultural_burning,low,0,1,231_963,0
E0436380_1,agricultural_burning,low,0,1,230_964,1
E0436429_10,agricultural_burning,low,0,1,231_701,2
E0436429_6,agricultural_burning,low,0,1,231_701,2
E0436429_9,agricultural_burning,low,0,1,231_701,2
E0436464_1,agricultural_burning,low,0,1,231_737,4
E0436497_1,agricultural_burning,low,0,1,231_756,3
E0436616_1,agricultural_burning,low,0,1,231_778,1
E0436783_1,agricultural_burning,low,0,1,231_843,1
E0436905_1,agricultural_burning,low,0,1,231_930,0
E0436958_1,agricultural_burning,low,0,1,231_938,0
E0436969_1,agricultural_burning,low,0,1,231_941,3
E0436995_1,agricultural_burning,low,0,1,231_945,2
E0436996_1,agricultural_burning,low,0,1,231_945,2
E0437054_1,agricultural_burning,low,0,1,231_952,0
E0437084_1,agricultural_burning,low,0,1,231_957,4
E0437095_2,agricultural_burning,low,0,1,231_958,1
E0437099_1,agricultural_burning,low,0,1,231_959,3
E0437114_1,agricultural_burning,low,0,1,231_961,1
E0437118_1,agricultural_burning,low,0,1,231_961,1
E0437120_1,agricultural_burning,low,0,1,231_961,1
E0437135_1,agricultural_burning,low,0,1,231_963,0
E0437161_1,agricultural_burning,low,0,1,231_967,3
E0437278_1,industrial_fire,low,0,1,231_762,0
E0437352_1,agricultural_burning,low,0,1,231_778,1
E0437369_2,agricultural_burning,low,0,1,231_781,4
E0437475_1,agricultural_burning,low,0,1,231_828,4
E0437510_1,agricultural_burning,low,0,1,231_843,1
E0437569_1,agricultural_burning,low,0,1,231_919,0
E0437636_1,agricultural_burning,low,0,1,231_935,0
E0437638_1,agricultural_burning,low,0,1,231_935,0
E0437642_2,agricultural_burning,low,0,1,231_936,3
E0437700_1,agricultural_burning,low,0,1,231_944,0
E0437735_1,agricultural_burning,low,0,1,231_948,1
E0437740_1,agricultural_burning,low,0,1,231_948,1
E0437758_1,agricultural_burning,low,0,1,231_950,3
E0437788_1,agricultural_burning,low,0,1,231_956,3
E0437792_2,agricultural_burning,low,0,1,231_956,3
E0437807_1,agricultural_burning,low,0,1,231_958,1
E0437809_1,agricultural_burning,low,0,1,231_959,3
E0437819_1,agricultural_burning,low,0,1,231_960,0
E0437820_2,agricultural_burning,low,0,1,231_960,0
E0437828_2,agricultural_burning,low,0,1,231_961,1
E0437829_1,agricultural_burning,low,0,1,231_961,1
E0437829_3,agricultural_burning,low,0,1,231_961,1
E0437830_2,agricultural_burning,low,0,1,231_961,1
E0437832_1,agricultural_burning,low,0,1,231_961,1
E0437848_1,agricultural_burning,low,0,1,231_963,0
E0437858_1,agricultural_burning,low,0,1,231_965,4
E0437859_1,agricultural_burning,low,0,1,231_965,4
E0437863_1,agricultural_burning,low,0,1,231_966,2
E0437885_2,agricultural_burning,low,0,1,231_968,0
E0437979_2,agricultural_burning,low,0,1,231_756,3
E0438006_2,industrial_fire,low,0,1,231_760,3
E0438007_2,industrial_fire,low,0,1,231_760,3
E0438087_1,agricultural_burning,low,0,1,231_779,3
E0438154_1,agricultural_burning,low,0,1,231_810,3
E0438162_1,agricultural_burning,low,0,1,231_811,4
E0438318_2,agricultural_burning,low,0,1,231_920,4
E0438362_1,agricultural_burning,low,0,1,231_932,1
E0438394_1,agricultural_burning,low,0,1,231_938,0
E0438398_1,agricultural_burning,low,0,1,231_938,0
E0438441_1,agricultural_burning,low,0,1,231_945,2
E0438444_2,agricultural_burning,low,0,1,231_946,4
E0438464_1,agricultural_burning,low,0,1,231_948,1
E0438493_1,agricultural_burning,low,0,1,231_952,0
E0438517_1,agricultural_burning,low,0,1,231_956,3
E0438549_2,agricultural_burning,low,0,1,231_960,0
E0438554_2,agricultural_burning,low,0,1,231_961,1
E0438555_1,agricultural_burning,low,0,1,231_961,1
E0438569_2,agricultural_burning,low,0,1,231_962,2
E0438575_1,agricultural_burning,low,0,1,231_963,0
E0438577_1,agricultural_burning,low,0,1,231_963,0
E0438582_1,agricultural_burning,low,0,1,231_964,4
E0438584_1,agricultural_burning,low,0,1,231_964,4
E0438591_1,agricultural_burning,low,0,1,231_965,4
E0438596_1,agricultural_burning,low,0,1,231_966,2
E0438599_1,agricultural_burning,low,0,1,231_966,2
E0438602_1,agricultural_burning,low,0,1,231_966,2
E0438730_1,agricultural_burning,low,0,1,231_759,3
E0438753_1,industrial_fire,low,0,1,231_763,1
E0438798_1,agricultural_burning,low,0,1,231_776,2
E0438805_1,agricultural_burning,low,0,1,231_777,0
E0438821_1,agricultural_burning,low,0,1,231_780,4
E0438834_1,agricultural_burning,low,0,1,231_782,4
E0438910_2,agricultural_burning,low,0,1,231_810,3
E0438911_1,agricultural_burning,low,0,1,231_810,3
E0438919_1,agricultural_burning,low,0,1,231_811,4
E0438998_1,agricultural_burning,low,0,1,231_854,1
E0439053_1,agricultural_burning,low,0,1,231_896,3
E0439077_1,agricultural_burning,low,0,1,231_920,4
E0439186_1,agricultural_burning,low,0,1,231_942,1
E0439232_1,agricultural_burning,low,0,1,231_948,1
E0439246_1,agricultural_burning,low,0,1,231_950,3
E0439251_1,agricultural_burning,low,0,1,231_950,3
E0439261_2,agricultural_burning,low,0,1,231_952,0
E0439299_1,agricultural_burning,low,0,1,231_958,1
E0439316_1,agricultural_burning,low,0,1,231_960,0
E0439325_1,agricultural_burning,low,0,1,231_961,1
E0439327_1,agricultural_burning,low,0,1,231_961,1
E0439361_1,agricultural_burning,low,0,1,231_966,2
E0439362_1,agricultural_burning,low,0,1,231_966,2
E0439363_1,agricultural_burning,low,0,1,231_966,2
E0439378_1,agricultural_burning,low,0,1,231_967,3
E0439387_2,agricultural_burning,low,0,1,231_968,0
E0439395_1,agricultural_burning,low,0,1,231_969,3
E0439400_1,industrial_fire,low,0,1,231_687,1
E0439460_2,agricultural_burning,low,0,1,231_756,3
E0439466_2,agricultural_burning,low,0,1,231_757,0
E0439478_1,agricultural_burning,low,0,1,231_759,3
E0439534_2,agricultural_burning,low,0,1,231_773,1
E0439549_2,agricultural_burning,low,0,1,231_776,2
E0439589_1,agricultural_burning,low,0,1,231_782,4
E0439644_3,agricultural_burning,low,0,1,231_796,0
E0439650_1,agricultural_burning,low,0,1,231_797,3
E0439685_1,agricultural_burning,low,0,1,231_810,3
E0439687_1,agricultural_burning,low,0,1,231_810,3
E0439754_1,agricultural_burning,low,0,1,231_842,0
E0439923_2,agricultural_burning,low,0,1,231_935,0
E0439940_1,agricultural_burning,low,0,1,231_938,0
E0439952_1,agricultural_burning,low,0,1,231_939,1
E0439953_1,agricultural_burning,low,0,1,231_939,1
E0440028_1,agricultural_burning,low,0,1,231_950,3
E0440034_1,agricultural_burning,low,0,1,231_951,2
E0440072_1,agricultural_burning,low,0,1,231_956,3
E0440086_1,agricultural_burning,low,0,1,231_958,1
E0440088_3,agricultural_burning,low,0,1,231_958,1
E0440100_2,agricultural_burning,low,0,1,231_961,1
E0440102_2,agricultural_burning,low,0,1,231_961,1
E0440117_1,agricultural_burning,low,0,1,231_963,0
E0440138_1,agricultural_burning,low,0,1,231_966,2
E0440140_1,agricultural_burning,low,0,1,231_966,2
E0440142_1,agricultural_burning,low,0,1,231_966,2
E0440151_3,agricultural_burning,low,0,1,231_967,3
E0440155_1,agricultural_burning,low,0,1,231_967,3
E0440165_1,agricultural_burning,low,0,1,231_968,0
E0440232_1,agricultural_burning,low,0,1,231_757,0
E0440242_2,agricultural_burning,low,0,1,231_759,3
E0440303_3,agricultural_burning,low,0,1,231_775,4
E0440374_1,agricultural_burning,low,0,1,231_785,4
E0440375_1,agricultural_burning,low,0,1,231_785,4
E0440377_1,agricultural_burning,low,0,1,231_785,4
E0440413_1,agricultural_burning,low,0,1,231_795,4
E0440423_1,agricultural_burning,low,0,1,231_796,0
E0440424_1,agricultural_burning,low,0,1,231_797,3
E0440424_2,agricultural_burning,low,0,1,231_796,0
E0440430_2,agricultural_burning,low,0,1,231_797,3
E0440431_2,agricultural_burning,low,0,1,231_797,3
E0440431_3,agricultural_burning,low,0,1,231_797,3
E0440432_1,agricultural_burning,low,0,1,231_797,3
E0440437_2,agricultural_burning,low,0,1,231_798,1
E0440461_1,agricultural_burning,low,0,1,231_810,3
E0440471_1,agricultural_burning,low,0,1,231_812,0
E0440720_1,agricultural_burning,low,0,1,231_941,3
E0440773_1,agricultural_burning,low,0,1,231_949,1
E0440788_1,agricultural_burning,low,0,1,231_951,2
E0440791_1,agricultural_burning,low,0,1,231_952,0
E0440793_1,agricultural_burning,low,0,1,231_952,0
E0440813_1,agricultural_burning,low,0,1,231_955,4
E0440838_1,agricultural_burning,low,0,1,231_958,1
E0440852_2,agricultural_burning,low,0,1,231_960,0
E0440858_1,agricultural_burning,low,0,1,231_961,1
E0440859_3,agricultural_burning,low,0,1,231_961,1
E0440878_1,agricultural_burning,low,0,1,231_963,0
E0440889_1,agricultural_burning,low,0,1,231_964,4
E0440909_3,agricultural_burning,low,0,1,231_966,2
E0440928_1,agricultural_burning,low,0,1,231_969,3
E0440929_1,agricultural_burning,low,0,1,231_969,3
E0441033_1,industrial_fire,low,0,1,231_763,1
E0441053_1,agricultural_burning,low,0,1,231_770,4
E0441058_2,agricultural_burning,low,0,1,231_771,0
E0441072_1,agricultural_burning,low,0,1,231_775,4
E0441075_3,agricultural_burning,low,0,1,231_775,4
E0441081_3,agricultural_burning,low,0,1,231_776,2
E0441100_1,agricultural_burning,low,0,1,231_779,3
E0441141_2,agricultural_burning,low,0,1,231_786,2
E0441181_1,agricultural_burning,low,0,1,231_796,0
E0441182_1,agricultural_burning,low,0,1,231_796,0
E0441185_1,agricultural_burning,low,0,1,231_796,0
E0441186_1,agricultural_burning,low,0,1,231_797,3
E0441186_2,agricultural_burning,low,0,1,231_796,0
E0441187_1,agricultural_burning,low,0,1,231_797,3
E0441188_1,agricultural_burning,low,0,1,231_797,3
E0441189_1,agricultural_burning,low,0,1,231_797,3
E0441190_1,agricultural_burning,low,0,1,231_797,3
E0441191_1,agricultural_burning,low,0,1,231_797,3
E0441191_2,agricultural_burning,low,0,1,231_797,3
E0441192_2,agricultural_burning,low,0,1,231_797,3
E0441193_1,agricultural_burning,low,0,1,231_797,3
E0441195_2,agricultural_burning,low,0,1,231_797,3
E0441196_1,agricultural_burning,low,0,1,231_798,1
E0441250_1,agricultural_burning,low,0,1,231_821,0
E0441378_2,agricultural_burning,low,0,1,231_920,4
E0441408_1,agricultural_burning,low,0,1,231_926,4
E0441409_1,agricultural_burning,low,0,1,231_926,4
E0441410_1,agricultural_burning,low,0,1,231_926,4
E0441438_1,agricultural_burning,low,0,1,231_933,0
E0441449_1,agricultural_burning,low,0,1,231_935,0
E0441467_1,agricultural_burning,low,0,1,231_938,0
E0441481_3,agricultural_burning,low,0,1,231_939,1
E0441501_1,agricultural_burning,low,0,1,231_942,1
E0441523_1,agricultural_burning,low,0,1,231_946,4
E0441524_1,agricultural_burning,low,0,1,231_946,4
E0441525_1,agricultural_burning,low,0,1,231_946,4
E0441571_1,agricultural_burning,low,0,1,231_954,4
E0441580_2,agricultural_burning,low,0,1,231_955,4
E0441581_1,agricultural_burning,low,0,1,231_955,4
E0441595_1,agricultural_burning,low,0,1,231_957,4
E0441597_3,agricultural_burning,low,0,1,231_957,4
E0441634_3,agricultural_burning,low,0,1,231_963,0
E0441644_1,agricultural_burning,low,0,1,231_964,4
E0441649_1,agricultural_burning,low,0,1,231_964,4
E0441653_1,agricultural_burning,low,0,1,231_965,4
E0441664_4,agricultural_burning,low,0,1,231_966,2
E0441672_1,agricultural_burning,low,0,1,231_967,3
E0441673_3,agricultural_burning,low,0,1,231_968,0
E0441679_1,agricultural_burning,low,0,1,231_968,0
E0441684_1,agricultural_burning,low,0,1,231_969,3
E0441685_1,agricultural_burning,low,0,1,231_969,3
E0441830_2,agricultural_burning,low,0,1,231_776,2
E0441867_2,agricultural_burning,low,0,1,231_781,4
E0441868_1,agricultural_burning,low,0,1,231_781,4
E0441885_1,agricultural_burning,low,0,1,231_785,4
E0441888_2,agricultural_burning,low,0,1,231_786,2
E0441898_1,agricultural_burning,low,0,1,231_787,4
E0441915_1,agricultural_burning,low,0,1,231_792,4
E0441916_1,agricultural_burning,low,0,1,231_792,4
E0441934_1,agricultural_burning,low,0,1,231_796,0
E0441939_1,agricultural_burning,low,0,1,231_796,0
E0441940_1,agricultural_burning,low,0,1,231_796,0
E0441944_2,agricultural_burning,low,0,1,231_797,3
E0441947_3,agricultural_burning,low,0,1,231_797,3
E0441948_1,agricultural_burning,low,0,1,231_797,3
E0441948_2,agricultural_burning,low,0,1,231_797,3
E0441951_1,agricultural_burning,low,0,1,231_797,3
E0441952_1,agricultural_burning,low,0,1,231_797,3
E0441952_2,agricultural_burning,low,0,1,231_797,3
E0441953_1,agricultural_burning,low,0,1,231_797,3
E0441955_1,agricultural_burning,low,0,1,231_798,1
E0441958_1,agricultural_burning,low,0,1,231_798,1
E0441959_2,agricultural_burning,low,0,1,231_798,1
E0442012_3,agricultural_burning,low,0,1,231_823,4
E0442179_1,agricultural_burning,low,0,1,231_926,4
E0442245_1,agricultural_burning,low,0,1,231_939,1
E0442245_3,agricultural_burning,low,0,1,231_939,1
E0442246_1,agricultural_burning,low,0,1,231_939,1
E0442268_1,agricultural_burning,low,0,1,231_944,0
E0442276_1,agricultural_burning,low,0,1,231_945,2
E0442309_1,agricultural_burning,low,0,1,231_950,3
E0442313_1,agricultural_burning,low,0,1,231_950,3
E0442316_1,agricultural_burning,low,0,1,231_951,2
E0442319_1,agricultural_burning,low,0,1,231_951,2
E0442323_1,agricultural_burning,low,0,1,231_952,0
E0442326_1,agricultural_burning,low,0,1,231_952,0
E0442341_1,agricultural_burning,low,0,1,231_954,4
E0442343_2,agricultural_burning,low,0,1,231_955,4
E0442344_1,agricultural_burning,low,0,1,231_955,4
E0442344_2,agricultural_burning,low,0,1,231_955,4
E0442364_2,agricultural_burning,low,0,1,231_957,4
E0442365_1,agricultural_burning,low,0,1,231_957,4
E0442374_1,agricultural_burning,low,0,1,231_958,1
E0442376_1,agricultural_burning,low,0,1,231_959,3
E0442379_1,agricultural_burning,low,0,1,231_959,3
E0442406_1,agricultural_burning,low,0,1,231_963,0
E0442429_1,agricultural_burning,low,0,1,231_966,2
E0442437_1,agricultural_burning,low,0,1,231_967,3
E0442450_1,agricultural_burning,low,0,1,231_968,0
E0442548_1,industrial_fire,low,0,1,231_762,0
E0442549_1,industrial_fire,low,0,1,231_762,0
E0442595_1,agricultural_burning,low,0,1,231_776,2
E0442610_1,agricultural_burning,low,0,1,231_777,0
E0442618_1,agricultural_burning,low,0,1,231_778,1
E0442622_1,agricultural_burning,low,0,1,231_779,3
E0442655_1,agricultural_burning,low,0,1,231_786,2
E0442656_3,agricultural_burning,low,0,1,231_786,2
E0442685_1,agricultural_burning,low,0,1,231_792,4
E0442701_1,agricultural_burning,low,0,1,231_796,0
E0442708_1,agricultural_burning,low,0,1,231_797,3
E0442710_1,agricultural_burning,low,0,1,231_797,3
E0442714_1,agricultural_burning,low,0,1,231_798,1
E0442715_3,agricultural_burning,low,0,1,231_798,1
E0442717_3,agricultural_burning,low,0,1,231_798,1
E0442722_1,agricultural_burning,low,0,1,231_798,1
E0442800_1,agricultural_burning,low,0,1,231_837,2
E0442884_1,agricultural_burning,low,0,1,231_918,0
E0442908_2,agricultural_burning,low,0,1,231_924,0
E0442925_1,agricultural_burning,low,0,1,231_926,4
E0442928_1,agricultural_burning,low,0,1,231_926,4
E0442982_1,agricultural_burning,low,0,1,231_939,1
E0442986_1,agricultural_burning,low,0,1,231_939,1
E0442986_3,agricultural_burning,low,0,1,231_939,1
E0442992_1,agricultural_burning,low,0,1,231_941,3
E0443019_1,agricultural_burning,low,0,1,231_945,2
E0443041_1,agricultural_burning,low,0,1,231_950,3
E0443042_1,agricultural_burning,low,0,1,231_950,3
E0443044_2,agricultural_burning,low,0,1,231_950,3
E0443075_1,agricultural_burning,low,0,1,231_955,4
E0443104_2,agricultural_burning,low,0,1,231_959,3
E0443122_1,agricultural_burning,low,0,1,231_961,1
E0443122_2,agricultural_burning,low,0,1,231_961,1
E0443125_1,agricultural_burning,low,0,1,231_961,1
E0443128_2,agricultural_burning,low,0,1,231_962,2
E0443141_1,agricultural_burning,low,0,1,231_964,4
E0443149_1,agricultural_burning,low,0,1,231_965,4
E0443150_1,agricultural_burning,low,0,1,231_965,4
E0443165_2,agricultural_burning,low,0,1,231_966,2
E0443169_1,agricultural_burning,low,0,1,231_967,3
E0443236_1,agricultural_burning,low,0,1,232_757,4
E0443293_1,agricultural_burning,low,0,1,232_774,2
E0443299_1,agricultural_burning,low,0,1,232_775,0
E0443307_3,agricultural_burning,low,0,1,231_776,2
E0443414_1,agricultural_burning,low,0,1,231_797,3
E0443415_1,agricultural_burning,low,0,1,232_797,3
E0443415_2,agricultural_burning,low,0,1,231_797,3
E0443417_1,agricultural_burning,low,0,1,232_797,3
E0443418_1,agricultural_burning,low,0,1,232_797,3
E0443418_2,agricultural_burning,low,0,1,231_797,3
E0443419_1,agricultural_burning,low,0,1,232_797,3
E0443420_1,agricultural_burning,low,0,1,231_797,3
E0443422_1,agricultural_burning,low,0,1,231_797,3
E0443424_1,agricultural_burning,low,0,1,232_797,3
E0443426_1,agricultural_burning,low,0,1,231_798,1
E0443426_2,agricultural_burning,low,0,1,231_798,1
E0443427_1,agricultural_burning,low,0,1,231_798,1
E0443427_2,agricultural_burning,low,0,1,232_798,4
E0443429_1,agricultural_burning,low,0,1,232_798,4
E0443448_1,agricultural_burning,low,0,1,231_808,0
E0443485_1,agricultural_burning,low,0,1,232_823,4
E0443637_1,agricultural_burning,low,0,1,232_924,0
E0443695_1,agricultural_burning,low,0,1,231_937,2
E0443721_1,agricultural_burning,low,0,1,231_941,3
E0443744_1,agricultural_burning,low,0,1,232_946,1
E0443779_1,agricultural_burning,low,0,1,231_951,2
E0443790_1,agricultural_burning,low,0,1,232_952,2
E0443793_1,agricultural_burning,low,0,1,232_952,2
E0443823_1,agricultural_burning,low,0,1,232_957,4
E0443832_2,agricultural_burning,low,0,1,232_958,1
E0443837_1,agricultural_burning,low,0,1,232_958,1
E0443839_1,agricultural_burning,low,0,1,231_959,3
E0443851_1,agricultural_burning,low,0,1,231_960,0
E0443869_1,agricultural_burning,low,0,1,232_963,1
E0443880_1,agricultural_burning,low,0,1,231_964,4
E0443978_1,agricultural_burning,low,0,1,232_757,4
E0444001_1,agricultural_burning,low,0,1,232_764,2
E0444061_3,agricultural_burning,low,0,1,232_778,4
E0444080_1,agricultural_burning,low,0,1,232_782,2
E0444108_1,agricultural_burning,low,0,1,232_787,0
E0444110_1,agricultural_burning,low,0,1,232_787,0
E0444122_1,agricultural_burning,low,0,1,232_790,3
E0444149_2,agricultural_burning,low,0,1,232_796,2
E0444150_1,agricultural_burning,low,0,1,232_797,3
E0444151_1,agricultural_burning,low,0,1,232_797,3
E0444152_1,agricultural_burning,low,0,1,232_797,3
E0444158_1,agricultural_burning,low,0,1,232_798,4
E0444158_2,agricultural_burning,low,0,1,232_798,4
E0444159_1,agricultural_burning,low,0,1,232_798,4
E0444159_2,agricultural_burning,low,0,1,232_798,4
E0444161_4,agricultural_burning,low,0,1,232_798,4
E0444164_4,agricultural_burning,low,0,1,232_798,4
E0444171_1,agricultural_burning,low,0,1,232_800,1
E0444264_1,agricultural_burning,low,0,1,232_853,1
E0444382_1,agricultural_burning,low,0,1,232_933,1
E0444388_2,agricultural_burning,low,0,1,232_935,1
E0444405_1,agricultural_burning,low,0,1,232_937,1
E0444414_1,agricultural_burning,low,0,1,232_939,2
E0444415_1,agricultural_burning,low,0,1,232_939,2
E0444467_1,agricultural_burning,low,0,1,232_948,0
E0444484_1,agricultural_burning,low,0,1,232_951,2
E0444485_1,agricultural_burning,low,0,1,232_951,2
E0444488_2,agricultural_burning,low,0,1,232_951,2
E0444522_2,agricultural_burning,low,0,1,232_955,0
E0444537_1,agricultural_burning,low,0,1,232_957,4
E0444543_1,agricultural_burning,low,0,1,232_958,1
E0444567_1,agricultural_burning,low,0,1,232_961,4
E0444574_1,agricultural_burning,low,0,1,232_962,4
E0444615_2,agricultural_burning,low,0,1,232_967,0
E0444744_1,agricultural_burning,low,0,1,232_772,3
E0444764_1,agricultural_burning,low,0,1,232_777,4
E0444771_1,agricultural_burning,low,0,1,232_778,4
E0444778_1,agricultural_burning,low,0,1,232_780,1
E0444785_2,agricultural_burning,low,0,1,232_781,2
E0444833_1,agricultural_burning,low,0,1,232_790,3
E0444869_1,agricultural_burning,low,0,1,232_797,3
E0444870_1,agricultural_burning,low,0,1,232_797,3
E0444871_2,agricultural_burning,low,0,1,232_797,3
E0444871_3,agricultural_burning,low,0,1,232_797,3
E0444873_1,agricultural_burning,low,0,1,232_797,3
E0444876_2,agricultural_burning,low,0,1,232_798,4
E0444877_1,agricultural_burning,low,0,1,232_798,4
E0444877_2,agricultural_burning,low,0,1,232_798,4
E0444884_1,agricultural_burning,low,0,1,232_798,4
E0445039_1,agricultural_burning,low,0,1,232_902,1
E0445040_12,agricultural_burning,low,0,1,232_906,2
E0445040_5,agricultural_burning,low,0,1,232_906,2
E0445053_2,agricultural_burning,low,0,1,232_919,3
E0445076_3,agricultural_burning,low,0,1,232_924,0
E0445082_1,agricultural_burning,low,0,1,232_926,2
E0445087_1,agricultural_burning,low,0,1,232_926,2
E0445101_1,agricultural_burning,low,0,1,232_929,2
E0445113_1,agricultural_burning,low,0,1,232_933,1
E0445190_2,agricultural_burning,low,0,1,232_946,1
E0445192_2,agricultural_burning,low,0,1,232_946,1
E0445214_1,agricultural_burning,low,0,1,232_950,2
E0445223_1,agricultural_burning,low,0,1,232_951,2
E0445227_2,agricultural_burning,low,0,1,232_951,2
E0445231_1,agricultural_burning,low,0,1,232_952,2
E0445307_1,agricultural_burning,low,0,1,232_962,4
E0445309_1,agricultural_burning,low,0,1,232_963,1
E0445318_1,agricultural_burning,low,0,1,232_964,0
E0445322_1,agricultural_burning,low,0,1,232_964,0
E0445330_1,agricultural_burning,low,0,1,232_965,4
E0445341_1,agricultural_burning,low,0,1,232_967,0
E0445391_1,agricultural_burning,low,0,1,232_755,2
E0445482_1,agricultural_burning,low,0,1,232_777,4
E0445486_3,agricultural_burning,low,0,1,232_777,4
E0445499_1,agricultural_burning,low,0,1,232_780,1
E0445509_1,agricultural_burning,low,0,1,232_781,2
E0445509_2,agricultural_burning,low,0,1,232_781,2
E0445533_1,agricultural_burning,low,0,1,232_787,0
E0445583_1,agricultural_burning,low,0,1,232_797,3
E0445583_2,agricultural_burning,low,0,1,232_797,3
E0445584_1,agricultural_burning,low,0,1,232_797,3
E0445593_1,agricultural_burning,low,0,1,232_798,4
E0445593_3,agricultural_burning,low,0,1,232_798,4
E0445599_1,agricultural_burning,low,0,1,232_799,1
E0445631_1,agricultural_burning,low,0,1,232_810,1
E0445643_1,agricultural_burning,low,0,1,232_813,4
E0445689_1,agricultural_burning,low,0,1,232_844,0
E0445778_1,agricultural_burning,low,0,1,232_917,4
E0445783_1,agricultural_burning,low,0,1,232_920,0
E0445787_1,agricultural_burning,low,0,1,232_921,0
E0445852_1,agricultural_burning,low,0,1,232_937,1
E0445868_4,agricultural_burning,low,0,1,232_940,3
E0445880_3,agricultural_burning,low,0,1,232_941,2
E0445885_1,agricultural_burning,low,0,1,232_942,1
E0445911_2,agricultural_burning,low,0,1,232_946,1
E0445935_1,agricultural_burning,low,0,1,232_951,2
E0445981_1,agricultural_burning,low,0,1,232_958,1
E0445984_2,agricultural_burning,low,0,1,232_958,1
E0446004_2,agricultural_burning,low,0,1,232_961,4
E0446022_1,agricultural_burning,low,0,1,232_963,1
E0446022_2,agricultural_burning,low,0,1,232_963,1
E0446031_1,agricultural_burning,low,0,1,232_964,0
E0446038_1,agricultural_burning,low,0,1,232_965,4
E0446047_1,agricultural_burning,low,0,1,232_966,4
E0446099_1,agricultural_burning,low,0,1,232_745,1
E0446131_2,agricultural_burning,low,0,1,232_758,1
E0446188_1,agricultural_burning,low,0,1,232_777,4
E0446214_1,agricultural_burning,low,0,1,232_781,2
E0446214_2,agricultural_burning,low,0,1,232_781,2
E0446285_1,agricultural_burning,low,0,1,232_797,3
E0446287_1,agricultural_burning,low,0,1,232_797,3
E0446290_1,agricultural_burning,low,0,1,232_797,3
E0446290_2,agricultural_burning,low,0,1,232_797,3
E0446294_1,agricultural_burning,low,0,1,232_798,4
E0446294_2,agricultural_burning,low,0,1,232_798,4
E0446295_1,agricultural_burning,low,0,1,232_798,4
E0446298_1,agricultural_burning,low,0,1,232_798,4
E0446302_1,agricultural_burning,low,0,1,232_799,1
E0446304_2,agricultural_burning,low,0,1,232_799,1
E0446308_1,agricultural_burning,low,0,1,232_800,1
E0446506_1,agricultural_burning,low,0,1,232_920,0
E0446526_2,agricultural_burning,low,0,1,232_924,0
E0446556_1,agricultural_burning,low,0,1,232_934,3
E0446631_1,agricultural_burning,low,0,1,232_946,1
E0446653_1,agricultural_burning,low,0,1,232_951,2
E0446666_1,agricultural_burning,low,0,1,232_955,0
E0446673_3,agricultural_burning,low,0,1,232_955,0
E0446691_2,agricultural_burning,low,0,1,232_957,4
E0446708_1,agricultural_burning,low,0,1,232_959,1
E0446730_1,agricultural_burning,low,0,1,232_962,4
E0446731_1,agricultural_burning,low,0,1,232_963,1
E0446732_1,agricultural_burning,low,0,1,232_963,1
E0446735_1,agricultural_burning,low,0,1,232_963,1
E0446735_2,agricultural_burning,low,0,1,232_963,1
E0446738_2,agricultural_burning,low,0,1,232_963,1
E0446740_1,agricultural_burning,low,0,1,232_964,0
E0446745_1,agricultural_burning,low,0,1,232_964,0
E0446754_1,agricultural_burning,low,0,1,232_965,4
E0446910_1,agricultural_burning,low,0,1,232_780,1
E0446918_2,agricultural_burning,low,0,1,232_781,2
E0446922_2,agricultural_burning,low,0,1,232_781,2
E0446933_2,agricultural_burning,low,0,1,232_784,0
E0446952_2,agricultural_burning,low,0,1,232_788,1
E0446956_1,agricultural_burning,low,0,1,232_789,1
E0446985_1,agricultural_burning,low,0,1,232_797,3
E0446986_1,agricultural_burning,low,0,1,232_797,3
E0446991_1,agricultural_burning,low,0,1,232_797,3
E0446992_1,agricultural_burning,low,0,1,232_797,3
E0446992_2,agricultural_burning,low,0,1,232_797,3
E0446993_1,agricultural_burning,low,0,1,232_797,3
E0446993_2,agricultural_burning,low,0,1,232_797,3
E0446994_1,agricultural_burning,low,0,1,232_798,4
E0446996_2,agricultural_burning,low,0,1,232_798,4
E0446997_2,agricultural_burning,low,0,1,232_798,4
E0446998_1,agricultural_burning,low,0,1,232_798,4
E0446999_2,agricultural_burning,low,0,1,232_798,4
E0447000_1,agricultural_burning,low,0,1,232_798,4
E0447006_1,agricultural_burning,low,0,1,232_799,1
E0447009_1,agricultural_burning,low,0,1,232_799,1
E0447083_1,agricultural_burning,low,0,1,232_836,1
E0447084_1,agricultural_burning,low,0,1,232_836,1
E0447137_2,agricultural_burning,low,0,1,232_872,3
E0447148_1,agricultural_burning,low,0,1,232_873,3
E0447155_1,agricultural_burning,low,0,1,232_874,3
E0447223_1,agricultural_burning,low,0,1,232_924,0
E0447279_1,agricultural_burning,low,0,1,232_936,3
E0447311_1,agricultural_burning,low,0,1,232_941,2
E0447334_1,agricultural_burning,low,0,1,232_945,0
E0447401_1,agricultural_burning,low,0,1,232_955,0
E0447406_1,agricultural_burning,low,0,1,232_956,3
E0447420_1,agricultural_burning,low,0,1,232_957,4
E0447428_1,agricultural_burning,low,0,1,232_958,1
E0447436_1,agricultural_burning,low,0,1,232_959,1
E0447443_3,agricultural_burning,low,0,1,232_961,4
E0447465_1,agricultural_burning,low,0,1,232_963,1
E0447465_2,agricultural_burning,low,0,1,232_963,1
E0447467_1,agricultural_burning,low,0,1,232_963,1
E0447477_1,agricultural_burning,low,0,1,232_964,0
E0447479_1,agricultural_burning,low,0,1,232_964,0
E0447491_2,agricultural_burning,low,0,1,232_966,4
E0447532_13,agricultural_burning,low,0,1,232_702,3
E0447532_8,agricultural_burning,low,0,1,232_702,3
E0447640_4,agricultural_burning,low,0,1,232_777,4
E0447655_1,agricultural_burning,low,0,1,232_779,2
E0447672_3,agricultural_burning,low,0,1,232_782,2
E0447707_1,agricultural_burning,low,0,1,232_787,0
E0447743_1,agricultural_burning,low,0,1,232_797,3
E0447746_1,agricultural_burning,low,0,1,232_797,3
E0447748_1,agricultural_burning,low,0,1,232_797,3
E0447751_1,agricultural_burning,low,0,1,232_798,4
E0447751_3,agricultural_burning,low,0,1,232_798,4
E0447756_1,agricultural_burning,low,0,1,232_798,4
E0447757_1,agricultural_burning,low,0,1,232_798,4
E0447766_1,agricultural_burning,low,0,1,232_799,1
E0448045_1,agricultural_burning,low,0,1,232_936,3
E0448090_1,agricultural_burning,low,0,1,232_942,1
E0448115_1,agricultural_burning,low,0,1,232_946,1
E0448167_2,agricultural_burning,low,0,1,232_955,0
E0448168_2,agricultural_burning,low,0,1,232_955,0
E0448174_3,agricultural_burning,low,0,1,232_955,0
E0448187_1,agricultural_burning,low,0,1,232_957,4
E0448215_1,agricultural_burning,low,0,1,232_961,4
E0448216_1,agricultural_burning,low,0,1,232_961,4
E0448220_1,agricultural_burning,low,0,1,232_961,4
E0448240_1,agricultural_burning,low,0,1,232_963,1
E0448245_2,agricultural_burning,low,0,1,232_964,0
E0448260_1,agricultural_burning,low,0,1,232_966,4
E0448271_2,agricultural_burning,low,0,1,232_967,0
E0448302_11,agricultural_burning,low,0,1,232_702,3
E0448302_9,agricultural_burning,low,0,1,232_702,3
E0448303_13,agricultural_burning,low,0,1,232_702,3
E0448303_3,agricultural_burning,low,0,1,232_702,3
E0448303_7,agricultural_burning,low,0,1,232_702,3
E0448319_1,industrial_fire,low,0,1,232_752,0
E0448347_1,agricultural_burning,low,0,1,232_760,1
E0448401_1,agricultural_burning,low,0,1,232_776,1
E0448407_2,agricultural_burning,low,0,1,232_777,4
E0448433_1,agricultural_burning,low,0,1,232_781,2
E0448509_1,agricultural_burning,low,0,1,232_797,3
E0448509_2,agricultural_burning,low,0,1,232_797,3
E0448514_1,agricultural_burning,low,0,1,232_798,4
E0448515_2,agricultural_burning,low,0,1,232_798,4
E0448516_1,agricultural_burning,low,0,1,232_798,4
E0448517_1,agricultural_burning,low,0,1,232_798,4
E0448518_1,agricultural_burning,low,0,1,232_798,4
E0448518_2,agricultural_burning,low,0,1,232_798,4
E0448524_2,agricultural_burning,low,0,1,232_799,1
E0448527_1,agricultural_burning,low,0,1,232_799,1
E0448528_1,agricultural_burning,low,0,1,232_799,1
E0448528_2,agricultural_burning,low,0,1,232_799,1
E0448530_1,agricultural_burning,low,0,1,232_799,1
E0448537_1,agricultural_burning,low,0,1,232_800,1
E0448657_1,agricultural_burning,low,0,1,232_871,0
E0448808_1,agricultural_burning,low,0,1,232_939,2
E0448826_2,agricultural_burning,low,0,1,232_942,1
E0448827_1,agricultural_burning,low,0,1,232_942,1
E0448832_1,agricultural_burning,low,0,1,232_942,1
E0448848_2,agricultural_burning,low,0,1,232_946,1
E0448886_1,agricultural_burning,low,0,1,232_952,2
E0448911_1,agricultural_burning,low,0,1,232_956,3
E0448927_1,agricultural_burning,low,0,1,232_957,4
E0448961_1,agricultural_burning,low,0,1,232_962,4
E0448968_1,agricultural_burning,low,0,1,232_963,1
E0448976_2,agricultural_burning,low,0,1,232_963,1
E0448980_2,agricultural_burning,low,0,1,232_964,0
E0448992_1,agricultural_burning,low,0,1,232_966,4
E0449069_2,agricultural_burning,low,0,1,232_758,1
E0449155_1,agricultural_burning,low,0,1,232_780,1
E0449164_1,agricultural_burning,low,0,1,232_781,2
E0449219_1,agricultural_burning,low,0,1,232_796,2
E0449223_1,agricultural_burning,low,0,1,232_797,3
E0449223_2,agricultural_burning,low,0,1,232_797,3
E0449224_1,agricultural_burning,low,0,1,232_797,3
E0449226_1,agricultural_burning,low,0,1,232_797,3
E0449227_1,agricultural_burning,low,0,1,232_797,3
E0449227_2,agricultural_burning,low,0,1,232_797,3
E0449230_1,agricultural_burning,low,0,1,232_797,3
E0449231_1,agricultural_burning,low,0,1,232_798,4
E0449232_1,agricultural_burning,low,0,1,232_798,4
E0449233_3,agricultural_burning,low,0,1,232_798,4
E0449234_1,agricultural_burning,low,0,1,232_798,4
E0449234_2,agricultural_burning,low,0,1,232_798,4
E0449238_1,agricultural_burning,low,0,1,232_798,4
E0449238_3,agricultural_burning,low,0,1,232_798,4
E0449239_1,agricultural_burning,low,0,1,232_798,4
E0449239_2,agricultural_burning,low,0,1,232_799,1
E0449240_2,agricultural_burning,low,0,1,232_799,1
E0449241_1,agricultural_burning,low,0,1,232_799,1
E0449241_2,agricultural_burning,low,0,1,232_799,1
E0449252_1,agricultural_burning,low,0,1,232_801,4
E0449309_1,agricultural_burning,low,0,1,232_834,0
E0449455_2,agricultural_burning,low,0,1,232_923,3
E0449480_1,agricultural_burning,low,0,1,232_929,2
E0449585_1,agricultural_burning,low,0,1,232_949,4
E0449586_1,agricultural_burning,low,0,1,232_949,4
E0449609_3,agricultural_burning,low,0,1,232_952,2
E0449641_1,agricultural_burning,low,0,1,232_956,3
E0449651_1,agricultural_burning,low,0,1,232_957,4
E0449666_1,agricultural_burning,low,0,1,232_959,1
E0449674_1,agricultural_burning,low,0,1,232_960,3
E0449676_4,agricultural_burning,low,0,1,232_961,4
E0449727_1,agricultural_burning,low,0,1,232_968,3
E0449867_1,agricultural_burning,low,0,1,232_777,4
E0449870_1,agricultural_burning,low,0,1,232_778,4
E0449914_1,agricultural_burning,low,0,1,232_786,4
E0449914_2,agricultural_burning,low,0,1,232_786,4
E0449944_1,agricultural_burning,low,0,1,232_796,2
E0449952_1,agricultural_burning,low,0,1,232_797,3
E0449954_1,agricultural_burning,low,0,1,232_797,3
E0449955_1,agricultural_burning,low,0,1,232_798,4
E0449955_2,agricultural_burning,low,0,1,232_797,3
E0449959_1,agricultural_burning,low,0,1,232_798,4
E0449960_1,agricultural_burning,low,0,1,232_798,4
E0449963_1,agricultural_burning,low,0,1,232_798,4
E0449965_1,agricultural_burning,low,0,1,232_799,1
E0449967_1,agricultural_burning,low,0,1,232_799,1
E0449968_2,agricultural_burning,low,0,1,232_799,1
E0449969_1,agricultural_burning,low,0,1,232_799,1
E0449970_1,agricultural_burning,low,0,1,232_799,1
E0449971_1,agricultural_burning,low,0,1,232_799,1
E0449972_2,agricultural_burning,low,0,1,232_799,1
E0449982_1,agricultural_burning,low,0,1,232_801,4
E0450091_1,agricultural_burning,low,0,1,232_873,3
E0450173_1,agricultural_burning,low,0,1,232_924,0
E0450182_1,agricultural_burning,low,0,1,232_927,0
E0450267_1,agricultural_burning,low,0,1,232_942,1
E0450313_1,agricultural_burning,low,0,1,232_950,2
E0450315_1,agricultural_burning,low,0,1,232_951,2
E0450323_3,agricultural_burning,low,0,1,232_952,2
E0450328_1,agricultural_burning,low,0,1,232_952,2
E0450370_3,agricultural_burning,low,0,1,232_957,4
E0450394_1,agricultural_burning,low,0,1,232_961,4
E0450395_1,agricultural_burning,low,0,1,232_961,4
E0450395_2,agricultural_burning,low,0,1,232_961,4
E0450397_1,agricultural_burning,low,0,1,232_961,4
E0450400_1,agricultural_burning,low,0,1,232_961,4
E0450408_1,agricultural_burning,low,0,1,232_962,4
E0450423_1,agricultural_burning,low,0,1,232_964,0
E0450443_3,agricultural_burning,low,0,1,232_967,0
E0450517_1,agricultural_burning,low,0,1,232_756,4
E0450518_1,agricultural_burning,low,0,1,232_757,4
E0450627_1,agricultural_burning,low,0,1,233_784,0
E0450672_2,agricultural_burning,low,0,1,232_797,3
E0450675_1,agricultural_burning,low,0,1,232_797,3
E0450675_2,agricultural_burning,low,0,1,233_797,2
E0450676_1,agricultural_burning,low,0,1,233_797,2
E0450678_4,agricultural_burning,low,0,1,233_798,2
E0450679_1,agricultural_burning,low,0,1,233_798,2
E0450681_1,agricultural_burning,low,0,1,232_798,4
E0450683_1,agricultural_burning,low,0,1,232_798,4
E0450683_3,agricultural_burning,low,0,1,233_798,2
E0450685_1,agricultural_burning,low,0,1,233_798,2
E0450686_1,agricultural_burning,low,0,1,233_798,2
E0450687_2,agricultural_burning,low,0,1,233_799,3
E0450689_2,agricultural_burning,low,0,1,233_799,3
E0450691_1,agricultural_burning,low,0,1,233_799,3
E0450692_1,agricultural_burning,low,0,1,232_799,1
E0450693_1,agricultural_burning,low,0,1,232_799,1
E0450694_2,agricultural_burning,low,0,1,232_799,1
E0450738_1,agricultural_burning,low,0,1,232_811,4
E0450979_1,agricultural_burning,low,0,1,232_937,1
E0450989_2,agricultural_burning,low,0,1,233_939,2
E0450990_1,agricultural_burning,low,0,1,233_939,2
E0451122_1,agricultural_burning,low,0,1,233_959,0
E0451129_1,agricultural_burning,low,0,1,232_960,3
E0451170_1,agricultural_burning,low,0,1,232_966,4
E0451210_6,agricultural_burning,low,0,1,233_701,1
E0451214_6,agricultural_burning,low,0,1,233_704,3
E0451232_2,agricultural_burning,low,0,1,233_740,3
E0451263_1,agricultural_burning,low,0,1,233_757,1
E0451309_1,agricultural_burning,low,0,1,233_771,2
E0451345_1,agricultural_burning,low,0,1,233_777,3
E0451436_2,agricultural_burning,low,0,1,233_797,2
E0451437_1,agricultural_burning,low,0,1,233_797,2
E0451441_2,agricultural_burning,low,0,1,233_798,2
E0451442_1,agricultural_burning,low,0,1,233_798,2
E0451442_2,agricultural_burning,low,0,1,233_798,2
E0451447_1,agricultural_burning,low,0,1,233_798,2
E0451447_3,agricultural_burning,medium,1,1,233_799,3
E0451448_1,agricultural_burning,low,0,1,233_799,3
E0451449_1,agricultural_burning,low,0,1,233_799,3
E0451453_1,agricultural_burning,low,0,1,233_799,3
E0451454_2,agricultural_burning,low,0,1,233_799,3
E0451455_1,agricultural_burning,low,0,1,233_799,3
E0451492_1,agricultural_burning,low,0,1,233_811,2
E0451536_1,agricultural_burning,low,0,1,233_836,4
E0451540_1,agricultural_burning,low,0,1,233_838,4
E0451631_1,agricultural_burning,low,0,1,233_918,4
E0451679_1,agricultural_burning,low,0,1,233_929,0
E0451697_1,agricultural_burning,low,0,1,233_933,4
E0451746_2,agricultural_burning,low,0,1,233_942,1
E0451796_1,agricultural_burning,low,0,1,233_952,0
E0451808_1,agricultural_burning,low,0,1,233_954,1
E0451817_2,agricultural_burning,low,0,1,233_955,4
E0451820_1,agricultural_burning,low,0,1,233_956,0
E0451821_1,agricultural_burning,low,0,1,233_956,0
E0451829_3,agricultural_burning,low,0,1,233_957,3
E0451879_1,agricultural_burning,low,0,1,233_963,1
E0451885_1,agricultural_burning,low,0,1,233_964,2
E0451934_4,agricultural_burning,low,0,1,233_702,2
E0451945_1,industrial_fire,low,0,1,233_732,4
E0451946_1,industrial_fire,low,0,1,233_732,4
E0452003_1,agricultural_burning,low,0,1,233_760,1
E0452010_1,industrial_fire,low,0,1,233_761,0
E0452091_1,agricultural_burning,low,0,1,233_779,3
E0452164_1,agricultural_burning,low,0,1,233_797,2
E0452169_1,agricultural_burning,low,0,1,233_798,2
E0452170_3,agricultural_burning,low,0,1,233_798,2
E0452171_1,agricultural_burning,low,0,1,233_798,2
E0452173_1,agricultural_burning,low,0,1,233_798,2
E0452173_2,agricultural_burning,low,0,1,233_798,2
E0452178_1,agricultural_burning,low,0,1,233_798,2
E0452180_1,agricultural_burning,low,0,1,233_799,3
E0452182_2,agricultural_burning,low,0,1,233_799,3
E0452183_3,agricultural_burning,low,0,1,233_799,3
E0452185_1,agricultural_burning,low,0,1,233_799,3
E0452186_2,agricultural_burning,low,0,1,233_799,3
E0452238_1,agricultural_burning,low,0,1,233_819,4
E0452365_1,agricultural_burning,low,0,1,233_918,4
E0452454_1,agricultural_burning,low,0,1,233_937,0
E0452505_1,agricultural_burning,low,0,1,233_946,4
E0452570_1,agricultural_burning,low,0,1,233_958,1
E0452572_1,agricultural_burning,low,0,1,233_958,1
E0452573_2,agricultural_burning,low,0,1,233_958,1
E0452579_1,agricultural_burning,low,0,1,233_959,0
E0452588_1,agricultural_burning,low,0,1,233_960,0
E0452610_2,agricultural_burning,low,0,1,233_963,1
E0452623_1,agricultural_burning,low,0,1,233_964,2
E0452630_1,agricultural_burning,low,0,1,233_965,3
E0452631_1,agricultural_burning,low,0,1,233_965,3
E0452645_2,agricultural_burning,low,0,1,233_968,1
E0452667_1,industrial_fire,low,0,1,233_732,4
E0452677_2,agricultural_burning,low,0,1,233_740,3
E0452800_1,agricultural_burning,low,0,1,233_776,4
E0452803_2,agricultural_burning,low,0,1,233_776,4
E0452808_1,agricultural_burning,low,0,1,233_777,3
E0452813_2,agricultural_burning,low,0,1,233_778,0
E0452816_1,agricultural_burning,low,0,1,233_778,0
E0452821_1,agricultural_burning,low,0,1,233_779,3
E0452829_2,agricultural_burning,low,0,1,233_779,3
E0452858_1,agricultural_burning,low,0,1,233_786,0
E0452867_1,agricultural_burning,low,0,1,233_787,0
E0452889_1,agricultural_burning,low,0,1,233_796,3
E0452895_1,agricultural_burning,low,0,1,233_797,2
E0452898_2,agricultural_burning,low,0,1,233_797,2
E0452901_1,agricultural_burning,medium,1,1,233_798,2
E0452903_1,agricultural_burning,low,0,1,233_798,2
E0452906_2,agricultural_burning,low,0,1,233_798,2
E0452907_2,agricultural_burning,low,0,1,233_798,2
E0452910_2,agricultural_burning,low,0,1,233_798,2
E0452911_2,agricultural_burning,low,0,1,233_798,2
E0452912_2,agricultural_burning,low,0,1,233_799,3
E0452913_1,agricultural_burning,low,0,1,233_799,3
E0452914_1,agricultural_burning,low,0,1,233_799,3
E0452914_2,agricultural_burning,low,0,1,233_799,3
E0452915_1,agricultural_burning,low,0,1,233_799,3
E0452921_1,agricultural_burning,low,0,1,233_799,3
E0452949_1,agricultural_burning,low,0,1,233_805,0
E0452989_1,agricultural_burning,low,0,1,233_823,1
E0453004_1,agricultural_burning,low,0,1,233_836,4
E0453178_1,agricultural_burning,low,0,1,233_937,0
E0453179_1,agricultural_burning,low,0,1,233_937,0
E0453180_1,agricultural_burning,low,0,1,233_937,0
E0453206_1,agricultural_burning,low,0,1,233_942,1
E0453244_1,agricultural_burning,low,0,1,233_950,1
E0453282_2,agricultural_burning,low,0,1,233_957,3
E0453307_2,agricultural_burning,low,0,1,233_960,0
E0453332_1,agricultural_burning,low,0,1,233_964,2
E0453405_2,agricultural_burning,low,0,1,233_750,2
E0453493_2,agricultural_burning,low,0,1,233_773,2
E0453496_1,agricultural_burning,low,0,1,233_773,2
E0453572_1,agricultural_burning,low,0,1,233_786,0
E0453615_2,agricultural_burning,low,0,1,233_798,2
E0453623_1,agricultural_burning,low,0,1,233_798,2
E0453624_2,agricultural_burning,low,0,1,233_798,2
E0453625_2,agricultural_burning,low,0,1,233_798,2
E0453627_1,agricultural_burning,low,0,1,233_799,3
E0453627_2,agricultural_burning,low,0,1,233_799,3
E0453628_1,agricultural_burning,low,0,1,233_799,3
E0453628_2,agricultural_burning,low,0,1,233_799,3
E0453629_1,agricultural_burning,low,0,1,233_799,3
E0453629_2,agricultural_burning,low,0,1,233_799,3
E0453630_1,agricultural_burning,low,0,1,233_799,3
E0453630_2,agricultural_burning,low,0,1,233_799,3
E0453631_2,agricultural_burning,low,0,1,233_799,3
E0453632_1,agricultural_burning,low,0,1,233_799,3
E0453632_2,agricultural_burning,low,0,1,233_799,3
E0453634_1,agricultural_burning,low,0,1,233_799,3
E0453634_3,agricultural_burning,low,0,1,233_799,3
E0453635_2,agricultural_burning,low,0,1,233_799,3
E0453639_1,agricultural_burning,low,0,1,233_800,4
E0453640_2,agricultural_burning,low,0,1,233_800,4
E0453844_1,agricultural_burning,low,0,1,233_926,3
E0453967_1,agricultural_burning,low,0,1,233_951,2
E0453974_1,agricultural_burning,low,0,1,233_952,0
E0453980_2,agricultural_burning,low,0,1,233_954,1
E0453986_2,agricultural_burning,low,0,1,233_955,4
E0453989_1,agricultural_burning,low,0,1,233_955,4
E0454028_1,agricultural_burning,low,0,1,233_960,0
E0454036_2,agricultural_burning,low,0,1,233_961,2
E0454057_1,agricultural_burning,low,0,1,233_963,1
E0454079_1,agricultural_burning,low,0,1,233_966,1
E0454173_2,agricultural_burning,low,0,1,233_759,3
E0454175_2,agricultural_burning,low,0,1,233_759,3
E0454195_1,agricultural_burning,low,0,1,233_764,2
E0454196_1,agricultural_burning,low,0,1,233_764,2
E0454230_2,agricultural_burning,low,0,1,233_773,2
E0454264_2,agricultural_burning,low,0,1,233_779,3
E0454314_1,agricultural_burning,low,0,1,233_788,2
E0454340_1,agricultural_burning,low,0,1,233_797,2
E0454341_2,agricultural_burning,low,0,1,233_797,2
E0454344_1,agricultural_burning,low,0,1,233_798,2
E0454344_2,agricultural_burning,low,0,1,233_798,2
E0454351_1,agricultural_burning,low,0,1,233_799,3
E0454353_2,agricultural_burning,low,0,1,233_799,3
E0454356_1,agricultural_burning,low,0,1,233_799,3
E0454357_2,agricultural_burning,low,0,1,233_799,3
E0454359_1,agricultural_burning,low,0,1,233_799,3
E0454359_2,agricultural_burning,low,0,1,233_799,3
E0454363_2,agricultural_burning,low,0,1,233_800,4
E0454367_3,agricultural_burning,low,0,1,233_800,4
E0454419_1,agricultural_burning,low,0,1,233_823,1
E0454424_1,agricultural_burning,low,0,1,233_824,4
E0454473_2,agricultural_burning,low,0,1,233_854,4
E0454535_1,agricultural_burning,low,0,1,233_916,2
E0454555_1,agricultural_burning,low,0,1,233_922,3
E0454638_1,agricultural_burning,low,0,1,233_937,0
E0454639_1,agricultural_burning,low,0,1,233_937,0
E0454647_1,agricultural_burning,low,0,1,233_939,2
E0454648_1,agricultural_burning,low,0,1,233_939,2
E0454709_1,agricultural_burning,low,0,1,233_951,2
E0454758_3,agricultural_burning,low,0,1,233_959,0
E0454768_1,agricultural_burning,low,0,1,233_960,0
E0454783_1,agricultural_burning,low,0,1,233_963,1
E0454799_2,agricultural_burning,low,0,1,233_965,3
E0454804_1,agricultural_burning,low,0,1,233_966,1
E0454820_2,industrial_fire,medium,1,1,233_686,1
E0454831_1,industrial_fire,low,0,1,233_700,1
E0454834_1,industrial_fire,low,0,1,233_700,1
E0454870_2,agricultural_burning,low,0,1,233_750,2
E0454918_1,industrial_fire,low,0,1,233_763,2
E0454963_1,agricultural_burning,low,0,1,233_774,4
E0454988_1,agricultural_burning,low,0,1,233_777,3
E0455074_1,agricultural_burning,low,0,1,233_798,2
E0455077_2,agricultural_burning,low,0,1,233_798,2
E0455078_1,agricultural_burning,low,0,1,233_798,2
E0455078_3,agricultural_burning,low,0,1,233_798,2
E0455082_1,agricultural_burning,low,0,1,233_799,3
E0455086_2,agricultural_burning,low,0,1,233_799,3
E0455087_1,agricultural_burning,low,0,1,233_799,3
E0455089_1,agricultural_burning,low,0,1,233_799,3
E0455099_1,agricultural_burning,low,0,1,233_801,4
E0455099_3,agricultural_burning,low,0,1,233_801,4
E0455111_2,agricultural_burning,low,0,1,233_803,4
E0455113_1,agricultural_burning,low,0,1,233_803,4
E0455118_1,agricultural_burning,low,0,1,233_804,4
E0455151_1,agricultural_burning,low,0,1,233_821,4
E0455321_1,agricultural_burning,low,0,1,233_922,3
E0455328_1,agricultural_burning,low,0,1,233_923,3
E0455338_1,agricultural_burning,low,0,1,233_926,3
E0455344_1,agricultural_burning,low,0,1,233_927,2
E0455394_1,agricultural_burning,low,0,1,233_937,0
E0455395_1,agricultural_burning,low,0,1,233_937,0
E0455412_2,agricultural_burning,low,0,1,233_939,2
E0455454_1,agricultural_burning,low,0,1,233_950,1
E0455465_1,agricultural_burning,low,0,1,233_951,2
E0455470_1,agricultural_burning,low,0,1,233_952,0
E0455498_1,agricultural_burning,low,0,1,233_957,3
E0455500_1,agricultural_burning,low,0,1,233_957,3
E0455503_1,agricultural_burning,low,0,1,233_958,1
E0455506_1,agricultural_burning,low,0,1,233_958,1
E0455508_1,agricultural_burning,low,0,1,233_958,1
E0455520_1,agricultural_burning,low,0,1,233_960,0
E0455521_1,agricultural_burning,low,0,1,233_960,0
E0455521_3,agricultural_burning,low,0,1,233_960,0
E0455539_1,agricultural_burning,low,0,1,233_963,1
E0455554_1,agricultural_burning,low,0,1,233_965,3
E0455602_2,industrial_fire,low,0,1,233_716,2
E0455620_2,agricultural_burning,low,0,1,233_752,1
E0455727_2,agricultural_burning,low,0,1,233_780,2
E0455743_1,agricultural_burning,low,0,1,233_786,0
E0455754_1,agricultural_burning,low,0,1,233_788,2
E0455784_1,agricultural_burning,low,0,1,233_798,2
E0455784_2,agricultural_burning,low,0,1,233_798,2
E0455788_1,agricultural_burning,low,0,1,233_799,3
E0455790_1,agricultural_burning,low,0,1,233_799,3
E0455791_2,agricultural_burning,low,0,1,233_799,3
E0455792_1,agricultural_burning,low,0,1,233_799,3
E0455804_1,agricultural_burning,low,0,1,233_800,4
E0455821_1,agricultural_burning,low,0,1,233_803,4
E0455836_1,agricultural_burning,low,0,1,233_811,2
E0455998_1,agricultural_burning,low,0,1,233_919,1
E0456148_1,agricultural_burning,low,0,1,233_950,1
E0456163_2,agricultural_burning,low,0,1,233_954,1
E0456185_1,agricultural_burning,low,0,1,233_957,3
E0456186_2,agricultural_burning,low,0,1,233_957,3
E0456240_2,agricultural_burning,low,0,1,233_966,1
E0456289_1,industrial_fire,low,0,1,233_716,2
E0456305_1,agricultural_burning,low,0,1,233_750,2
E0456440_1,agricultural_burning,low,0,1,233_779,3
E0456508_2,agricultural_burning,low,0,1,233_798,2
E0456513_2,agricultural_burning,low,0,1,233_799,3
E0456514_1,agricultural_burning,low,0,1,233_799,3
E0456514_2,agricultural_burning,low,0,1,233_799,3
E0456518_1,agricultural_burning,low,0,1,233_799,3
E0456519_1,agricultural_burning,low,0,1,233_799,3
E0456520_1,agricultural_burning,low,0,1,233_799,3
E0456520_2,agricultural_burning,low,0,1,233_799,3
E0456527_1,agricultural_burning,low,0,1,233_800,4
E0456527_2,agricultural_burning,low,0,1,233_800,4
E0456528_1,agricultural_burning,low,0,1,233_800,4
E0456529_1,agricultural_burning,low,0,1,233_801,4
E0456530_1,agricultural_burning,low,0,1,233_801,4
E0456531_1,agricultural_burning,low,0,1,233_801,4
E0456571_1,agricultural_burning,low,0,1,233_812,2
E0456573_1,agricultural_burning,low,0,1,233_812,2
E0456590_1,agricultural_burning,low,0,1,233_824,4
E0456720_1,agricultural_burning,low,0,1,233_918,4
E0456795_1,agricultural_burning,low,0,1,233_936,0
E0456844_2,agricultural_burning,low,0,1,233_948,3
E0456858_1,agricultural_burning,low,0,1,233_950,1
E0456862_1,agricultural_burning,low,0,1,233_951,2
E0456903_3,agricultural_burning,low,0,1,233_958,1
E0456906_1,agricultural_burning,low,0,1,233_958,1
E0456915_1,agricultural_burning,low,0,1,233_959,0
E0456934_2,agricultural_burning,low,0,1,233_963,1
E0456940_1,agricultural_burning,low,0,1,233_963,1
E0456941_1,agricultural_burning,low,0,1,233_963,1
E0456946_1,agricultural_burning,low,0,1,233_964,2
E0456958_1,agricultural_burning,low,0,1,233_966,1
E0456963_1,agricultural_burning,low,0,1,233_966,1
E0457097_1,agricultural_burning,low,0,1,233_771,2
E0457124_1,agricultural_burning,low,0,1,233_777,3
E0457214_1,agricultural_burning,low,0,1,233_799,3
E0457216_3,agricultural_burning,low,0,1,233_799,3
E0457216_4,agricultural_burning,low,0,1,233_799,3
E0457217_1,agricultural_burning,low,0,1,233_799,3
E0457219_1,agricultural_burning,low,0,1,233_800,4
E0457224_1,agricultural_burning,low,0,1,233_800,4
E0457227_1,agricultural_burning,low,0,1,233_801,4
E0457233_1,agricultural_burning,low,0,1,233_801,4
E0457233_3,agricultural_burning,low,0,1,233_801,4
E0457281_1,agricultural_burning,low,0,1,233_821,4
E0457291_1,agricultural_burning,low,0,1,233_823,1
E0457511_2,agricultural_burning,low,0,1,233_936,0
E0457595_1,agricultural_burning,low,0,1,233_951,2
E0457596_2,agricultural_burning,low,0,1,233_951,2
E0457662_2,agricultural_burning,low,0,1,233_962,3
E0457670_1,agricultural_burning,low,0,1,233_963,1
E0457675_1,agricultural_burning,low,0,1,233_964,2
E0457683_2,agricultural_burning,low,0,1,233_965,3
E0457684_1,agricultural_burning,low,0,1,233_965,3
E0457689_1,agricultural_burning,low,0,1,233_966,1
E0457698_1,agricultural_burning,low,0,1,233_967,3
E0457823_3,agricultural_burning,low,0,1,233_773,2
E0457847_3,agricultural_burning,low,0,1,234_777,1
E0457849_1,agricultural_burning,low,0,1,233_777,3
E0457852_2,agricultural_burning,low,0,1,234_778,4
E0457942_1,agricultural_burning,low,0,1,233_799,3
E0457942_2,agricultural_burning,low,0,1,234_799,0
E0457943_1,agricultural_burning,low,0,1,233_799,3
E0457943_2,agricultural_burning,low,0,1,233_799,3
E0457957_2,agricultural_burning,low,0,1,233_801,4
E0457958_2,agricultural_burning,low,0,1,234_801,2
E0457961_1,agricultural_burning,low,0,1,234_801,2
E0457961_3,agricultural_burning,low,0,1,234_801,2
E0457995_1,agricultural_burning,low,0,1,233_810,3
E0458003_1,agricultural_burning,low,0,1,233_811,2
E0458040_1,agricultural_burning,low,0,1,233_823,1
E0458202_1,agricultural_burning,low,0,1,234_921,1
E0458207_2,agricultural_burning,low,0,1,233_922,3
E0458234_1,agricultural_burning,low,0,1,233_927,2
E0458359_2,agricultural_burning,low,0,1,234_952,3
E0458424_1,agricultural_burning,low,0,1,234_963,1
E0458434_1,agricultural_burning,low,0,1,233_964,2
E0458571_1,agricultural_burning,low,0,1,234_771,2
E0458609_2,agricultural_burning,low,0,1,234_777,1
E0458638_1,agricultural_burning,low,0,1,234_780,3
E0458711_1,agricultural_burning,low,0,1,234_799,0
E0458711_2,agricultural_burning,low,0,1,234_799,0
E0458727_2,agricultural_burning,low,0,1,234_801,2
E0458729_1,agricultural_burning,low,0,1,234_801,2
E0458729_2,agricultural_burning,low,0,1,234_801,2
E0458730_2,agricultural_burning,low,0,1,234_801,2
E0458731_1,agricultural_burning,low,0,1,234_801,2
E0458758_1,agricultural_burning,low,0,1,234_810,3
E0458789_1,agricultural_burning,low,0,1,234_824,2
E0458806_1,agricultural_burning,low,0,1,234_831,2
E0458817_1,agricultural_burning,low,0,1,234_835,2
E0458939_1,agricultural_burning,low,0,1,234_919,0
E0458952_2,agricultural_burning,low,0,1,234_922,2
E0459017_1,agricultural_burning,low,0,1,234_935,1
E0459018_1,agricultural_burning,low,0,1,234_935,1
E0459038_1,agricultural_burning,low,0,1,234_939,2
E0459041_1,agricultural_burning,low,0,1,234_939,2
E0459041_4,agricultural_burning,low,0,1,234_939,2
E0459093_1,agricultural_burning,low,0,1,234_951,2
E0459097_1,agricultural_burning,low,0,1,234_951,2
E0459128_1,agricultural_burning,low,0,1,234_957,3
E0459157_1,agricultural_burning,low,0,1,234_962,3
E0459198_1,agricultural_burning,low,0,1,234_966,1
E0459284_2,agricultural_burning,low,0,1,234_755,1
E0459313_1,agricultural_burning,low,0,1,234_760,2
E0459313_2,agricultural_burning,low,0,1,234_760,2
E0459323_1,industrial_fire,low,0,1,234_763,1
E0459327_1,agricultural_burning,low,0,1,234_765,2
E0459375_1,agricultural_burning,low,0,1,234_774,3
E0459431_1,agricultural_burning,low,0,1,234_782,0
E0459466_1,agricultural_burning,low,0,1,234_793,2
E0459492_2,agricultural_burning,low,0,1,234_799,0
E0459494_3,agricultural_burning,low,0,1,234_800,0
E0459495_1,agricultural_burning,low,0,1,234_800,0
E0459496_1,agricultural_burning,low,0,1,234_800,0
E0459497_1,agricultural_burning,low,0,1,234_800,0
E0459498_1,agricultural_burning,low,0,1,234_800,0
E0459502_1,agricultural_burning,low,0,1,234_800,0
E0459504_1,agricultural_burning,low,0,1,234_801,2
E0459504_3,agricultural_burning,low,0,1,234_801,2
E0459505_2,agricultural_burning,low,0,1,234_801,2
E0459506_1,agricultural_burning,low,0,1,234_801,2
E0459507_3,agricultural_burning,low,0,1,234_801,2
E0459508_1,agricultural_burning,low,0,1,234_801,2
E0459508_2,agricultural_burning,low,0,1,234_801,2
E0459510_2,agricultural_burning,low,0,1,234_801,2
E0459511_2,agricultural_burning,low,0,1,234_801,2
E0459512_1,agricultural_burning,low,0,1,234_801,2
E0459513_1,agricultural_burning,low,0,1,234_801,2
E0459513_2,agricultural_burning,low,0,1,234_801,2
E0459515_1,agricultural_burning,low,0,1,234_802,0
E0459516_1,agricultural_burning,low,0,1,234_802,0
E0459519_1,agricultural_burning,low,0,1,234_802,0
E0459519_2,agricultural_burning,low,0,1,234_802,0
E0459520_2,agricultural_burning,low,0,1,234_802,0
E0459586_1,agricultural_burning,low,0,1,234_825,3
E0459722_1,agricultural_burning,low,0,1,234_904,3
E0459747_2,agricultural_burning,low,0,1,234_921,1
E0459832_2,agricultural_burning,low,0,1,234_938,1
E0459838_1,agricultural_burning,low,0,1,234_939,2
E0459840_1,agricultural_burning,low,0,1,234_939,2
E0459907_3,agricultural_burning,low,0,1,234_956,0
E0459914_1,agricultural_burning,low,0,1,234_957,3
E0459916_1,agricultural_burning,low,0,1,234_957,3
E0459956_1,agricultural_burning,low,0,1,234_963,1
E0459976_1,agricultural_burning,low,0,1,234_966,1
E0460049_1,agricultural_burning,low,0,1,234_751,0
E0460085_1,agricultural_burning,low,0,1,234_759,1
E0460086_2,agricultural_burning,low,0,1,234_759,1
E0460155_2,agricultural_burning,low,0,1,234_773,1
E0460186_1,agricultural_burning,low,0,1,234_778,4
E0460193_1,agricultural_burning,low,0,1,234_779,3
E0460277_2,agricultural_burning,low,0,1,234_799,0
E0460280_2,agricultural_burning,low,0,1,234_799,0
E0460282_1,agricultural_burning,low,0,1,234_800,0
E0460283_2,agricultural_burning,low,0,1,234_800,0
E0460284_1,agricultural_burning,low,0,1,234_800,0
E0460284_2,agricultural_burning,low,0,1,234_800,0
E0460285_2,agricultural_burning,low,0,1,234_800,0
E0460286_2,agricultural_burning,low,0,1,234_800,0
E0460288_1,agricultural_burning,low,0,1,234_800,0
E0460291_1,agricultural_burning,low,0,1,234_800,0
E0460297_2,agricultural_burning,low,0,1,234_801,2
E0460298_2,agricultural_burning,low,0,1,234_801,2
E0460301_1,agricultural_burning,low,0,1,234_801,2
E0460302_1,agricultural_burning,low,0,1,234_802,0
E0460303_1,agricultural_burning,low,0,1,234_802,0
E0460304_2,agricultural_burning,low,0,1,234_802,0
E0460305_1,agricultural_burning,low,0,1,234_802,0
E0460305_2,agricultural_burning,low,0,1,234_802,0
E0460306_2,agricultural_burning,low,0,1,234_802,0
E0460311_3,agricultural_burning,low,0,1,234_803,2
E0460318_2,agricultural_burning,low,0,1,234_804,3
E0460345_2,agricultural_burning,low,0,1,234_812,3
E0460350_1,agricultural_burning,low,0,1,234_812,3
E0460364_1,agricultural_burning,low,0,1,234_822,0
E0460365_1,agricultural_burning,low,0,1,234_822,0
E0460590_2,agricultural_burning,low,0,1,234_933,1
E0460616_1,agricultural_burning,low,0,1,234_937,1
E0460624_1,agricultural_burning,low,0,1,234_938,1
E0460630_1,agricultural_burning,low,0,1,234_939,2
E0460737_1,agricultural_burning,low,0,1,234_962,3
E0460747_1,agricultural_burning,low,0,1,234_963,1
E0460874_1,agricultural_burning,low,0,1,234_759,1
E0460875_1,agricultural_burning,low,0,1,234_759,1
E0460878_2,agricultural_burning,low,0,1,234_760,2
E0460908_2,agricultural_burning,low,0,1,234_768,4
E0460930_2,agricultural_burning,low,0,1,234_773,1
E0460952_3,agricultural_burning,low,0,1,234_776,0
E0460956_1,agricultural_burning,low,0,1,234_776,0
E0460957_2,agricultural_burning,low,0,1,234_776,0
E0460957_4,agricultural_burning,low,0,1,234_777,1
E0460993_1,agricultural_burning,low,0,1,234_781,4
E0461017_1,agricultural_burning,low,0,1,234_788,0
E0461061_1,agricultural_burning,low,0,1,234_799,0
E0461066_1,agricultural_burning,low,0,1,234_799,0
E0461068_1,agricultural_burning,low,0,1,234_800,0
E0461068_2,agricultural_burning,low,0,1,234_800,0
E0461069_1,agricultural_burning,low,0,1,234_800,0
E0461070_1,agricultural_burning,low,0,1,234_800,0
E0461070_2,agricultural_burning,low,0,1,234_800,0
E0461071_1,agricultural_burning,low,0,1,234_800,0
E0461072_1,agricultural_burning,low,0,1,234_800,0
E0461082_1,agricultural_burning,low,0,1,234_801,2
E0461084_1,agricultural_burning,low,0,1,234_801,2
E0461084_2,agricultural_burning,low,0,1,234_801,2
E0461087_2,agricultural_burning,low,0,1,234_802,0
E0461088_1,agricultural_burning,low,0,1,234_802,0
E0461088_2,agricultural_burning,low,0,1,234_802,0
E0461089_1,agricultural_burning,low,0,1,234_802,0
E0461089_2,agricultural_burning,low,0,1,234_802,0
E0461090_2,agricultural_burning,low,0,1,234_802,0
E0461091_1,agricultural_burning,low,0,1,234_802,0
E0461281_1,agricultural_burning,low,0,1,234_919,0
E0461290_2,agricultural_burning,low,0,0,234_920,2
E0461294_1,agricultural_burning,low,0,1,234_921,1
E0461369_1,agricultural_burning,low,0,1,234_937,1
E0461374_1,agricultural_burning,low,0,1,234_938,1
E0461383_2,agricultural_burning,low,0,1,234_939,2
E0461440_1,agricultural_burning,low,0,1,234_951,2
E0461519_1,agricultural_burning,low,0,1,234_964,2
E0461527_1,agricultural_burning,low,0,1,234_965,3
E0461672_2,agricultural_burning,low,0,1,234_769,1
E0461702_2,agricultural_burning,low,0,1,234_775,2
E0461736_1,agricultural_burning,low,0,1,234_779,3
E0461752_1,agricultural_burning,low,0,1,234_781,4
E0461828_1,agricultural_burning,low,0,1,234_799,0
E0461829_1,agricultural_burning,low,0,1,234_799,0
E0461830_1,agricultural_burning,low,0,1,234_799,0
E0461831_1,agricultural_burning,low,0,1,234_800,0
E0461832_1,agricultural_burning,low,0,1,234_800,0
E0461832_2,agricultural_burning,low,0,1,234_800,0
E0461833_1,agricultural_burning,low,0,1,234_800,0
E0461834_1,agricultural_burning,low,0,1,234_800,0
E0461835_1,agricultural_burning,low,0,1,234_800,0
E0461835_2,agricultural_burning,low,0,1,234_800,0
E0461836_1,agricultural_burning,low,0,1,234_800,0
E0461841_1,agricultural_burning,low,0,1,234_801,2
E0461842_1,agricultural_burning,low,0,1,234_801,2
E0461842_2,agricultural_burning,low,0,1,234_801,2
E0461848_1,agricultural_burning,low,0,1,234_801,2
E0461850_1,agricultural_burning,low,0,1,234_802,0
E0461852_1,agricultural_burning,low,0,1,234_802,0
E0461853_1,agricultural_burning,low,0,1,234_802,0
E0461853_3,agricultural_burning,low,0,1,234_802,0
E0461854_1,agricultural_burning,low,0,1,234_802,0
E0461854_2,agricultural_burning,low,0,1,234_802,0
E0461854_3,agricultural_burning,low,0,1,234_802,0
E0461896_1,agricultural_burning,low,0,1,234_811,4
E0461969_1,agricultural_burning,low,0,1,234_842,4
E0462254_2,agricultural_burning,low,0,1,234_961,1
E0462255_1,agricultural_burning,low,0,1,234_961,1
E0462277_2,agricultural_burning,low,0,1,234_964,2
E0462320_2,agricultural_burning,low,0,1,234_698,1
E0462321_2,agricultural_burning,low,0,1,234_698,1
E0462364_1,agricultural_burning,low,0,1,234_753,0
E0462400_1,agricultural_burning,low,0,1,234_759,1
E0462497_3,agricultural_burning,low,0,1,234_778,4
E0462508_1,agricultural_burning,low,0,1,234_779,3
E0462596_1,agricultural_burning,low,0,1,234_799,0
E0462597_1,agricultural_burning,low,0,1,234_799,0
E0462599_1,agricultural_burning,low,0,1,234_800,0
E0462599_2,agricultural_burning,low,0,1,234_800,0
E0462600_1,agricultural_burning,low,0,1,234_800,0
E0462600_2,agricultural_burning,low,0,1,234_800,0
E0462601_1,agricultural_burning,low,0,1,234_800,0
E0462602_1,agricultural_burning,low,0,1,234_800,0
E0462604_1,agricultural_burning,low,0,1,234_800,0
E0462605_1,agricultural_burning,low,0,1,234_800,0
E0462606_2,agricultural_burning,low,0,1,234_800,0
E0462609_1,agricultural_burning,low,0,1,234_801,2
E0462614_1,agricultural_burning,low,0,1,234_801,2
E0462614_2,agricultural_burning,low,0,1,234_801,2
E0462614_3,agricultural_burning,low,0,1,234_801,2
E0462615_1,agricultural_burning,low,0,1,234_801,2
E0462619_1,agricultural_burning,low,0,1,234_802,0
E0462650_1,agricultural_burning,low,0,1,234_809,1
E0462675_1,agricultural_burning,low,0,1,234_822,0
E0462889_1,agricultural_burning,low,0,1,234_935,1
E0462900_1,agricultural_burning,low,0,1,234_936,0
E0462903_1,agricultural_burning,low,0,1,234_937,1
E0462913_1,agricultural_burning,low,0,1,234_938,1
E0462933_1,agricultural_burning,low,0,1,234_941,0
E0463006_1,agricultural_burning,low,0,1,234_957,3
E0463025_2,agricultural_burning,low,0,1,234_961,1
E0463052_1,agricultural_burning,low,0,1,234_964,2
E0463081_1,agricultural_burning,low,0,1,234_694,1
E0463093_1,agricultural_burning,low,0,1,234_698,1
E0463176_1,agricultural_burning,low,0,1,234_766,4
E0463281_1,agricultural_burning,low,0,1,234_782,0
E0463358_1,agricultural_burning,low,0,1,234_799,0
E0463358_2,agricultural_burning,low,0,1,234_799,0
E0463360_1,agricultural_burning,low,0,1,234_799,0
E0463360_2,agricultural_burning,low,0,1,234_799,0
E0463361_1,agricultural_burning,low,0,1,234_800,0
E0463362_1,agricultural_burning,low,0,1,234_800,0
E0463363_2,agricultural_burning,low,0,1,234_800,0
E0463365_2,agricultural_burning,low,0,1,234_800,0
E0463366_1,agricultural_burning,low,0,1,234_800,0
E0463366_2,agricultural_burning,low,0,1,234_800,0
E0463379_1,agricultural_burning,low,0,1,234_802,0
E0463385_3,agricultural_burning,low,0,1,234_803,2
E0463549_1,agricultural_burning,low,0,1,234_875,1
E0463590_1,agricultural_burning,low,0,1,234_917,0
E0463683_1,agricultural_burning,low,0,1,234_938,1
E0463690_1,agricultural_burning,low,0,1,234_939,2
E0463692_1,agricultural_burning,low,0,1,234_939,2
E0463765_1,agricultural_burning,low,0,1,234_957,3
E0463807_2,agricultural_burning,low,0,1,234_963,1
E0463823_2,agricultural_burning,low,0,1,234_966,1
E0463827_2,agricultural_burning,low,0,1,234_967,4
E0463846_2,agricultural_burning,low,0,1,234_698,1
E0463848_1,agricultural_burning,low,0,1,234_698,1
E0464015_1,agricultural_burning,low,0,1,234_777,1
E0464073_1,agricultural_burning,low,0,1,234_790,0
E0464119_2,agricultural_burning,low,0,1,234_799,0
E0464124_1,agricultural_burning,low,0,1,234_800,0
E0464124_2,agricultural_burning,low,0,1,234_800,0
E0464125_1,agricultural_burning,low,0,1,234_800,0
E0464129_1,agricultural_burning,low,0,1,234_800,0
E0464131_1,agricultural_burning,low,0,1,234_800,0
E0464131_2,agricultural_burning,low,0,1,234_800,0
E0464140_1,agricultural_burning,low,0,1,234_802,0
E0464150_1,agricultural_burning,low,0,1,234_803,2
E0464160_2,agricultural_burning,low,0,1,234_804,3
E0464161_1,agricultural_burning,low,0,1,234_804,3
E0464249_1,agricultural_burning,low,0,1,234_829,2
E0464353_1,agricultural_burning,low,0,1,234_902,0
E0464430_1,agricultural_burning,low,0,1,234_934,3
E0464431_1,agricultural_burning,low,0,1,234_934,3
E0464431_2,agricultural_burning,low,0,1,234_934,3
E0464438_1,agricultural_burning,low,0,1,234_936,0
E0464441_2,agricultural_burning,low,0,1,234_936,0
E0464451_1,agricultural_burning,low,0,1,234_937,1
E0464453_1,agricultural_burning,low,0,1,234_938,1
E0464528_1,agricultural_burning,low,0,1,234_955,4
E0464566_2,agricultural_burning,low,0,1,234_964,2
E0464568_2,agricultural_burning,low,0,1,234_964,2
E0464570_1,agricultural_burning,low,0,1,234_964,2
E0464585_1,agricultural_burning,low,0,1,234_966,1
E0464586_1,agricultural_burning,low,0,1,234_967,4
E0464588_3,agricultural_burning,low,0,1,234_967,4
E0464593_1,agricultural_burning,low,0,1,234_967,4
E0464781_3,agricultural_burning,low,0,1,234_782,0
E0464782_1,agricultural_burning,low,0,1,234_782,0
E0464867_1,agricultural_burning,low,0,1,234_800,0
E0464870_1,agricultural_burning,low,0,1,234_800,0
E0464878_1,agricultural_burning,low,0,1,234_801,2
E0464891_1,agricultural_burning,low,0,1,234_803,2
E0464928_1,agricultural_burning,low,0,1,234_812,3
E0464985_1,agricultural_burning,low,0,1,234_827,1
E0465030_1,agricultural_burning,low,0,1,234_843,0
E0465192_1,agricultural_burning,low,0,1,234_938,1
E0465204_2,agricultural_burning,low,0,1,234_940,2
E0465239_1,agricultural_burning,low,0,1,234_951,2
E0465243_1,agricultural_burning,low,0,1,234_952,3
E0465250_1,agricultural_burning,low,0,1,234_952,3
E0465276_2,agricultural_burning,low,0,1,234_958,1
E0465286_1,agricultural_burning,low,0,1,234_959,3
E0465324_1,agricultural_burning,low,0,1,234_965,3
E0465337_1,agricultural_burning,low,0,1,234_967,4
E0465393_1,industrial_fire,low,0,1,235_749,4
E0465514_1,agricultural_burning,low,0,1,235_778,2
E0465633_1,agricultural_burning,low,0,1,234_801,2
E0465654_1,agricultural_burning,low,0,1,234_804,3
E0465718_1,agricultural_burning,low,0,1,235_823,4
E0465719_1,agricultural_burning,low,0,1,234_823,2
E0465748_1,agricultural_burning,low,0,1,235_826,4
E0465755_1,agricultural_burning,low,0,1,235_829,1
E0465760_1,agricultural_burning,low,0,1,235_830,0
E0465790_1,agricultural_burning,low,0,1,234_842,4
E0465843_2,agricultural_burning,low,0,1,235_876,4
E0465949_1,agricultural_burning,low,0,1,235_935,3
E0465973_2,agricultural_burning,low,0,1,234_939,2
E0465974_2,agricultural_burning,low,0,1,234_939,2
E0466017_2,agricultural_burning,low,0,1,234_951,2
E0466018_1,agricultural_burning,low,0,1,235_951,3
E0466034_2,agricultural_burning,low,0,1,234_955,4
E0466103_1,agricultural_burning,low,0,1,234_965,3
E0466108_1,agricultural_burning,low,0,1,235_965,4
E0466115_3,agricultural_burning,low,0,1,234_967,4
E0466116_2,agricultural_burning,low,0,1,234_967,4
E0466117_2,agricultural_burning,low,0,1,234_967,4
E0466300_1,agricultural_burning,low,0,1,235_782,1
E0466325_1,agricultural_burning,low,0,1,235_789,3
E0466372_1,agricultural_burning,low,0,1,235_799,0
E0466377_1,agricultural_burning,low,0,1,235_799,0
E0466378_2,agricultural_burning,low,0,1,235_799,0
E0466382_1,agricultural_burning,low,0,1,235_800,2
E0466399_2,agricultural_burning,low,0,1,235_802,0
E0466462_1,agricultural_burning,low,0,1,235_822,0
E0466511_1,agricultural_burning,low,0,1,235_830,0
E0466670_1,agricultural_burning,low,0,1,235_919,2
E0466685_1,agricultural_burning,low,0,1,235_920,3
E0466739_2,agricultural_burning,low,0,1,235_936,1
E0466748_1,agricultural_burning,low,0,1,235_938,1
E0466830_1,agricultural_burning,low,0,1,235_956,4
E0466884_1,agricultural_burning,low,0,1,235_964,4
E0466895_1,agricultural_burning,low,0,1,235_965,4
E0466989_1,agricultural_burning,low,0,1,235_766,4
E0467002_1,agricultural_burning,low,0,1,235_771,3
E0467028_1,agricultural_burning,low,0,1,235_775,0
E0467041_3,agricultural_burning,low,0,1,235_777,4
E0467042_1,agricultural_burning,low,0,1,235_777,4
E0467157_2,agricultural_burning,low,0,1,235_798,4
E0467158_1,agricultural_burning,low,0,1,235_799,0
E0467159_1,agricultural_burning,low,0,1,235_799,0
E0467159_2,agricultural_burning,low,0,1,235_799,0
E0467161_1,agricultural_burning,low,0,1,235_799,0
E0467163_2,agricultural_burning,low,0,1,235_799,0
E0467178_2,agricultural_burning,low,0,1,235_801,2
E0467179_1,agricultural_burning,low,0,1,235_801,2
E0467307_1,agricultural_burning,low,0,1,235_827,4
E0467310_1,agricultural_burning,low,0,1,235_827,4
E0467313_1,agricultural_burning,low,0,1,235_827,4
E0467366_1,agricultural_burning,low,0,1,235_843,3
E0467373_1,agricultural_burning,low,0,1,235_844,3
E0467414_1,agricultural_burning,low,0,1,235_876,4
E0467513_1,agricultural_burning,low,0,1,235_934,2
E0467518_1,agricultural_burning,low,0,1,235_935,3
E0467524_2,agricultural_burning,low,0,1,235_936,1
E0467526_1,agricultural_burning,low,0,1,235_936,1
E0467541_1,agricultural_burning,low,0,1,235_938,1
E0467606_1,agricultural_burning,low,0,1,235_955,0
E0467609_1,agricultural_burning,low,0,1,235_955,0
E0467631_1,agricultural_burning,low,0,1,235_958,0
E0467661_1,agricultural_burning,low,0,1,235_963,0
E0467680_1,agricultural_burning,low,0,1,235_965,4
E0467770_1,agricultural_burning,low,0,1,235_758,1
E0467876_1,agricultural_burning,low,0,1,235_780,0
E0467896_1,agricultural_burning,low,0,1,235_783,4
E0467963_2,agricultural_burning,low,0,1,235_798,4
E0467964_1,agricultural_burning,low,0,1,235_799,0
E0467968_2,agricultural_burning,low,0,1,235_799,0
E0467971_2,agricultural_burning,low,0,1,235_799,0
E0467979_1,agricultural_burning,low,0,1,235_801,2
E0468041_1,agricultural_burning,low,0,1,235_818,3
E0468049_1,agricultural_burning,low,0,1,235_819,3
E0468051_1,agricultural_burning,low,0,1,235_819,3
E0468052_1,agricultural_burning,low,0,1,235_819,3
E0468057_1,agricultural_burning,low,0,1,235_820,4
E0468059_1,agricultural_burning,low,0,1,235_820,4
E0468083_1,agricultural_burning,low,0,1,235_824,1
E0468089_1,agricultural_burning,low,0,1,235_825,3
E0468101_1,agricultural_burning,low,0,1,235_827,4
E0468104_1,agricultural_burning,low,0,1,235_827,4
E0468119_2,agricultural_burning,low,0,1,235_835,2
E0468121_1,agricultural_burning,low,0,1,235_836,1
E0468139_1,agricultural_burning,low,0,1,235_841,4
E0468140_1,agricultural_burning,low,0,1,235_841,4
E0468157_2,agricultural_burning,low,0,1,235_844,3
E0468214_1,agricultural_burning,low,0,1,235_899,0
E0468214_2,agricultural_burning,low,0,1,235_899,0
E0468235_1,agricultural_burning,low,0,1,235_919,2
E0468260_1,agricultural_burning,low,0,1,235_926,0
E0468315_1,agricultural_burning,low,0,1,235_940,1
E0468324_1,agricultural_burning,low,0,1,235_942,0
E0468325_1,agricultural_burning,low,0,1,235_942,0
E0468352_1,agricultural_burning,low,0,1,235_952,2
E0468370_3,agricultural_burning,low,0,1,235_954,3
E0468371_2,agricultural_burning,low,0,1,235_955,0
E0468372_1,agricultural_burning,low,0,1,235_955,0
E0468372_2,agricultural_burning,low,0,1,235_955,0
E0468375_1,agricultural_burning,low,0,1,235_955,0
E0468376_1,agricultural_burning,low,0,1,235_955,0
E0468395_1,agricultural_burning,low,0,1,235_958,0
E0468400_2,agricultural_burning,low,0,1,235_958,0
E0468404_2,agricultural_burning,low,0,1,235_958,0
E0468410_1,agricultural_burning,low,0,1,235_959,1
E0468414_1,agricultural_burning,low,0,1,235_960,3
E0468431_1,agricultural_burning,low,0,1,235_963,0
E0468448_1,agricultural_burning,low,0,1,235_965,4
E0468449_3,agricultural_burning,low,0,1,235_965,4
E0468524_1,agricultural_burning,low,0,1,235_758,1
E0468578_1,agricultural_burning,low,0,1,235_775,0
E0468579_1,agricultural_burning,low,0,1,235_775,0
E0468588_1,agricultural_burning,low,0,1,235_776,0
E0468590_1,agricultural_burning,low,0,1,235_776,0
E0468626_1,agricultural_burning,low,0,1,235_781,4
E0468627_1,agricultural_burning,low,0,1,235_781,4
E0468699_1,agricultural_burning,low,0,1,235_799,0
E0468703_1,agricultural_burning,low,0,1,235_799,0
E0468704_1,agricultural_burning,low,0,1,235_799,0
E0468755_1,agricultural_burning,low,0,1,235_809,1
E0468814_1,agricultural_burning,low,0,1,235_825,3
E0468845_1,agricultural_burning,low,0,1,235_831,4
E0468886_1,agricultural_burning,low,0,1,235_844,3
E0468982_2,agricultural_burning,low,0,1,235_919,2
E0469024_1,agricultural_burning,low,0,1,235_933,2
E0469081_1,agricultural_burning,low,0,1,235_943,2
E0469107_2,agricultural_burning,low,0,1,235_951,3
E0469120_1,agricultural_burning,low,0,1,235_954,3
E0469121_1,agricultural_burning,low,0,1,235_954,3
E0469123_1,agricultural_burning,low,0,1,235_954,3
E0469128_2,agricultural_burning,low,0,1,235_955,0
E0469129_2,agricultural_burning,low,0,1,235_955,0
E0469130_3,agricultural_burning,low,0,1,235_955,0
E0469145_1,agricultural_burning,low,0,1,235_958,0
E0469173_1,agricultural_burning,low,0,1,235_962,2
E0469174_3,agricultural_burning,low,0,1,235_962,2
E0469176_1,agricultural_burning,low,0,1,235_962,2
E0469189_1,agricultural_burning,low,0,1,235_964,4
E0469193_3,agricultural_burning,low,0,1,235_964,4
E0469211_1,agricultural_burning,low,0,1,235_966,3
E0469233_1,agricultural_burning,low,0,1,235_703,0
E0469453_2,agricultural_burning,low,0,1,235_798,4
E0469456_1,agricultural_burning,low,0,1,235_798,4
E0469456_2,agricultural_burning,low,0,1,235_798,4
E0469457_1,agricultural_burning,low,0,1,235_799,0
E0469458_2,agricultural_burning,low,0,1,235_799,0
E0469490_1,agricultural_burning,low,0,1,235_805,1
E0469531_1,agricultural_burning,low,0,1,235_819,3
E0469538_1,agricultural_burning,low,0,1,235_820,4
E0469643_1,agricultural_burning,low,0,1,235_841,4
E0469652_2,agricultural_burning,low,0,1,235_842,4
E0469680_1,agricultural_burning,low,0,1,235_853,3
E0469702_3,agricultural_burning,low,0,1,235_865,3
E0469768_1,agricultural_burning,low,0,1,235_919,2
E0469832_1,agricultural_burning,low,0,1,235_935,3
E0469863_1,agricultural_burning,low,0,1,235_940,1
E0469869_1,agricultural_burning,low,0,1,235_941,3
E0469910_1,agricultural_burning,low,0,1,235_952,2
E0469919_1,agricultural_burning,low,0,1,235_954,3
E0469923_1,agricultural_burning,low,0,1,235_954,3
E0469925_1,agricultural_burning,low,0,1,235_955,0
E0469926_1,agricultural_burning,low,0,1,235_955,0
E0469927_2,agricultural_burning,low,0,1,235_955,0
E0469928_1,agricultural_burning,low,0,1,235_955,0
E0469932_1,agricultural_burning,low,0,1,235_955,0
E0469971_1,agricultural_burning,low,0,1,235_962,2
E0469973_1,agricultural_burning,low,0,1,235_962,2
E0469977_1,agricultural_burning,low,0,1,235_963,0
E0470004_3,agricultural_burning,low,0,1,235_966,3
E0470112_1,agricultural_burning,low,0,1,235_765,3
E0470162_1,agricultural_burning,low,0,1,235_775,0
E0470222_1,agricultural_burning,low,0,1,235_783,4
E0470226_1,agricultural_burning,low,0,1,235_783,4
E0470300_2,agricultural_burning,low,0,1,235_799,0
E0470302_2,agricultural_burning,low,0,1,235_799,0
E0470303_3,agricultural_burning,low,0,1,235_799,0
E0470309_1,agricultural_burning,low,0,1,235_799,0
E0470310_1,agricultural_burning,low,0,1,235_800,2
E0470387_1,agricultural_burning,low,0,1,235_819,3
E0470443_1,agricultural_burning,low,0,1,235_830,0
E0470452_1,agricultural_burning,low,0,1,235_832,0
E0470464_1,agricultural_burning,low,0,1,235_834,0
E0470484_1,agricultural_burning,low,0,1,235_840,4
E0470489_1,agricultural_burning,low,0,1,235_842,4
E0470679_2,agricultural_burning,low,0,1,235_938,1
E0470703_2,agricultural_burning,low,0,1,235_940,1
E0470709_1,agricultural_burning,low,0,1,235_941,3
E0470758_1,agricultural_burning,low,0,1,235_953,2
E0470761_2,agricultural_burning,low,0,1,235_954,3
E0470768_1,agricultural_burning,low,0,1,235_955,0
E0470770_3,agricultural_burning,low,0,1,235_955,0
E0470774_1,agricultural_burning,low,0,1,235_955,0
E0470777_2,agricultural_burning,low,0,1,235_956,4
E0470813_2,agricultural_burning,low,0,1,235_961,3
E0470829_1,agricultural_burning,low,0,1,235_963,0
E0470830_1,agricultural_burning,low,0,1,235_963,0
E0470926_1,agricultural_burning,low,0,1,235_753,0
E0470937_1,agricultural_burning,low,0,1,235_756,1
E0470997_1,agricultural_burning,low,0,1,235_773,3
E0471015_1,agricultural_burning,low,0,1,235_776,0
E0471058_1,agricultural_burning,low,0,1,235_781,4
E0471064_1,agricultural_burning,low,0,1,235_782,1
E0471094_1,agricultural_burning,low,0,1,235_789,3
E0471141_2,agricultural_burning,low,0,1,235_799,0
E0471142_1,agricultural_burning,low,0,1,235_799,0
E0471143_1,agricultural_burning,low,0,1,235_799,0
E0471143_3,agricultural_burning,low,0,1,235_799,0
E0471147_2,agricultural_burning,low,0,1,235_799,0
E0471230_1,agricultural_burning,low,0,1,235_822,0
E0471233_1,agricultural_burning,low,0,1,235_823,4
E0471293_1,agricultural_burning,low,0,1,235_832,0
E0471326_1,agricultural_burning,low,0,1,235_842,4
E0471372_1,agricultural_burning,low,0,1,235_858,2
E0471457_1,agricultural_burning,low,0,1,235_924,1
E0471511_1,agricultural_burning,low,0,1,235_937,3
E0471531_1,agricultural_burning,low,0,1,235_940,1
E0471544_1,agricultural_burning,low,0,1,235_942,0
E0471551_2,agricultural_burning,low,0,1,235_943,2
E0471564_1,agricultural_burning,low,0,1,235_951,3
E0471588_1,agricultural_burning,low,0,1,235_954,3
E0471610_1,agricultural_burning,low,0,1,235_957,2
E0471626_1,agricultural_burning,low,0,1,235_959,1
E0471669_1,agricultural_burning,low,0,1,235_966,3
E0471670_1,agricultural_burning,low,0,1,235_966,3
E0471738_1,agricultural_burning,low,0,1,235_756,1
E0471755_1,agricultural_burning,low,0,1,235_759,4
E0471788_1,agricultural_burning,low,0,1,235_768,1
E0471800_1,agricultural_burning,low,0,1,235_773,3
E0471819_1,agricultural_burning,low,0,1,235_776,0
E0471821_2,agricultural_burning,low,0,1,235_776,0
E0471824_1,agricultural_burning,low,0,1,235_776,0
E0471944_1,agricultural_burning,low,0,1,235_798,4
E0471948_1,agricultural_burning,low,0,1,235_799,0
E0471948_2,agricultural_burning,low,0,1,235_799,0
E0471951_1,agricultural_burning,low,0,1,235_799,0
E0471982_1,agricultural_burning,low,0,1,235_804,0
E0472010_1,agricultural_burning,low,0,1,235_816,3
E0472056_1,agricultural_burning,low,0,1,235_826,4
E0472099_1,agricultural_burning,low,0,1,235_832,0
E0472125_1,agricultural_burning,low,0,1,235_841,4
E0472156_1,agricultural_burning,low,0,1,235_848,0
E0472178_1,agricultural_burning,low,0,1,235_858,2
E0472183_1,agricultural_burning,low,0,1,235_859,4
E0472190_1,agricultural_burning,low,0,1,235_867,4
E0472191_2,agricultural_burning,low,0,1,235_867,4
E0472191_9,agricultural_burning,low,0,1,235_867,4
E0472257_1,agricultural_burning,low,0,1,235_919,2
E0472317_2,agricultural_burning,low,0,1,235_937,3
E0472332_1,agricultural_burning,low,0,1,235_938,1
E0472350_1,agricultural_burning,low,0,1,235_941,3
E0472360_1,agricultural_burning,low,0,1,235_942,0
E0472386_1,agricultural_burning,low,0,1,235_951,3
E0472391_2,agricultural_burning,low,0,1,235_951,3
E0472394_2,agricultural_burning,low,0,1,235_952,2
E0472394_3,agricultural_burning,low,0,1,235_952,2
E0472396_1,agricultural_burning,low,0,1,235_952,2
E0472414_1,agricultural_burning,low,0,1,235_954,3
E0472421_3,agricultural_burning,low,0,1,235_955,0
E0472430_1,agricultural_burning,low,0,1,235_956,4
E0472432_2,agricultural_burning,low,0,1,235_956,4
E0472490_1,agricultural_burning,low,0,1,235_966,3
E0472490_2,agricultural_burning,low,0,1,235_966,3
E0472575_2,agricultural_burning,low,0,1,235_764,3
E0472586_1,agricultural_burning,low,0,1,235_766,4
E0472645_1,agricultural_burning,low,0,1,235_778,2
E0472645_2,agricultural_burning,low,0,1,235_778,2
E0472676_1,agricultural_burning,low,0,1,235_782,1
E0472678_1,agricultural_burning,low,0,1,235_782,1
E0472751_1,agricultural_burning,low,0,1,235_799,0
E0472752_2,agricultural_burning,low,0,1,235_799,0
E0472763_1,agricultural_burning,low,0,1,235_800,2
E0473009_2,agricultural_burning,low,0,1,235_874,2
E0473052_1,agricultural_burning,low,0,1,235_917,2
E0473073_1,agricultural_burning,low,0,1,235_920,3
E0473084_1,agricultural_burning,low,0,1,235_925,4
E0473133_1,agricultural_burning,low,0,1,235_938,1
E0473148_1,agricultural_burning,low,0,1,235_941,3
E0473151_1,agricultural_burning,low,0,1,235_941,3
E0473186_1,agricultural_burning,low,0,1,235_951,3
E0473223_1,agricultural_burning,low,0,1,235_956,4
E0473230_2,agricultural_burning,low,0,1,235_958,0
E0473231_1,agricultural_burning,low,0,1,235_958,0
E0473316_2,agricultural_burning,low,0,1,235_733,1
E0473346_2,agricultural_burning,low,0,1,235_755,0
E0473404_2,agricultural_burning,low,0,1,235_770,3
E0473437_1,agricultural_burning,low,0,1,235_776,0
E0473445_2,agricultural_burning,low,0,1,236_777,0
E0473526_2,agricultural_burning,low,0,1,235_791,3
E0473549_2,agricultural_burning,low,0,1,235_797,2
E0473568_1,agricultural_burning,low,0,1,236_799,3
E0473570_1,agricultural_burning,low,0,1,236_799,3
E0473571_1,agricultural_burning,low,0,1,236_800,1
E0473701_1,agricultural_burning,low,0,1,236_827,4
E0473720_1,agricultural_burning,low,0,1,235_832,0
E0473864_2,agricultural_burning,low,0,1,236_900,4
E0473883_1,agricultural_burning,low,0,1,236_918,0
E0473889_1,agricultural_burning,low,0,1,235_919,2
E0473904_1,agricultural_burning,low,0,1,235_925,4
E0473935_1,agricultural_burning,low,0,1,235_934,2
E0473951_1,agricultural_burning,low,0,1,236_936,1
E0473989_1,agricultural_burning,low,0,1,235_942,0
E0474006_1,agricultural_burning,low,0,1,236_950,0
E0474027_1,agricultural_burning,low,0,1,235_953,2
E0474038_1,agricultural_burning,low,0,1,235_955,0
E0474039_1,agricultural_burning,low,0,1,236_955,2
E0474040_1,agricultural_burning,low,0,1,235_955,0
E0474117_1,agricultural_burning,low,0,1,236_966,4
E0474161_1,industrial_fire,low,0,1,236_749,3
E0474163_1,industrial_fire,low,0,1,236_749,3
E0474211_1,agricultural_burning,low,0,1,236_765,4
E0474242_1,agricultural_burning,low,0,1,236_773,4
E0474268_1,agricultural_burning,low,0,1,236_777,0
E0474310_2,agricultural_burning,low,0,1,236_782,4
E0474311_1,agricultural_burning,low,0,1,236_782,4
E0474313_1,agricultural_burning,low,0,1,236_782,4
E0474319_2,agricultural_burning,low,0,1,236_783,1
E0474371_2,agricultural_burning,low,0,1,236_793,4
E0474401_1,agricultural_burning,low,0,1,236_799,3
E0474404_2,agricultural_burning,low,0,1,236_800,1
E0474455_1,agricultural_burning,low,0,1,236_813,1
E0474510_1,agricultural_burning,low,0,1,236_824,1
E0474533_1,agricultural_burning,low,0,1,236_829,2
E0474549_1,agricultural_burning,low,0,1,236_833,1
E0474564_1,agricultural_burning,low,0,1,236_839,0
E0474577_1,agricultural_burning,low,0,1,236_841,3
E0474632_7,agricultural_burning,low,0,1,236_856,1
E0474633_4,agricultural_burning,low,0,1,236_856,1
E0474633_5,agricultural_burning,low,0,1,236_856,1
E0474652_1,agricultural_burning,low,0,1,236_868,1
E0474652_6,agricultural_burning,low,0,1,236_868,1
E0474715_1,agricultural_burning,low,0,1,236_918,0
E0474716_1,agricultural_burning,low,0,1,236_919,0
E0474718_1,agricultural_burning,low,0,1,236_919,0
E0474765_1,industrial_fire,low,0,1,236_931,0
E0474772_1,agricultural_burning,low,0,1,236_933,1
E0474775_1,agricultural_burning,low,0,1,236_934,4
E0474804_1,agricultural_burning,low,0,1,236_938,4
E0474806_1,agricultural_burning,low,0,1,236_938,4
E0474807_1,agricultural_burning,low,0,1,236_938,4
E0474826_3,agricultural_burning,low,0,1,236_941,1
E0474831_1,agricultural_burning,low,0,1,236_942,2
E0474859_1,agricultural_burning,low,0,1,236_952,2
E0474872_1,agricultural_burning,low,0,1,236_955,2
E0474877_1,agricultural_burning,low,0,1,236_955,2
E0474921_1,agricultural_burning,low,0,1,236_963,4
E0474922_1,agricultural_burning,low,0,1,236_963,4
E0475026_1,agricultural_burning,low,0,1,236_757,0
E0475087_3,agricultural_burning,low,0,1,236_776,2
E0475093_1,agricultural_burning,low,0,1,236_777,0
E0475124_1,agricultural_burning,low,0,1,236_780,2
E0475127_1,agricultural_burning,low,0,1,236_780,2
E0475133_1,agricultural_burning,low,0,1,236_781,4
E0475224_1,agricultural_burning,low,0,1,236_798,2
E0475225_2,agricultural_burning,low,0,1,236_799,3
E0475286_1,agricultural_burning,low,0,1,236_814,0
E0475297_1,agricultural_burning,low,0,1,236_817,3
E0475324_1,agricultural_burning,low,0,1,236_824,1
E0475349_1,agricultural_burning,low,0,1,236_827,4
E0475401_1,agricultural_burning,low,0,1,236_842,0
E0475455_2,agricultural_burning,low,0,1,236_856,1
E0475474_7,agricultural_burning,low,0,1,236_867,4
E0475474_8,agricultural_burning,low,0,1,236_867,4
E0475523_2,agricultural_burning,low,0,1,236_918,0
E0475525_1,agricultural_burning,low,0,1,236_918,0
E0475530_1,agricultural_burning,low,0,1,236_919,0
E0475552_1,agricultural_burning,low,0,1,236_925,2
E0475553_1,agricultural_burning,low,0,1,236_925,2
E0475555_1,agricultural_burning,low,0,1,236_925,2
E0475600_1,agricultural_burning,low,0,1,236_937,1
E0475603_1,agricultural_burning,low,0,1,236_937,1
E0475604_1,agricultural_burning,low,0,1,236_937,1
E0475642_1,agricultural_burning,low,0,1,236_942,2
E0475665_1,agricultural_burning,low,0,1,236_952,2
E0475673_3,agricultural_burning,low,0,1,236_954,2
E0475679_1,agricultural_burning,low,0,1,236_955,2
E0475724_1,agricultural_burning,low,0,1,236_962,2
E0475772_1,agricultural_burning,low,0,1,236_686,2
E0475796_1,agricultural_burning,low,0,1,236_732,0
E0475820_1,industrial_fire,low,0,1,236_749,3
E0475956_1,agricultural_burning,low,0,1,236_780,2
E0476061_1,agricultural_burning,low,0,1,236_800,1
E0476230_1,agricultural_burning,low,0,1,236_842,0
E0476270_2,agricultural_burning,low,0,1,236_856,1
E0476301_6,agricultural_burning,low,0,1,236_868,1
E0476302_8,agricultural_burning,low,0,1,236_868,1
E0476354_1,agricultural_burning,low,0,1,236_917,1
E0476362_1,agricultural_burning,low,0,1,236_918,0
E0476363_1,agricultural_burning,low,0,1,236_919,0
E0476364_1,agricultural_burning,low,0,1,236_919,0
E0476365_1,agricultural_burning,low,0,1,236_919,0
E0476430_2,agricultural_burning,low,0,1,236_937,1
E0476515_2,agricultural_burning,low,0,1,236_955,2
E0476524_1,agricultural_burning,low,0,1,236_958,4
E0476741_2,agricultural_burning,low,0,1,236_778,2
E0476760_2,agricultural_burning,low,0,1,236_780,2
E0476769_1,agricultural_burning,low,0,1,236_782,4
E0476771_1,agricultural_burning,low,0,1,236_782,4
E0476788_2,agricultural_burning,low,0,1,236_784,3
E0476856_1,agricultural_burning,low,0,1,236_800,1
E0476858_1,agricultural_burning,low,0,1,236_800,1
E0476932_1,agricultural_burning,low,0,1,236_822,0
E0476934_1,agricultural_burning,low,0,1,236_822,0
E0476966_1,agricultural_burning,low,0,1,236_827,4
E0477001_1,agricultural_burning,low,0,1,236_838,4
E0477079_6,agricultural_burning,low,0,1,236_868,1
E0477079_9,agricultural_burning,low,0,1,236_868,1
E0477223_2,agricultural_burning,low,0,1,236_941,1
E0477254_1,agricultural_burning,low,0,1,236_951,0
E0477260_1,agricultural_burning,low,0,1,236_952,2
E0477275_2,agricultural_burning,low,0,1,236_955,2
E0477276_3,agricultural_burning,low,0,1,236_955,2
E0477278_1,agricultural_burning,low,0,1,236_955,2
E0477279_1,agricultural_burning,low,0,1,236_955,2
E0477302_1,agricultural_burning,low,0,1,236_962,2
E0477495_2,agricultural_burning,low,0,1,236_775,0
E0477497_1,agricultural_burning,low,0,1,236_775,0
E0477514_1,agricultural_burning,low,0,1,236_777,0
E0477524_2,agricultural_burning,low,0,1,236_778,2
E0477544_1,agricultural_burning,low,0,1,236_780,2
E0477617_1,agricultural_burning,low,0,1,236_793,4
E0477645_1,agricultural_burning,low,0,1,236_800,1
E0477688_1,agricultural_burning,low,0,1,236_817,3
E0477700_1,agricultural_burning,low,0,1,236_820,2
E0477702_1,agricultural_burning,low,0,1,236_820,2
E0477826_1,agricultural_burning,low,0,1,236_856,1
E0477828_1,agricultural_burning,low,0,1,236_856,1
E0477995_1,agricultural_burning,low,0,1,236_936,1
E0478051_1,agricultural_burning,low,0,1,236_952,2
E0478061_1,agricultural_burning,low,0,1,236_955,2
E0478088_1,agricultural_burning,low,0,1,236_962,2
E0478092_1,agricultural_burning,low,0,1,236_962,2
E0478236_1,agricultural_burning,low,0,1,236_765,4
E0478258_2,agricultural_burning,low,0,1,236_774,2
E0478262_1,agricultural_burning,low,0,1,236_774,2
E0478263_2,agricultural_burning,low,0,1,236_774,2
E0478272_1,agricultural_burning,low,0,1,236_775,0
E0478278_2,agricultural_burning,low,0,1,236_776,2
E0478278_3,agricultural_burning,low,0,1,236_776,2
E0478302_2,agricultural_burning,low,0,1,236_779,3
E0478365_3,agricultural_burning,low,0,1,236_790,4
E0478411_1,agricultural_burning,low,0,1,236_800,1
E0478412_1,agricultural_burning,low,0,1,236_800,1
E0478470_1,agricultural_burning,low,0,1,236_820,2
E0478489_1,agricultural_burning,low,0,1,236_822,0
E0478529_1,agricultural_burning,low,0,1,236_829,2
E0478591_2,agricultural_burning,low,0,1,236_855,0
E0478591_8,agricultural_burning,low,0,1,236_855,0
E0478591_9,agricultural_burning,medium,1,1,236_855,0
E0478673_1,agricultural_burning,low,0,1,236_900,4
E0478674_2,agricultural_burning,low,0,1,236_900,4
E0478683_1,agricultural_burning,low,0,1,236_915,2
E0478823_2,agricultural_burning,low,0,1,236_952,2
E0478837_1,agricultural_burning,low,0,1,236_955,2
E0478939_1,agricultural_burning,low,0,1,236_736,4
E0478962_1,industrial_fire,low,0,1,236_749,3
E0478998_1,agricultural_burning,low,0,1,236_764,0
E0479021_1,agricultural_burning,low,0,1,236_771,0
E0479035_1,agricultural_burning,low,0,1,236_774,2
E0479065_4,agricultural_burning,low,0,1,236_778,2
E0479080_1,agricultural_burning,low,0,1,236_780,2
E0479083_1,agricultural_burning,low,0,1,236_780,2
E0479152_1,agricultural_burning,low,0,1,236_793,4
E0479180_2,agricultural_burning,low,0,1,236_800,1
E0479229_1,agricultural_burning,low,0,1,236_818,2
E0479252_1,agricultural_burning,low,0,1,236_821,0
E0479279_1,agricultural_burning,low,0,1,236_826,0
E0479294_1,agricultural_burning,low,0,1,236_830,0
E0479347_1,agricultural_burning,low,0,1,236_857,4
E0479425_1,agricultural_burning,low,0,1,236_902,3
E0479426_1,agricultural_burning,low,0,1,236_902,3
E0479490_1,agricultural_burning,low,0,1,236_926,1
E0479555_1,agricultural_burning,low,0,1,236_941,1
E0479579_1,agricultural_burning,low,0,1,236_951,0
E0479593_1,agricultural_burning,low,0,1,236_952,2
E0479607_1,agricultural_burning,low,0,1,236_955,2
E0479611_2,agricultural_burning,low,0,1,236_956,0
E0479638_2,agricultural_burning,low,0,1,236_962,2
E0479689_1,agricultural_burning,low,0,1,236_694,0
E0479690_1,agricultural_burning,low,0,1,236_694,0
E0479696_1,industrial_fire,low,0,1,236_713,3
E0479817_2,agricultural_burning,low,0,1,236_775,0
E0479819_2,agricultural_burning,low,0,1,236_776,2
E0479846_1,agricultural_burning,low,0,1,236_779,3
E0479854_1,agricultural_burning,low,0,1,236_780,2
E0479870_1,agricultural_burning,low,0,1,236_783,1
E0479876_1,agricultural_burning,low,0,1,236_783,1
E0479891_3,agricultural_burning,low,0,1,236_785,0
E0479914_1,agricultural_burning,low,0,1,236_790,4
E0479936_1,agricultural_burning,low,0,1,236_797,0
E0480010_1,agricultural_burning,low,0,1,236_817,3
E0480027_1,agricultural_burning,low,0,1,236_820,2
E0480029_1,agricultural_burning,low,0,1,236_821,0
E0480061_1,agricultural_burning,low,0,1,236_826,0
E0480068_1,agricultural_burning,low,0,1,236_828,0
E0480088_1,agricultural_burning,low,0,1,236_834,0
E0480168_4,industrial_fire,medium,1,1,236_860,2
E0480168_8,industrial_fire,medium,1,1,236_860,2
E0480232_4,agricultural_burning,low,0,1,236_903,2
E0480233_1,agricultural_burning,low,0,1,236_903,2
E0480353_1,agricultural_burning,low,0,1,236_941,1
E0480388_2,agricultural_burning,low,0,1,236_952,2
E0480429_1,agricultural_burning,low,0,1,236_962,2
E0480483_1,agricultural_burning,low,0,1,236_695,2
E0480503_1,agricultural_burning,low,0,1,236_735,1
E0480549_1,agricultural_burning,low,0,1,236_756,0
E0480557_1,agricultural_burning,low,0,1,236_757,0
E0480614_2,agricultural_burning,low,0,1,236_775,0
E0480648_2,agricultural_burning,low,0,1,236_779,3
E0480650_1,agricultural_burning,low,0,1,236_779,3
E0480666_1,agricultural_burning,low,0,1,236_781,4
E0480804_2,agricultural_burning,low,0,1,236_808,3
E0480822_1,agricultural_burning,low,0,1,236_817,3
E0480833_1,agricultural_burning,low,0,1,236_819,1
E0480838_1,agricultural_burning,low,0,1,236_820,2
E0480847_1,agricultural_burning,low,0,1,236_821,0
E0480849_1,agricultural_burning,low,0,1,236_821,0
E0480897_1,agricultural_burning,low,0,1,236_831,0
E0480912_1,agricultural_burning,low,0,1,236_834,0
E0480916_1,agricultural_burning,low,0,1,236_835,0
E0480920_1,agricultural_burning,low,0,1,236_835,0
E0480992_14,agricultural_burning,low,0,1,236_863,3
E0480992_15,agricultural_burning,low,0,1,236_863,3
E0481076_1,agricultural_burning,low,0,1,236_919,0
E0481079_1,agricultural_burning,low,0,1,236_919,0
E0481166_3,agricultural_burning,low,0,1,236_941,1
E0481167_1,agricultural_burning,low,0,1,236_941,1
E0481248_1,agricultural_burning,low,0,1,236_963,4
E0481282_2,agricultural_burning,low,0,1,237_695,1
E0481307_1,agricultural_burning,low,0,1,237_735,3
E0481336_4,industrial_fire,low,0,1,237_755,2
E0481355_2,industrial_fire,low,0,1,237_759,4
E0481364_1,agricultural_burning,low,0,1,237_763,4
E0481399_1,agricultural_burning,low,0,1,237_774,3
E0481400_1,agricultural_burning,low,0,1,236_774,2
E0481408_1,agricultural_burning,low,0,1,237_775,2
E0481412_1,agricultural_burning,low,0,1,237_776,1
E0481465_2,agricultural_burning,low,0,1,237_782,3
E0481467_2,agricultural_burning,low,0,1,236_782,4
E0481469_1,agricultural_burning,low,0,1,236_783,1
E0481489_2,agricultural_burning,low,0,1,237_785,3
E0481622_2,agricultural_burning,low,0,1,237_823,3
E0481642_1,agricultural_burning,low,0,1,237_828,1
E0481681_1,agricultural_burning,low,0,1,237_835,1
E0481814_2,agricultural_burning,low,0,1,236_905,0
E0481815_1,agricultural_burning,low,0,1,237_905,2
E0481815_10,agricultural_burning,low,0,1,237_905,2
E0481835_1,agricultural_burning,low,0,1,237_917,0
E0481836_2,agricultural_burning,low,0,1,236_917,1
E0481842_1,agricultural_burning,low,0,1,236_918,0
E0481847_2,agricultural_burning,low,0,1,237_918,2
E0481906_1,agricultural_burning,low,0,1,237_935,0
E0481940_1,agricultural_burning,low,0,1,237_941,1
E0481964_1,agricultural_burning,low,0,1,237_951,4
E0482097_1,agricultural_burning,low,0,1,237_735,3
E0482098_1,agricultural_burning,low,0,1,237_735,3
E0482181_1,agricultural_burning,low,0,1,237_772,2
E0482194_1,agricultural_burning,low,0,1,237_775,2
E0482229_1,agricultural_burning,low,0,1,237_779,3
E0482250_1,agricultural_burning,low,0,1,237_782,3
E0482383_1,agricultural_burning,low,0,1,237_821,4
E0482384_1,agricultural_burning,low,0,1,237_821,4
E0482420_1,agricultural_burning,low,0,1,237_831,4
E0482445_1,agricultural_burning,low,0,1,237_835,1
E0482463_1,agricultural_burning,low,0,1,237_842,4
E0482475_1,agricultural_burning,low,0,1,237_848,2
E0482499_5,agricultural_burning,medium,1,1,237_854,1
E0482499_6,agricultural_burning,low,0,1,237_854,1
E0482499_8,agricultural_burning,low,0,1,237_854,1
E0482501_3,agricultural_burning,low,0,1,237_854,1
E0482502_11,agricultural_burning,low,0,1,237_854,1
E0482502_4,agricultural_burning,low,0,1,237_854,1
E0482502_6,agricultural_burning,low,0,1,237_854,1
E0482532_2,agricultural_burning,low,0,1,237_860,3
E0482544_8,agricultural_burning,low,0,1,237_864,1
E0482544_9,agricultural_burning,low,0,1,237_864,1
E0482775_1,agricultural_burning,low,0,1,237_951,4
E0482787_1,agricultural_burning,low,0,1,237_952,3
E0482793_1,agricultural_burning,low,0,1,237_953,2
E0482809_1,agricultural_burning,low,0,1,237_955,1
E0482841_2,agricultural_burning,low,0,1,237_963,4
E0482937_1,agricultural_burning,low,0,1,237_757,0
E0482975_1,agricultural_burning,low,0,1,237_772,2
E0483020_2,agricultural_burning,low,0,1,237_778,1
E0483020_4,agricultural_burning,low,0,1,237_778,1
E0483032_1,agricultural_burning,low,0,1,237_779,3
E0483033_2,agricultural_burning,low,0,1,237_779,3
E0483034_1,agricultural_burning,low,0,1,237_779,3
E0483229_1,agricultural_burning,low,0,1,237_832,3
E0483237_1,agricultural_burning,low,0,1,237_834,0
E0483291_1,agricultural_burning,low,0,1,237_851,4
E0483345_5,agricultural_burning,medium,1,1,237_864,1
E0483412_2,agricultural_burning,low,0,1,237_904,1
E0483427_1,agricultural_burning,low,0,1,237_916,0
E0483429_1,agricultural_burning,low,0,1,237_916,0
E0483497_1,agricultural_burning,low,0,1,237_928,3
E0483518_1,agricultural_burning,low,0,1,237_934,2
E0483650_1,agricultural_burning,low,0,1,237_963,4
E0483801_1,agricultural_burning,low,0,1,237_774,3
E0483805_1,agricultural_burning,low,0,1,237_775,2
E0483856_1,agricultural_burning,low,0,1,237_783,2
E0484000_1,agricultural_burning,low,0,1,237_828,1
E0484070_4,agricultural_burning,low,0,1,237_850,2
E0484070_7,agricultural_burning,low,0,1,237_850,2
E0484072_5,agricultural_burning,medium,1,1,237_850,2
E0484073_3,agricultural_burning,medium,1,1,237_850,2
E0484134_3,agricultural_burning,low,0,1,237_864,1
E0484184_1,agricultural_burning,low,0,1,237_900,1
E0484189_1,agricultural_burning,low,0,1,237_908,3
E0484191_2,agricultural_burning,low,0,1,237_909,1
E0484319_3,agricultural_burning,low,0,1,237_941,1
E0484349_1,agricultural_burning,low,0,1,237_951,4
E0484429_1,agricultural_burning,low,0,1,237_966,1
E0484555_2,agricultural_burning,low,0,1,237_772,2
E0484562_1,agricultural_burning,low,0,1,237_773,1
E0484573_1,agricultural_burning,low,0,1,237_775,2
E0484589_1,agricultural_burning,low,0,1,237_777,3
E0484589_2,agricultural_burning,low,0,1,237_777,3
E0484593_2,agricultural_burning,low,0,1,237_777,3
E0484615_1,agricultural_burning,low,0,1,237_780,4
E0484676_3,agricultural_burning,low,0,1,237_798,0
E0484716_2,agricultural_burning,low,0,1,237_808,0
E0484753_1,agricultural_burning,low,0,1,237_822,3
E0484767_1,agricultural_burning,low,0,1,237_825,3
E0484777_1,agricultural_burning,low,0,1,237_826,2
E0484803_1,agricultural_burning,low,0,1,237_833,3
E0484836_2,agricultural_burning,low,0,1,237_849,0
E0484839_4,agricultural_burning,low,0,1,237_850,2
E0484841_3,agricultural_burning,low,0,1,237_850,2
E0484841_5,agricultural_burning,low,0,1,237_850,2
E0485009_1,agricultural_burning,low,0,1,237_921,2
E0485014_1,agricultural_burning,low,0,1,237_921,2
E0485097_1,agricultural_burning,low,0,1,237_942,0
E0485161_1,agricultural_burning,low,0,1,237_960,2
E0485174_2,agricultural_burning,low,0,1,237_964,0
E0485284_1,agricultural_burning,low,0,1,237_769,0
E0485307_1,agricultural_burning,low,0,1,237_775,2
E0485322_2,agricultural_burning,low,0,1,237_777,3
E0485424_1,agricultural_burning,low,0,1,237_799,2
E0485425_2,agricultural_burning,low,0,1,237_799,2
E0485508_1,agricultural_burning,low,0,1,237_824,1
E0485536_1,agricultural_burning,low,0,1,237_833,3
E0485538_1,agricultural_burning,low,0,1,237_833,3
E0485745_2,agricultural_burning,low,0,1,237_920,4
E0485746_2,agricultural_burning,low,0,1,237_920,4
E0485747_1,agricultural_burning,low,0,1,237_920,4
E0485777_1,agricultural_burning,low,0,1,237_925,1
E0485834_1,agricultural_burning,low,0,1,237_938,4
E0485876_1,agricultural_burning,low,0,1,237_951,4
E0485887_2,agricultural_burning,low,0,1,237_953,2
E0485940_1,agricultural_burning,low,0,1,237_966,1
E0485961_1,agricultural_burning,low,0,1,237_733,0
E0486028_1,agricultural_burning,low,0,1,237_768,1
E0486069_1,agricultural_burning,low,0,1,237_777,3
E0486076_3,agricultural_burning,low,0,1,237_778,1
E0486152_1,agricultural_burning,low,0,1,237_798,0
E0486157_1,agricultural_burning,low,0,1,237_799,2
E0486160_1,agricultural_burning,low,0,1,237_799,2
E0486442_1,agricultural_burning,low,0,1,237_916,0
E0486497_1,industrial_fire,medium,1,1,237_924,0
E0486497_3,industrial_fire,low,0,1,237_924,0
E0486564_2,agricultural_burning,low,0,1,237_938,4
E0486565_1,agricultural_burning,low,0,1,237_938,4
E0486567_1,agricultural_burning,low,0,1,237_938,4
E0486603_1,agricultural_burning,low,0,1,237_951,4
E0486610_1,agricultural_burning,low,0,1,237_952,3
E0486615_1,agricultural_burning,low,0,1,237_953,2
E0486625_1,agricultural_burning,low,0,1,237_954,3
E0486627_1,agricultural_burning,low,0,1,237_955,1
E0486627_2,agricultural_burning,low,0,1,237_954,3
E0486628_1,agricultural_burning,low,0,1,237_955,1
E0486629_3,agricultural_burning,low,0,1,237_955,1
E0486676_1,agricultural_burning,low,0,1,237_966,1
E0486778_1,agricultural_burning,low,0,1,237_774,3
E0486798_2,agricultural_burning,low,0,1,237_778,1
E0486888_1,agricultural_burning,low,0,1,237_799,2
E0486921_2,agricultural_burning,low,0,1,237_814,1
E0486942_1,agricultural_burning,low,0,1,237_820,2
E0487005_1,agricultural_burning,low,0,1,237_834,0
E0487033_1,agricultural_burning,low,0,1,237_851,4
E0487148_3,agricultural_burning,low,0,1,237_908,3
E0487213_1,industrial_fire,low,0,1,237_924,0
E0487237_1,agricultural_burning,low,0,1,237_931,0
E0487241_1,agricultural_burning,low,0,1,237_932,2
E0487313_1,agricultural_burning,low,0,1,237_951,4
E0487361_2,agricultural_burning,low,0,1,237_961,2
E0487367_1,agricultural_burning,low,0,1,237_963,4
E0487471_1,agricultural_burning,low,0,1,237_774,3
E0487494_1,agricultural_burning,low,0,1,237_777,3
E0487546_1,agricultural_burning,low,0,1,237_788,4
E0487547_2,agricultural_burning,low,0,1,237_788,4
E0487577_1,agricultural_burning,low,0,1,237_798,0
E0487584_1,agricultural_burning,low,0,1,237_799,2
E0487623_1,agricultural_burning,low,0,1,237_814,1
E0487639_1,agricultural_burning,low,0,1,237_820,2
E0487640_1,agricultural_burning,low,0,1,237_820,2
E0487648_1,agricultural_burning,low,0,1,237_821,4
E0487769_3,agricultural_burning,low,0,1,237_859,2
E0487947_1,agricultural_burning,low,0,1,237_932,2
E0487949_1,agricultural_burning,low,0,1,237_932,2
E0487965_1,agricultural_burning,low,0,1,237_935,0
E0487972_1,agricultural_burning,low,0,1,237_936,1
E0488027_1,agricultural_burning,low,0,1,237_951,4
E0488031_1,agricultural_burning,low,0,1,237_952,3
E0488053_1,agricultural_burning,low,0,1,237_955,1
E0488069_1,agricultural_burning,low,0,1,237_961,2
E0488125_1,agricultural_burning,low,0,1,237_733,0
E0488137_1,agricultural_burning,low,0,1,237_746,3
E0488211_2,agricultural_burning,low,0,1,237_777,3
E0488213_1,agricultural_burning,low,0,1,237_777,3
E0488293_1,agricultural_burning,low,0,1,237_799,2
E0488305_1,agricultural_burning,low,0,1,237_801,0
E0488335_1,agricultural_burning,low,0,1,237_813,0
E0488366_1,agricultural_burning,low,0,1,237_820,2
E0488375_1,agricultural_burning,low,0,1,237_821,4
E0488392_1,agricultural_burning,low,0,1,237_824,1
E0488394_1,agricultural_burning,low,0,1,237_824,1
E0488441_1,agricultural_burning,medium,1,1,237_847,2
E0488505_3,agricultural_burning,low,0,1,237_869,2
E0488567_1,agricultural_burning,low,0,1,237_918,2
E0488583_1,agricultural_burning,low,0,1,237_921,2
E0488611_1,agricultural_burning,low,0,1,237_925,1
E0488618_1,agricultural_burning,low,0,1,237_927,3
E0488630_1,agricultural_burning,low,0,1,237_932,2
E0488634_1,agricultural_burning,low,0,1,237_933,3
E0488646_1,agricultural_burning,low,0,1,237_935,0
E0488703_1,agricultural_burning,low,0,1,237_952,3
E0488758_1,agricultural_burning,low,0,1,237_963,4
E0488764_1,agricultural_burning,low,0,1,237_964,0
E0488823_1,industrial_fire,low,0,1,237_750,4
E0488872_1,agricultural_burning,low,0,1,237_774,3
E0488890_2,agricultural_burning,low,0,1,237_777,3
E0488891_2,agricultural_burning,low,0,1,237_777,3
E0488975_3,agricultural_burning,low,0,1,238_798,2
E0489031_1,agricultural_burning,low,0,1,237_814,1
E0489050_1,agricultural_burning,low,0,1,238_819,1
E0489059_1,agricultural_burning,low,0,1,238_820,1
E0489061_2,agricultural_burning,low,0,1,237_821,4
E0489081_1,agricultural_burning,low,0,1,238_824,4
E0489092_1,agricultural_burning,low,0,1,237_826,2
E0489177_1,agricultural_burning,low,0,1,238_859,0
E0489198_1,agricultural_burning,low,0,1,237_866,1
E0489278_1,agricultural_burning,low,0,1,238_918,2
E0489288_1,agricultural_burning,low,0,1,238_919,3
E0489361_2,agricultural_burning,low,0,1,238_935,1
E0489383_1,agricultural_burning,low,0,1,238_938,3
E0489385_1,agricultural_burning,low,0,1,237_938,4
E0489392_1,agricultural_burning,low,0,1,238_940,1
E0489426_1,agricultural_burning,low,0,1,238_952,0
E0489472_1,agricultural_burning,low,0,1,238_963,3
E0489597_2,agricultural_burning,low,0,1,238_774,2
E0489602_2,agricultural_burning,low,0,1,238_775,4
E0489653_2,agricultural_burning,low,0,1,238_785,1
E0489772_1,agricultural_burning,low,0,1,238_819,1
E0489782_1,agricultural_burning,low,0,1,238_821,4
E0489789_1,agricultural_burning,low,0,1,238_821,4
E0489796_1,agricultural_burning,low,0,1,238_824,4
E0489800_1,agricultural_burning,low,0,1,238_825,2
E0489803_1,agricultural_burning,low,0,1,238_825,2
E0489956_2,agricultural_burning,low,0,1,238_909,1
E0489978_1,agricultural_burning,low,0,1,238_919,3
E0489987_2,agricultural_burning,low,0,1,238_920,1
E0489995_1,agricultural_burning,low,0,1,238_921,2
E0490026_1,agricultural_burning,low,0,1,238_933,1
E0490047_2,agricultural_burning,low,0,1,238_936,1
E0490085_1,agricultural_burning,low,0,1,238_941,3
E0490116_1,agricultural_burning,low,0,1,238_953,3
E0490133_1,agricultural_burning,low,0,1,238_956,1
E0490151_2,agricultural_burning,low,0,1,238_961,2
E0490151_3,agricultural_burning,low,0,1,238_961,2
E0490427_1,agricultural_burning,low,0,1,238_814,3
E0490485_1,agricultural_burning,low,0,1,238_826,2
E0490487_1,agricultural_burning,low,0,1,238_827,4
E0490550_1,agricultural_burning,low,0,1,238_858,1
E0490707_1,agricultural_burning,low,0,1,238_933,1
E0490722_1,agricultural_burning,low,0,1,238_936,1
E0490726_1,agricultural_burning,low,0,1,238_936,1
E0490740_5,agricultural_burning,low,0,1,238_938,3
E0490743_1,agricultural_burning,low,0,1,238_938,3
E0490762_2,agricultural_burning,low,0,1,238_941,3
E0490853_1,agricultural_burning,low,0,1,238_966,4
E0490877_3,agricultural_burning,low,0,1,238_738,3
E0490911_1,industrial_fire,low,0,1,238_758,0
E0491008_1,agricultural_burning,low,0,1,238_788,2
E0491103_1,agricultural_burning,low,0,1,238_820,1
E0491165_1,agricultural_burning,low,0,1,238_849,2
E0491165_5,agricultural_burning,low,0,1,238_849,2
E0491165_7,agricultural_burning,low,0,1,238_849,2
E0491286_1,agricultural_burning,low,0,1,238_919,3
E0491288_1,agricultural_burning,low,0,1,238_920,1
E0491293_2,agricultural_burning,low,0,1,238_920,1
E0491295_1,agricultural_burning,low,0,1,238_920,1
E0491309_1,agricultural_burning,low,0,1,238_922,0
E0491373_1,agricultural_burning,low,0,1,238_936,1
E0491392_2,agricultural_burning,low,0,1,238_938,3
E0491439_1,agricultural_burning,low,0,1,238_952,0
E0491451_1,agricultural_burning,low,0,1,238_956,1
E0491585_1,agricultural_burning,low,0,1,238_777,1
E0491587_1,agricultural_burning,low,0,1,238_777,1
E0491623_1,agricultural_burning,low,0,1,238_785,1
E0491732_1,agricultural_burning,low,0,1,238_824,4
E0491735_1,agricultural_burning,low,0,1,238_824,4
E0491833_1,agricultural_burning,low,0,1,238_859,0
E0491893_1,agricultural_burning,low,0,1,238_917,2
E0491913_1,agricultural_burning,low,0,1,238_920,1
E0491917_1,agricultural_burning,low,0,1,238_920,1
E0491946_1,agricultural_burning,low,0,1,238_925,3
E0491986_2,agricultural_burning,low,0,1,238_936,1
E0492021_1,agricultural_burning,low,0,1,238_942,1
E0492076_1,agricultural_burning,low,0,1,238_961,2
E0492098_1,agricultural_burning,low,0,1,238_967,0
E0492182_1,agricultural_burning,low,0,1,238_774,2
E0492239_3,agricultural_burning,low,0,1,238_783,0
E0492274_1,agricultural_burning,low,0,1,238_793,0
E0492369_1,agricultural_burning,low,0,1,238_824,4
E0492370_1,agricultural_burning,low,0,1,238_824,4
E0492372_1,agricultural_burning,low,0,1,238_824,4
E0492446_1,agricultural_burning,low,0,1,238_857,1
E0492527_1,agricultural_burning,low,0,1,238_920,1
E0492556_1,agricultural_burning,low,0,1,238_927,0
E0492577_2,agricultural_burning,low,0,1,238_932,3
E0492621_1,agricultural_burning,low,0,1,238_940,1
E0492622_1,agricultural_burning,low,0,1,238_940,1
E0492693_3,agricultural_burning,low,0,1,238_960,0
E0492750_2,agricultural_burning,low,0,1,238_732,1
E0492782_1,agricultural_burning,low,0,1,238_746,1
E0492996_1,agricultural_burning,low,0,1,238_819,1
E0493065_2,industrial_fire,low,0,1,238_854,0
E0493066_1,industrial_fire,low,0,1,238_854,0
E0493099_4,agricultural_burning,low,0,1,238_869,3
E0493141_1,agricultural_burning,low,0,1,238_917,2
E0493143_1,agricultural_burning,low,0,1,238_918,2
E0493198_1,agricultural_burning,low,0,1,238_931,2
E0493219_1,agricultural_burning,low,0,1,238_936,1
E0493232_2,agricultural_burning,low,0,1,238_938,3
E0493257_1,agricultural_burning,low,0,1,238_941,3
E0493261_1,agricultural_burning,low,0,1,238_941,3
E0493295_1,agricultural_burning,low,0,1,238_954,3
E0493372_1,agricultural_burning,low,0,1,238_732,1
E0493421_1,industrial_fire,low,0,1,238_760,4
E0493473_2,agricultural_burning,low,0,1,238_777,1
E0493505_2,agricultural_burning,low,0,1,238_781,0
E0493525_1,agricultural_burning,low,0,1,238_785,1
E0493542_1,agricultural_burning,low,0,1,238_792,3
E0493602_1,agricultural_burning,low,0,1,238_810,0
E0493631_1,agricultural_burning,low,0,1,238_820,1
E0493705_1,agricultural_burning,low,0,1,238_855,3
E0493823_1,agricultural_burning,low,0,1,238_927,0
E0493872_1,agricultural_burning,low,0,1,238_938,3
E0493873_2,agricultural_burning,low,0,1,238_938,3
E0493923_1,agricultural_burning,low,0,1,238_953,3
E0494051_1,agricultural_burning,low,0,1,238_771,4
E0494094_1,agricultural_burning,low,0,1,238_778,1
E0494095_1,agricultural_burning,low,0,1,238_778,1
E0494095_2,agricultural_burning,low,0,1,238_778,1
E0494205_1,agricultural_burning,low,0,1,238_818,2
E0494209_1,agricultural_burning,low,0,1,238_819,1
E0494233_1,agricultural_burning,low,0,1,238_824,4
E0494421_1,agricultural_burning,low,0,1,238_926,4
E0494443_1,agricultural_burning,low,0,1,238_934,3
E0494534_1,agricultural_burning,low,0,1,238_960,0
E0494565_3,agricultural_burning,low,0,1,238_968,3
E0494651_1,agricultural_burning,low,0,1,238_771,4
E0494821_1,agricultural_burning,low,0,1,238_818,2
E0494823_1,agricultural_burning,low,0,1,238_819,1
E0494829_1,agricultural_burning,low,0,1,238_820,1
E0494842_1,agricultural_burning,low,0,1,238_823,2
E0494846_1,agricultural_burning,low,0,1,238_824,4
E0494855_1,agricultural_burning,low,0,1,238_826,2
E0494907_1,agricultural_burning,medium,1,1,238_850,3
E0494928_1,agricultural_burning,low,0,1,238_855,3
E0494930_1,agricultural_burning,low,0,1,238_855,3
E0495025_1,agricultural_burning,low,0,1,238_920,1
E0495077_1,agricultural_burning,low,0,1,238_933,1
E0495096_2,agricultural_burning,low,0,1,238_936,1
E0495318_1,agricultural_burning,low,0,1,238_775,4
E0495336_2,agricultural_burning,low,0,1,238_777,1
E0495339_1,agricultural_burning,low,0,1,238_778,1
E0495361_1,agricultural_burning,low,0,1,239_781,2
E0495409_1,agricultural_burning,low,0,1,239_793,4
E0495416_1,agricultural_burning,low,0,1,239_796,3
E0495465_1,agricultural_burning,low,0,1,238_818,2
E0495544_1,industrial_fire,medium,1,1,238_853,4
E0495571_1,agricultural_burning,low,0,1,238_859,0
E0495634_1,agricultural_burning,low,0,1,238_920,1
E0495706_2,agricultural_burning,low,0,1,239_938,2
E0495709_2,agricultural_burning,low,0,1,239_938,2
E0495711_1,agricultural_burning,low,0,1,238_939,2
E0495773_1,agricultural_burning,low,0,1,238_959,1
E0495774_1,agricultural_burning,low,0,1,239_959,0
E0495834_1,agricultural_burning,low,0,1,239_733,2
E0495837_1,agricultural_burning,low,0,1,239_734,1
E0495855_1,agricultural_burning,low,0,1,239_745,2
E0495872_1,agricultural_burning,low,0,1,239_756,0
E0496101_1,agricultural_burning,low,0,1,239_829,0
E0496222_1,agricultural_burning,low,0,1,239_920,3
E0496254_1,agricultural_burning,low,0,1,239_933,0
E0496271_1,agricultural_burning,low,0,1,239_937,4
E0496437_1,industrial_fire,low,0,1,239_746,3
E0496538_2,agricultural_burning,low,0,1,239_782,0
E0496587_2,agricultural_burning,low,0,1,239_792,3
E0496650_1,agricultural_burning,low,0,1,239_824,4
E0496725_1,agricultural_burning,low,0,1,239_862,4
E0496791_1,agricultural_burning,low,0,1,239_920,3
E0496869_1,agricultural_burning,low,0,1,239_938,2
E0496876_1,agricultural_burning,low,0,1,239_939,3
E0496877_1,agricultural_burning,low,0,1,239_939,3
E0496965_1,agricultural_burning,low,0,1,239_964,2
E0496983_1,agricultural_burning,low,0,1,239_732,0
E0497003_1,industrial_fire,low,0,1,239_746,3
E0497061_1,agricultural_burning,low,0,1,239_777,1
E0497146_1,agricultural_burning,low,0,1,239_793,4
E0497251_1,agricultural_burning,low,0,1,239_836,3
E0497268_1,agricultural_burning,low,0,1,239_850,1
E0497277_1,agricultural_burning,low,0,1,239_852,4
E0497287_1,agricultural_burning,low,0,1,239_855,3
E0497342_1,agricultural_burning,low,0,1,239_916,3
E0497362_1,agricultural_burning,low,0,1,239_920,3
E0497412_1,agricultural_burning,low,0,1,239_935,1
E0497415_1,agricultural_burning,low,0,1,239_935,1
E0497507_1,agricultural_burning,low,0,1,239_957,0
E0497554_1,agricultural_burning,low,0,1,239_733,2
E0497632_2,agricultural_burning,low,0,1,239_777,1
E0497669_3,agricultural_burning,low,0,1,239_782,0
E0497705_1,agricultural_burning,low,0,1,239_789,4
E0497733_1,agricultural_burning,low,0,1,239_793,4
E0497788_1,agricultural_burning,low,0,1,239_814,4
E0497825_1,agricultural_burning,low,0,1,239_834,2
E0497828_1,agricultural_burning,low,0,1,239_836,3
E0497914_1,agricultural_burning,low,0,1,239_894,2
E0497935_1,agricultural_burning,low,0,1,239_920,3
E0497982_1,agricultural_burning,low,0,1,239_934,2
E0497990_2,agricultural_burning,low,0,1,239_936,0
E0498000_1,agricultural_burning,low,0,1,239_937,4
E0498011_1,agricultural_burning,low,0,1,239_938,2
E0498012_2,agricultural_burning,low,0,1,239_938,2
E0498017_1,agricultural_burning,low,0,1,239_939,3
E0498099_1,agricultural_burning,low,0,1,239_961,0
E0498151_2,industrial_fire,low,0,1,239_746,3
E0498226_1,agricultural_burning,low,0,1,239_780,3
E0498270_1,agricultural_burning,low,0,1,239_789,4
E0498271_1,agricultural_burning,low,0,1,239_789,4
E0498316_1,agricultural_burning,low,0,1,239_798,1
E0498356_1,agricultural_burning,low,0,1,239_814,4
E0498561_2,agricultural_burning,low,0,1,239_936,0
E0498576_5,agricultural_burning,low,0,1,239_938,2
E0498577_1,agricultural_burning,low,0,1,239_938,2
E0498673_2,agricultural_burning,low,0,1,239_968,4
E0498783_2,agricultural_burning,low,0,1,239_779,3
E0498790_1,agricultural_burning,low,0,1,239_780,3
E0498842_1,agricultural_burning,low,0,1,239_789,4
E0498940_1,agricultural_burning,low,0,1,239_823,4
E0498954_3,agricultural_burning,low,0,1,239_831,0
E0499102_1,agricultural_burning,low,0,1,239_932,3
E0499121_1,agricultural_burning,low,0,1,239_937,4
E0499160_1,agricultural_burning,low,0,1,239_945,1
E0499162_1,agricultural_burning,low,0,1,239_945,1
E0499171_1,agricultural_burning,low,0,1,239_953,2
E0499172_1,agricultural_burning,low,0,1,239_953,2
E0499331_2,agricultural_burning,low,0,1,239_778,0
E0499332_1,agricultural_burning,low,0,1,239_778,0
E0499366_1,agricultural_burning,low,0,1,239_782,0
E0499461_1,agricultural_burning,low,0,1,239_813,1
E0499463_1,agricultural_burning,low,0,1,239_814,4
E0499480_1,agricultural_burning,low,0,1,239_823,4
E0499495_1,agricultural_burning,low,0,1,239_829,0
E0499538_1,agricultural_burning,low,0,1,239_845,2
E0499659_1,agricultural_burning,low,0,1,239_932,3
E0499684_1,agricultural_burning,low,0,1,239_937,4
E0499746_1,agricultural_burning,low,0,1,239_958,1
E0499761_2,agricultural_burning,low,0,1,239_960,0
E0499770_1,agricultural_burning,low,0,1,239_962,0
E0499796_1,agricultural_burning,low,0,1,239_732,0
E0499803_1,agricultural_burning,low,0,1,239_733,2
E0499901_2,agricultural_burning,low,0,1,239_778,0
E0499909_1,agricultural_burning,low,0,1,239_779,3
E0499914_1,agricultural_burning,low,0,1,239_779,3
E0499969_1,agricultural_burning,low,0,1,239_793,4
E0500103_1,agricultural_burning,low,0,1,239_856,0
E0500205_1,agricultural_burning,low,0,1,239_935,1
E0500220_1,agricultural_burning,low,0,1,239_937,4
E0500250_1,agricultural_burning,low,0,1,239_942,2
E0500455_1,agricultural_burning,low,0,1,239_779,3
E0500488_1,agricultural_burning,low,0,1,239_786,3
E0500641_1,agricultural_burning,low,0,1,239_850,1
E0500702_3,agricultural_burning,low,0,1,239_906,1
E0500765_1,agricultural_burning,low,0,1,239_936,0
E0500797_1,agricultural_burning,low,0,1,239_942,2
E0500804_1,agricultural_burning,low,0,1,239_943,0
E0500914_1,agricultural_burning,low,0,1,239_743,4
E0500970_1,agricultural_burning,low,0,1,239_775,0
E0501001_2,agricultural_burning,low,0,1,239_780,3
E0501023_2,agricultural_burning,low,0,1,239_784,2
E0501068_1,agricultural_burning,low,0,1,239_804,3
E0501094_2,agricultural_burning,low,0,1,239_816,4
E0501168_1,agricultural_burning,low,0,1,239_856,0
E0501275_1,agricultural_burning,low,0,1,239_935,1
E0501283_1,agricultural_burning,low,0,1,239_936,0
E0501306_1,agricultural_burning,low,0,1,239_942,2
E0501350_1,agricultural_burning,low,0,1,239_958,1
E0501364_3,agricultural_burning,low,0,1,239_960,0
E0501394_2,agricultural_burning,low,0,1,240_967,4
E0501400_2,agricultural_burning,low,0,1,239_968,4
E0501409_1,agricultural_burning,low,0,1,240_732,2
E0501410_1,agricultural_burning,low,0,1,240_732,2
E0501429_1,agricultural_burning,low,0,1,240_745,2
E0501493_1,agricultural_burning,low,0,1,240_776,1
E0501501_2,agricultural_burning,low,0,1,240_777,2
E0501548_1,agricultural_burning,low,0,1,240_787,2
E0501663_1,agricultural_burning,low,0,1,240_833,2
E0501742_1,agricultural_burning,low,0,1,240_891,2
E0501757_1,agricultural_burning,low,0,1,240_917,1
E0501769_1,agricultural_burning,low,0,1,240_921,4
E0501936_2,agricultural_burning,low,0,1,240_968,2
E0501960_1,agricultural_burning,low,0,1,240_734,3
E0502074_2,agricultural_burning,low,0,1,240_782,1
E0502213_1,agricultural_burning,low,0,1,240_836,2
E0502305_2,agricultural_burning,low,0,1,240_917,1
E0502395_1,agricultural_burning,low,0,1,240_943,4
E0502437_1,agricultural_burning,low,0,1,240_957,2
E0502448_1,agricultural_burning,low,0,1,240_959,2
E0502457_1,agricultural_burning,low,0,1,240_961,4
E0502459_1,agricultural_burning,low,0,1,240_961,4
E0502468_1,agricultural_burning,low,0,1,240_962,1
E0502505_1,agricultural_burning,low,0,1,240_733,2
E0502596_2,agricultural_burning,low,0,1,240_778,4
E0502678_1,agricultural_burning,low,0,1,240_807,0
E0502758_1,agricultural_burning,low,0,1,240_850,2
E0502760_1,agricultural_burning,low,0,1,240_851,4
E0502808_1,agricultural_burning,low,0,1,240_886,1
E0502882_1,agricultural_burning,low,0,1,240_937,0
E0502901_1,agricultural_burning,low,0,1,240_939,1
E0502911_2,agricultural_burning,low,0,1,240_942,0
E0502956_2,agricultural_burning,low,0,1,240_954,2
E0503024_1,agricultural_burning,low,0,1,240_967,4
E0503076_1,agricultural_burning,low,0,1,240_748,4
E0503143_1,agricultural_burning,low,0,1,240_777,2
E0503143_2,agricultural_burning,low,0,1,240_778,4
E0503151_2,agricultural_burning,low,0,1,240_778,4
E0503152_1,agricultural_burning,low,0,1,240_779,1
E0503266_1,agricultural_burning,low,0,1,240_823,1
E0503363_2,agricultural_burning,low,0,1,240_885,3
E0503393_3,agricultural_burning,low,0,1,240_910,4
E0503433_1,agricultural_burning,low,0,1,240_925,3
E0503566_1,agricultural_burning,low,0,1,240_961,4
E0503572_1,agricultural_burning,low,0,1,240_962,1
E0503590_3,agricultural_burning,low,0,1,240_967,4
E0503626_3,agricultural_burning,low,0,1,240_733,2
E0503688_1,agricultural_burning,low,0,1,240_774,4
E0503690_1,agricultural_burning,low,0,1,240_774,4
E0503707_1,agricultural_burning,low,0,1,240_778,4
E0503798_13,agricultural_burning,low,0,1,240_806,3
E0503798_4,agricultural_burning,low,0,1,240_806,3
E0503908_1,agricultural_burning,low,0,1,240_857,1
E0503943_1,agricultural_burning,low,0,1,240_885,3
E0504060_1,agricultural_burning,low,0,1,240_943,4
E0504089_1,agricultural_burning,low,0,1,240_953,1
E0504120_1,agricultural_burning,low,0,1,240_961,4
E0504228_1,agricultural_burning,low,0,1,240_772,4
E0504237_1,agricultural_burning,low,0,1,240_774,4
E0504347_1,agricultural_burning,low,0,1,240_811,0
E0504383_1,agricultural_burning,low,0,1,240_823,1
E0504394_1,agricultural_burning,low,0,1,240_829,4
E0504468_1,agricultural_burning,low,0,1,240_885,3
E0504475_1,agricultural_burning,low,0,1,240_887,3
E0504550_1,agricultural_burning,low,0,1,240_935,2
E0504566_1,agricultural_burning,low,0,1,240_938,1
E0504579_2,agricultural_burning,low,0,1,240_942,0
E0504580_1,agricultural_burning,low,0,1,240_942,0
E0504585_1,agricultural_burning,low,0,1,240_943,4
E0504587_2,agricultural_burning,low,0,1,240_943,4
E0504590_1,agricultural_burning,low,0,1,240_944,2
E0504593_1,agricultural_burning,low,0,1,240_945,3
E0504614_1,agricultural_burning,low,0,1,240_953,1
E0504651_1,agricultural_burning,low,0,1,240_962,1
E0504690_1,agricultural_burning,low,0,1,240_733,2
E0504737_5,industrial_fire,low,0,1,240_765,2
E0504745_1,agricultural_burning,low,0,1,240_772,4
E0504869_1,agricultural_burning,low,0,1,240_814,0
E0504915_1,agricultural_burning,low,0,1,240_837,3
E0505015_1,agricultural_burning,low,0,1,240_925,3
E0505044_1,agricultural_burning,low,0,1,240_936,2
E0505045_1,agricultural_burning,low,0,1,240_937,0
E0505045_2,agricultural_burning,low,0,1,240_937,0
E0505073_1,agricultural_burning,low,0,1,240_942,0
E0505095_1,agricultural_burning,low,0,1,240_951,1
E0505140_1,agricultural_burning,low,0,1,240_961,4
E0505203_1,agricultural_burning,low,0,1,240_735,4
E0505268_1,agricultural_burning,low,0,1,240_773,2
E0505377_1,agricultural_burning,low,0,1,240_806,3
E0505491_1,agricultural_burning,low,0,1,240_886,1
E0505592_1,agricultural_burning,low,0,1,240_939,1
E0505624_1,agricultural_burning,low,0,1,240_951,1
E0505631_1,agricultural_burning,low,0,1,240_953,1
E0505708_1,agricultural_burning,low,0,1,240_969,2
E0505733_2,agricultural_burning,low,0,1,240_745,2
E0505773_2,agricultural_burning,low,0,1,240_774,4
E0505778_1,agricultural_burning,low,0,1,240_774,4
E0505822_2,agricultural_burning,low,0,1,240_783,3
E0506035_1,agricultural_burning,low,0,1,240_917,1
E0506048_1,agricultural_burning,low,0,1,240_921,4
E0506071_1,agricultural_burning,low,0,1,240_925,3
E0506089_1,agricultural_burning,low,0,1,240_934,1
E0506120_1,agricultural_burning,low,0,1,240_938,1
E0506126_1,agricultural_burning,low,0,1,240_939,1
E0506204_1,agricultural_burning,low,0,1,240_962,1
E0506207_1,agricultural_burning,low,0,1,240_962,1
E0506293_1,agricultural_burning,low,0,1,240_774,4
E0506316_1,agricultural_burning,low,0,1,241_779,4
E0506381_1,agricultural_burning,low,0,1,241_799,2
E0506513_2,agricultural_burning,low,0,1,240_884,0
E0506607_1,agricultural_burning,low,0,1,241_935,4
E0506620_1,agricultural_burning,low,0,1,240_937,0
E0506625_1,agricultural_burning,low,0,1,241_938,0
E0506627_1,agricultural_burning,low,0,1,241_939,2
E0506630_1,agricultural_burning,low,0,1,241_939,2
E0506631_1,agricultural_burning,low,0,1,241_939,2
E0506676_1,agricultural_burning,low,0,1,241_953,0
E0506744_1,agricultural_burning,low,0,1,241_733,1
E0506782_1,industrial_fire,low,0,1,241_747,3
E0506782_2,industrial_fire,low,0,1,241_747,3
E0506784_2,industrial_fire,low,0,1,241_747,3
E0506897_2,agricultural_burning,low,0,1,241_791,2
E0506908_1,agricultural_burning,low,0,1,241_794,2
E0506920_1,agricultural_burning,low,0,1,241_799,2
E0506973_2,agricultural_burning,low,0,1,241_832,4
E0507003_3,agricultural_burning,low,0,1,241_868,1
E0507050_1,agricultural_burning,low,0,1,241_918,2
E0507123_1,agricultural_burning,low,0,1,241_938,0
E0507128_1,agricultural_burning,low,0,1,241_939,2
E0507129_1,agricultural_burning,low,0,1,241_939,2
E0507360_1,agricultural_burning,low,0,1,241_790,0
E0507411_1,agricultural_burning,low,0,1,241_805,0
E0507447_1,agricultural_burning,low,0,1,241_830,2
E0507469_1,agricultural_burning,low,0,1,241_844,2
E0507489_7,agricultural_burning,medium,1,1,241_863,3
E0507553_1,agricultural_burning,low,0,1,241_920,4
E0507608_1,agricultural_burning,low,0,1,241_937,3
E0507643_2,agricultural_burning,low,0,1,241_943,1
E0507644_1,agricultural_burning,low,0,1,241_943,1
E0507695_1,agricultural_burning,low,0,1,241_962,3
E0507754_1,agricultural_burning,low,0,1,241_742,2
E0507755_2,agricultural_burning,low,0,1,241_742,2
E0507825_1,agricultural_burning,low,0,1,241_777,3
E0507954_7,agricultural_burning,medium,1,1,241_825,2
E0508163_1,agricultural_burning,low,0,1,241_943,1
E0508170_2,agricultural_burning,low,0,1,241_945,2
E0508292_1,industrial_fire,low,0,1,241_747,3
E0508292_2,industrial_fire,low,0,1,241_747,3
E0508334_1,agricultural_burning,low,0,1,241_776,3
E0508345_2,agricultural_burning,low,0,1,241_779,4
E0508385_1,agricultural_burning,low,0,1,241_788,3
E0508403_1,agricultural_burning,low,0,1,241_795,0
E0508476_5,agricultural_burning,low,0,1,241_825,2
E0508577_1,agricultural_burning,low,0,1,241_885,3
E0508709_1,agricultural_burning,low,0,1,241_945,2
E0508712_1,agricultural_burning,low,0,1,241_945,2
E0508722_1,agricultural_burning,low,0,1,241_954,3
E0508747_1,agricultural_burning,low,0,1,241_962,3
E0508750_2,agricultural_burning,low,0,1,241_963,4
E0508832_1,industrial_fire,medium,1,1,241_747,3
E0508900_1,agricultural_burning,low,0,1,241_780,2
E0508917_1,agricultural_burning,low,0,1,241_783,3
E0509002_2,agricultural_burning,low,0,1,241_814,1
E0509027_1,agricultural_burning,low,0,1,241_826,0
E0509079_6,agricultural_burning,low,0,1,241_863,3
E0509079_9,agricultural_burning,low,0,1,241_863,3
E0509099_1,agricultural_burning,low,0,1,241_883,1
E0509105_2,agricultural_burning,low,0,1,241_885,3
E0509111_2,agricultural_burning,low,0,1,241_886,4
E0509128_1,agricultural_burning,low,0,1,241_913,1
E0509194_1,agricultural_burning,low,0,1,241_937,3
E0509195_1,agricultural_burning,low,0,1,241_937,3
E0509201_1,agricultural_burning,low,0,1,241_938,0
E0509210_1,agricultural_burning,low,0,1,241_939,2
E0509211_1,agricultural_burning,low,0,1,241_939,2
E0509227_2,agricultural_burning,low,0,1,241_942,2
E0509235_2,agricultural_burning,low,0,1,241_944,0
E0509316_2,agricultural_burning,low,0,1,241_969,2
E0509317_1,agricultural_burning,low,0,1,241_969,2
E0509380_1,agricultural_burning,low,0,1,241_745,4
E0509386_1,industrial_fire,low,0,1,241_746,1
E0509458_1,agricultural_burning,low,0,1,241_781,0
E0509572_5,agricultural_burning,low,0,1,241_825,2
E0509572_8,agricultural_burning,low,0,1,241_825,2
E0509572_9,agricultural_burning,low,0,1,241_825,2
E0509573_4,agricultural_burning,low,0,1,241_825,2
E0509573_6,agricultural_burning,medium,1,1,241_825,2
E0509574_3,agricultural_burning,medium,1,1,241_826,0
E0509574_5,agricultural_burning,low,0,1,241_826,0
E0509574_7,agricultural_burning,low,0,1,241_826,0
E0509575_6,agricultural_burning,low,0,1,241_826,0
E0509575_7,agricultural_burning,medium,1,1,241_826,0
E0509576_8,agricultural_burning,low,0,1,241_826,0
E0509579_2,agricultural_burning,low,0,1,241_826,0
E0509581_2,agricultural_burning,medium,1,1,241_826,0
E0509581_6,agricultural_burning,low,0,1,241_826,0
E0509582_4,agricultural_burning,low,0,1,241_826,0
E0509601_1,agricultural_burning,low,0,1,241_834,4
E0509763_1,agricultural_burning,low,0,1,241_936,4
E0509771_1,agricultural_burning,low,0,1,241_937,3
E0509826_1,agricultural_burning,low,0,1,241_956,2
E0509874_2,agricultural_burning,low,0,1,241_969,2
E0509876_1,agricultural_burning,low,0,1,241_684,3
E0510083_1,agricultural_burning,low,0,1,241_804,0
E0510093_3,agricultural_burning,low,0,1,241_806,4
E0510132_1,agricultural_burning,low,0,1,241_826,0
E0510133_3,agricultural_burning,medium,1,1,241_826,0
E0510133_6,agricultural_burning,low,0,1,241_826,0
E0510133_9,agricultural_burning,low,0,1,241_826,0
E0510134_3,agricultural_burning,low,0,1,241_826,0
E0510134_4,agricultural_burning,low,0,1,241_826,0
E0510134_6,agricultural_burning,low,0,1,241_826,0
E0510137_3,agricultural_burning,low,0,1,241_827,3
E0510144_2,agricultural_burning,low,0,1,241_830,2
E0510245_1,agricultural_burning,low,0,1,241_921,3
E0510249_1,agricultural_burning,low,0,1,241_923,2
E0510318_1,agricultural_burning,low,0,1,241_937,3
E0510349_1,agricultural_burning,low,0,1,241_944,0
E0510349_2,agricultural_burning,low,0,1,241_944,0
E0510372_1,agricultural_burning,low,0,1,241_955,0
E0510406_1,agricultural_burning,low,0,1,241_966,4
E0510416_1,agricultural_burning,low,0,1,241_968,1
E0510421_1,agricultural_burning,low,0,1,241_969,2
E0510464_1,agricultural_burning,low,0,1,241_743,2
E0510473_1,agricultural_burning,low,0,1,241_744,2
E0510478_1,agricultural_burning,low,0,1,241_745,4
E0510646_1,agricultural_burning,low,0,1,241_824,4
E0510651_4,agricultural_burning,medium,1,1,241_825,2
E0510651_7,agricultural_burning,low,0,1,241_825,2
E0510656_1,agricultural_burning,low,0,1,241_826,0
E0510659_7,agricultural_burning,low,0,1,241_826,0
E0510785_1,agricultural_burning,low,0,1,241_921,3
E0510831_1,agricultural_burning,low,0,1,241_933,4
E0510836_1,agricultural_burning,low,0,1,241_935,4
E0510861_1,agricultural_burning,low,0,1,241_938,0
E0510863_1,agricultural_burning,low,0,1,241_941,3
E0510934_1,agricultural_burning,low,0,1,241_959,4
E0511055_1,industrial_fire,low,0,1,241_747,3
E0511092_1,agricultural_burning,low,0,1,241_774,0
E0511096_1,agricultural_burning,low,0,1,241_775,2
E0511209_1,agricultural_burning,low,0,1,241_825,2
E0511229_2,agricultural_burning,low,0,1,241_830,2
E0511300_1,agricultural_burning,low,0,1,241_892,4
E0511304_1,agricultural_burning,low,0,1,241_912,4
E0511394_1,agricultural_burning,low,0,1,241_937,3
E0511477_1,agricultural_burning,low,0,1,241_959,4
E0511493_1,agricultural_burning,low,0,1,241_962,3
E0511506_1,agricultural_burning,low,0,1,241_966,4
E0511534_1,agricultural_burning,low,0,1,242_732,3
E0511567_1,agricultural_burning,low,0,1,241_743,2
E0511567_2,agricultural_burning,low,0,1,242_743,2
E0511607_1,agricultural_burning,low,0,1,241_774,0
E0511612_2,agricultural_burning,low,0,1,242_774,1
E0511624_1,agricultural_burning,low,0,1,242_778,0
E0511626_2,agricultural_burning,low,0,1,242_778,0
E0511711_10,agricultural_burning,low,0,1,241_807,2
E0511711_6,agricultural_burning,low,0,1,242_807,2
E0511738_1,agricultural_burning,low,0,1,242_826,3
E0511739_1,agricultural_burning,low,0,1,242_826,3
E0511739_2,agricultural_burning,low,0,1,242_826,3
E0511740_5,agricultural_burning,low,0,1,242_827,3
E0511926_2,agricultural_burning,low,0,1,241_937,3
E0511961_2,agricultural_burning,low,0,1,242_947,1
E0512097_1,industrial_fire,low,0,1,242_755,0
E0512098_1,industrial_fire,low,0,1,242_756,1
E0512135_1,agricultural_burning,low,0,1,242_778,0
E0512143_1,agricultural_burning,low,0,1,242_780,0
E0512199_1,agricultural_burning,low,0,1,242_805,1
E0512238_10,agricultural_burning,low,0,1,242_825,3
E0512238_11,agricultural_burning,medium,1,1,242_825,3
E0512239_14,agricultural_burning,low,0,1,242_825,3
E0512239_5,agricultural_burning,low,0,1,242_825,3
E0512259_1,agricultural_burning,low,0,1,242_830,1
E0512264_1,agricultural_burning,low,0,1,242_835,4
E0512414_1,agricultural_burning,low,0,1,242_937,0
E0512427_1,agricultural_burning,low,0,1,242_943,4
E0512436_1,agricultural_burning,low,0,1,242_946,4
E0512504_1,agricultural_burning,low,0,1,242_731,2
E0512532_1,agricultural_burning,low,0,1,242_744,4
E0512556_1,industrial_fire,low,0,1,242_756,1
E0512632_1,agricultural_burning,low,0,1,242_788,0
E0512634_1,agricultural_burning,low,0,1,242_789,3
E0512801_1,agricultural_burning,low,0,1,242_912,2
E0512851_1,agricultural_burning,low,0,1,242_935,0
E0512854_1,agricultural_burning,low,0,1,242_935,0
E0512855_1,agricultural_burning,low,0,1,242_935,0
E0512867_2,agricultural_burning,low,0,1,242_937,0
E0512868_1,agricultural_burning,low,0,1,242_937,0
E0512869_2,agricultural_burning,low,0,1,242_937,0
E0512871_1,agricultural_burning,low,0,1,242_937,0
E0512878_1,agricultural_burning,low,0,1,242_938,2
E0512899_1,agricultural_burning,low,0,1,242_943,4
E0513030_1,agricultural_burning,low,0,1,242_744,4
E0513075_2,agricultural_burning,low,0,1,242_774,1
E0513076_1,agricultural_burning,low,0,1,242_774,1
E0513080_1,agricultural_burning,low,0,1,242_774,1
E0513120_1,agricultural_burning,low,0,1,242_782,4
E0513140_1,agricultural_burning,low,0,1,242_789,3
E0513147_1,agricultural_burning,low,0,1,242_790,0
E0513156_2,agricultural_burning,low,0,1,242_794,3
E0513225_3,industrial_fire,low,0,1,242_830,1
E0513239_1,agricultural_burning,low,0,1,242_842,0
E0513251_1,agricultural_burning,low,0,1,242_846,4
E0513314_1,agricultural_burning,low,0,1,242_912,2
E0513314_2,agricultural_burning,low,0,1,242_912,2
E0513320_1,agricultural_burning,low,0,1,242_919,1
E0513371_1,agricultural_burning,low,0,1,242_935,0
E0513381_1,agricultural_burning,low,0,1,242_936,0
E0513392_1,agricultural_burning,low,0,1,242_937,0
E0513393_1,agricultural_burning,low,0,1,242_937,0
E0513398_1,agricultural_burning,low,0,1,242_937,0
E0513570_1,agricultural_burning,low,0,1,242_746,3
E0513628_1,agricultural_burning,low,0,1,242_780,0
E0513632_1,agricultural_burning,low,0,1,242_780,0
E0513685_1,agricultural_burning,low,0,1,242_801,0
E0513707_1,agricultural_burning,low,0,1,242_808,2
E0513802_1,industrial_fire,medium,1,1,242_875,1
E0513803_1,industrial_fire,low,0,1,242_875,1
E0513837_2,agricultural_burning,low,0,1,242_912,2
E0513843_1,agricultural_burning,low,0,1,242_920,1
E0513869_1,agricultural_burning,low,0,1,242_929,1
E0513908_1,agricultural_burning,low,0,1,242_937,0
E0513909_1,agricultural_burning,low,0,1,242_937,0
E0513912_1,agricultural_burning,low,0,1,242_937,0
E0513913_2,agricultural_burning,low,0,1,242_937,0
E0513958_1,agricultural_burning,low,0,1,242_954,1
E0514004_1,agricultural_burning,low,0,1,242_963,1
E0514058_1,agricultural_burning,low,0,1,242_743,2
E0514078_1,agricultural_burning,low,0,1,242_746,3
E0514172_1,agricultural_burning,low,0,1,242_786,1
E0514257_1,agricultural_burning,low,0,1,242_811,2
E0514326_2,agricultural_burning,low,0,1,242_845,0
E0514328_2,agricultural_burning,low,0,1,242_846,4
E0514342_1,mining_activity,medium,1,1,242_875,1
E0514421_2,agricultural_burning,low,0,1,242_936,0
E0514433_1,agricultural_burning,low,0,1,242_937,0
E0514450_1,agricultural_burning,low,0,1,242_943,4
E0514455_1,agricultural_burning,low,0,1,242_944,0
E0514461_1,agricultural_burning,low,0,1,242_945,4
E0514504_1,agricultural_burning,low,0,1,242_962,1
E0514521_2,agricultural_burning,low,0,1,242_969,0
E0514578_2,agricultural_burning,low,0,1,242_745,2
E0514692_1,agricultural_burning,low,0,1,242_787,3
E0514716_2,agricultural_burning,low,0,1,242_797,1
E0514754_1,agricultural_burning,low,0,1,242_811,2
E0514867_1,agricultural_burning,low,0,1,242_912,2
E0514868_1,agricultural_burning,low,0,1,242_913,3
E0514939_1,agricultural_burning,low,0,1,242_937,0
E0514940_1,agricultural_burning,low,0,1,242_937,0
E0514941_1,agricultural_burning,low,0,1,242_937,0
E0514943_1,agricultural_burning,low,0,1,242_937,0
E0514945_1,agricultural_burning,low,0,1,242_937,0
E0514962_1,agricultural_burning,low,0,1,242_943,4
E0515022_4,agricultural_burning,low,0,1,242_963,1
E0515023_1,agricultural_burning,low,0,1,242_963,1
E0515055_1,agricultural_burning,low,0,1,242_731,2
E0515084_1,agricultural_burning,low,0,1,242_744,4
E0515091_2,agricultural_burning,low,0,1,242_745,2
E0515103_1,agricultural_burning,low,0,1,242_747,2
E0515205_1,agricultural_burning,low,0,1,242_789,3
E0515362_1,agricultural_burning,low,0,1,242_913,3
E0515445_1,agricultural_burning,low,0,1,242_943,4
E0515449_2,agricultural_burning,low,0,1,242_943,4
E0515452_1,agricultural_burning,low,0,1,242_943,4
E0515508_1,agricultural_burning,low,0,1,242_961,2
E0515566_1,agricultural_burning,low,0,1,242_744,4
E0515580_1,agricultural_burning,low,0,1,242_746,3
E0515728_1,agricultural_burning,low,0,1,242_811,2
E0516057_2,agricultural_burning,low,0,1,242_744,4
E0516132_2,agricultural_burning,low,0,1,242_780,0
E0516364_2,agricultural_burning,low,0,1,242_931,0
E0516391_2,agricultural_burning,low,0,1,242_937,0
E0516531_1,agricultural_burning,low,0,1,243_743,4
E0516540_1,agricultural_burning,low,0,1,243_745,1
E0516700_1,agricultural_burning,low,0,1,242_818,2
E0516711_1,agricultural_burning,low,0,1,242_826,3
E0516919_1,agricultural_burning,low,0,1,243_961,4
E0516935_1,agricultural_burning,low,0,1,242_967,0
E0516966_1,agricultural_burning,low,0,1,243_728,3
E0516967_1,agricultural_burning,low,0,1,243_732,1
E0517028_2,agricultural_burning,low,0,1,243_774,2
E0517053_1,agricultural_burning,low,0,1,243_779,4
E0517055_2,agricultural_burning,low,0,1,243_779,4
E0517196_1,agricultural_burning,low,0,1,243_827,1
E0517278_1,agricultural_burning,low,0,1,243_922,0
E0517317_1,agricultural_burning,low,0,1,243_934,3
E0517389_1,agricultural_burning,low,0,1,243_954,3
E0517433_1,agricultural_burning,low,0,1,243_964,3
E0517498_1,agricultural_burning,low,0,1,243_745,1
E0517556_1,agricultural_burning,low,0,1,243_779,4
E0517557_1,agricultural_burning,low,0,1,243_779,4
E0517560_2,agricultural_burning,low,0,1,243_779,4
E0517602_1,agricultural_burning,low,0,1,243_792,3
E0517624_1,agricultural_burning,low,0,1,243_801,4
E0517837_1,agricultural_burning,low,0,1,243_943,1
E0517845_1,agricultural_burning,low,0,1,243_944,2
E0517890_1,agricultural_burning,low,0,1,243_961,4
E0517891_1,agricultural_burning,low,0,1,243_961,4
E0517901_1,agricultural_burning,low,0,1,243_963,0
E0517929_1,agricultural_burning,low,0,1,243_968,3
E0517930_1,agricultural_burning,low,0,1,243_968,3
E0518033_1,agricultural_burning,low,0,1,243_778,4
E0518039_4,agricultural_burning,low,0,1,243_779,4
E0518042_1,agricultural_burning,low,0,1,243_779,4
E0518336_1,agricultural_burning,low,0,1,243_943,1
E0518337_1,agricultural_burning,low,0,1,243_943,1
E0518349_1,agricultural_burning,low,0,1,243_944,2
E0518417_1,agricultural_burning,low,0,1,243_963,0
E0518420_1,agricultural_burning,low,0,1,243_964,3
E0518435_1,agricultural_burning,low,0,1,243_967,2
E0518436_3,agricultural_burning,low,0,1,243_968,3
E0518442_1,agricultural_burning,low,0,1,243_968,3
E0518444_1,agricultural_burning,low,0,1,243_969,2
E0518543_1,agricultural_burning,low,0,1,243_778,4
E0518547_1,agricultural_burning,low,0,1,243_779,4
E0518553_1,agricultural_burning,low,0,1,243_780,4
E0518584_1,agricultural_burning,low,0,1,243_785,1
E0518585_1,agricultural_burning,low,0,1,243_785,1
E0518617_1,agricultural_burning,low,0,1,243_796,2
E0518670_2,agricultural_burning,low,0,1,243_810,3
E0518671_1,agricultural_burning,low,0,1,243_810,3
E0518715_1,agricultural_burning,low,0,1,243_835,1
E0518747_1,agricultural_burning,low,0,1,243_878,1
E0518787_2,agricultural_burning,low,0,1,243_928,1
E0518875_2,agricultural_burning,low,0,1,243_949,2
E0518916_2,agricultural_burning,low,0,1,243_962,1
E0518935_1,agricultural_burning,low,0,1,243_967,2
E0518937_1,agricultural_burning,low,0,1,243_967,2
E0518941_2,agricultural_burning,low,0,1,243_968,3
E0519054_1,agricultural_burning,low,0,1,243_779,4
E0519055_1,agricultural_burning,low,0,1,243_779,4
E0519062_1,agricultural_burning,low,0,1,243_780,4
E0519067_3,agricultural_burning,low,0,1,243_780,4
E0519068_3,agricultural_burning,low,0,1,243_780,4
E0519068_4,agricultural_burning,low,0,1,243_781,2
E0519106_1,agricultural_burning,low,0,1,243_792,3
E0519163_2,agricultural_burning,low,0,1,243_808,4
E0519236_1,agricultural_burning,low,0,1,243_874,4
E0519273_1,agricultural_burning,low,0,1,243_926,2
E0519276_2,industrial_fire,low,0,1,243_926,2
E0519326_1,agricultural_burning,low,0,1,243_938,1
E0519340_1,agricultural_burning,low,0,1,243_944,2
E0519352_1,agricultural_burning,low,0,1,243_946,4
E0519418_1,agricultural_burning,low,0,1,243_964,3
E0519426_1,agricultural_burning,low,0,1,243_968,3
E0519426_2,agricultural_burning,low,0,1,243_968,3
E0519427_1,agricultural_burning,low,0,1,243_968,3
E0519471_1,agricultural_burning,low,0,1,243_742,2
E0519524_3,agricultural_burning,low,0,1,243_779,4
E0519533_1,agricultural_burning,low,0,1,243_779,4
E0519534_2,agricultural_burning,low,0,1,243_780,4
E0519535_1,agricultural_burning,low,0,1,243_780,4
E0519539_1,agricultural_burning,low,0,1,243_780,4
E0519543_1,agricultural_burning,low,0,1,243_780,4
E0519678_1,agricultural_burning,low,0,1,243_836,4
E0519692_1,agricultural_burning,low,0,1,243_851,3
E0519712_2,agricultural_burning,low,0,1,243_878,1
E0519772_1,agricultural_burning,low,0,1,243_936,4
E0519797_1,agricultural_burning,low,0,1,243_943,1
E0519809_1,agricultural_burning,low,0,1,243_944,2
E0519810_1,agricultural_burning,low,0,1,243_944,2
E0519848_1,agricultural_burning,low,0,1,243_959,0
E0519848_3,agricultural_burning,low,0,1,243_959,0
E0519863_1,agricultural_burning,low,0,1,243_961,4
E0519877_3,agricultural_burning,low,0,1,243_964,3
E0519891_2,agricultural_burning,low,0,1,243_967,2
E0519891_3,agricultural_burning,low,0,1,243_967,2
E0519892_1,agricultural_burning,low,0,1,243_967,2
E0519979_2,agricultural_burning,low,0,1,243_776,2
E0519994_3,agricultural_burning,low,0,1,243_779,4
E0519995_1,agricultural_burning,low,0,1,243_779,4
E0520061_1,agricultural_burning,low,0,1,243_794,0
E0520159_1,agricultural_burning,low,0,1,243_849,4
E0520222_1,agricultural_burning,low,0,1,243_928,1
E0520243_2,agricultural_burning,low,0,1,243_933,2
E0520346_1,agricultural_burning,low,0,1,243_959,0
E0520390_1,agricultural_burning,low,0,1,243_967,2
E0520536_1,agricultural_burning,low,0,1,243_789,3
E0520556_1,agricultural_burning,low,0,1,243_793,0
E0520602_1,agricultural_burning,low,0,1,243_808,4
E0520603_1,agricultural_burning,low,0,1,243_808,4
E0520604_1,agricultural_burning,low,0,1,243_808,4
E0520662_1,agricultural_burning,low,0,1,243_849,4
E0520666_1,agricultural_burning,low,0,1,243_851,3
E0520683_1,agricultural_burning,low,0,1,243_874,4
E0520755_1,agricultural_burning,low,0,1,243_936,4
E0520791_1,agricultural_burning,low,0,1,243_943,1
E0520800_1,agricultural_burning,low,0,1,243_944,2
E0520879_1,agricultural_burning,low,0,1,243_966,3
E0521018_1,agricultural_burning,low,0,1,243_794,0
E0521066_1,agricultural_burning,low,0,1,243_808,4
E0521069_1,agricultural_burning,low,0,1,243_809,4
E0521099_1,agricultural_burning,low,0,1,243_822,2
E0521220_1,agricultural_burning,low,0,1,243_936,4
E0521258_1,agricultural_burning,low,0,1,243_947,1
E0521340_1,agricultural_burning,low,0,1,243_967,2
E0521495_1,agricultural_burning,low,0,1,243_794,0
E0521546_1,agricultural_burning,low,0,1,243_808,4
E0521548_1,agricultural_burning,low,0,1,244_809,0
E0521551_1,agricultural_burning,low,0,1,243_809,4
E0521558_2,agricultural_burning,low,0,1,243_811,2
E0521607_1,agricultural_burning,low,0,1,244_851,1
E0521672_1,agricultural_burning,low,0,1,243_928,1
E0521701_1,agricultural_burning,low,0,1,244_936,2
E0521702_1,agricultural_burning,low,0,1,244_936,2
E0521717_1,agricultural_burning,low,0,1,244_939,3
E0521788_1,agricultural_burning,low,0,1,244_960,2
E0521800_1,agricultural_burning,low,0,1,244_963,4
E0521806_1,agricultural_burning,low,0,1,243_963,0
E0521839_1,agricultural_burning,low,0,1,244_691,1
E0521914_1,agricultural_burning,low,0,1,244_772,0
E0521964_1,agricultural_burning,low,0,1,244_788,4
E0521991_1,agricultural_burning,low,0,1,244_794,1
E0522043_2,agricultural_burning,low,0,1,244_808,0
E0522112_1,agricultural_burning,low,0,1,244_851,1
E0522122_6,agricultural_burning,low,0,1,244_854,2
E0522122_8,agricultural_burning,low,0,1,244_854,2
E0522215_2,agricultural_burning,low,0,1,244_944,0
E0522228_1,agricultural_burning,low,0,1,244_946,4
E0522281_2,agricultural_burning,low,0,1,244_963,4
E0522282_1,agricultural_burning,low,0,1,244_963,4
E0522317_1,agricultural_burning,low,0,1,244_693,0
E0522348_1,agricultural_burning,low,0,1,244_738,1
E0522393_2,agricultural_burning,low,0,1,244_774,1
E0522458_1,agricultural_burning,low,0,1,244_794,1
E0522486_1,agricultural_burning,low,0,1,244_801,4
E0522561_2,agricultural_burning,low,0,1,244_852,1
E0522630_2,agricultural_burning,low,0,1,244_936,2
E0522670_1,agricultural_burning,low,0,1,244_944,0
E0522670_2,agricultural_burning,low,0,1,244_944,0
E0522734_1,agricultural_burning,low,0,1,244_960,2
E0522910_1,agricultural_burning,low,0,1,244_786,4
E0523009_2,agricultural_burning,low,0,1,244_809,0
E0523017_1,agricultural_burning,low,0,1,244_810,1
E0523098_2,agricultural_burning,low,0,1,244_878,0
E0523153_2,agricultural_burning,low,0,1,244_936,2
E0523163_1,agricultural_burning,low,0,1,244_940,0
E0523166_1,agricultural_burning,low,0,1,244_940,0
E0523168_1,agricultural_burning,low,0,1,244_941,1
E0523204_1,agricultural_burning,low,0,1,244_948,3
E0523411_1,agricultural_burning,low,0,1,244_791,1
E0523413_2,agricultural_burning,low,0,1,244_791,1
E0523430_1,agricultural_burning,low,0,1,244_795,0
E0523431_1,agricultural_burning,low,0,1,244_795,0
E0523458_2,agricultural_burning,low,0,1,244_801,4
E0523554_1,agricultural_burning,low,0,1,244_853,4
E0523594_1,agricultural_burning,low,0,1,244_927,0
E0523677_1,agricultural_burning,low,0,1,244_948,3
E0523679_1,agricultural_burning,low,0,1,244_948,3
E0523923_1,agricultural_burning,low,0,1,244_793,4
E0524133_1,agricultural_burning,low,0,1,244_938,3
E0524143_1,agricultural_burning,low,0,1,244_940,0
E0524161_1,agricultural_burning,low,0,1,244_945,4
E0524166_1,agricultural_burning,low,0,1,244_945,4
E0524236_1,agricultural_burning,low,0,1,244_967,2
E0524274_1,agricultural_burning,low,0,1,244_737,3
E0524322_1,agricultural_burning,low,0,1,244_775,1
E0524382_1,agricultural_burning,low,0,1,244_792,4
E0524410_1,agricultural_burning,low,0,1,244_796,3
E0524551_1,agricultural_burning,low,0,1,244_852,1
E0524552_1,agricultural_burning,low,0,1,244_852,1
E0524586_1,agricultural_burning,low,0,1,244_872,2
E0524593_1,agricultural_burning,low,0,1,244_874,4
E0524620_1,agricultural_burning,low,0,1,244_927,0
E0524679_1,agricultural_burning,low,0,1,244_944,0
E0524760_1,agricultural_burning,low,0,1,244_968,4
E0524849_2,agricultural_burning,low,0,1,244_775,1
E0524905_1,agricultural_burning,low,0,1,244_790,4
E0524962_1,agricultural_burning,low,0,1,244_802,4
E0524977_1,agricultural_burning,low,0,1,244_805,0
E0525011_1,agricultural_burning,low,0,1,244_812,1
E0525029_4,industrial_fire,low,0,1,244_815,2
E0525061_1,agricultural_burning,low,0,1,244_852,1
E0525103_1,agricultural_burning,low,0,1,244_874,4
E0525104_1,agricultural_burning,low,0,1,244_874,4
E0525126_2,agricultural_burning,low,0,1,244_927,0
E0525132_1,agricultural_burning,low,0,1,244_928,4
E0525233_1,agricultural_burning,low,0,1,244_958,1
E0525314_1,agricultural_burning,low,0,1,244_740,3
E0525333_2,industrial_fire,medium,1,1,244_771,4
E0525334_7,industrial_fire,medium,1,1,244_771,4
E0525444_1,agricultural_burning,low,0,1,244_796,3
E0525445_1,agricultural_burning,low,0,1,244_796,3
E0525477_1,agricultural_burning,low,0,1,244_805,0
E0525519_4,industrial_fire,low,0,1,244_815,2
E0525545_1,agricultural_burning,low,0,1,244_843,1
E0525562_1,agricultural_burning,low,0,1,244_852,1
E0525563_1,agricultural_burning,low,0,1,244_852,1
E0525568_1,agricultural_burning,low,0,1,244_852,1
E0525598_3,agricultural_burning,low,0,1,244_874,4
E0525632_1,agricultural_burning,low,0,1,244_928,4
E0525653_1,agricultural_burning,low,0,1,244_935,0
E0525655_3,agricultural_burning,low,0,1,244_935,0
E0525682_1,agricultural_burning,low,0,1,244_941,1
E0525721_1,agricultural_burning,low,0,1,244_948,3
E0525760_1,agricultural_burning,low,0,1,244_961,3
E0525857_1,agricultural_burning,low,0,1,244_770,3
E0525873_2,agricultural_burning,low,0,1,244_774,1
E0525935_1,agricultural_burning,low,0,1,244_794,1
E0525936_1,agricultural_burning,low,0,1,244_794,1
E0525954_3,agricultural_burning,low,0,1,244_798,1
E0526053_1,agricultural_burning,low,0,1,244_841,1
E0526056_1,agricultural_burning,low,0,1,244_843,1
E0526070_1,agricultural_burning,low,0,1,244_852,1
E0526101_1,agricultural_burning,low,0,1,244_858,4
E0526117_1,agricultural_burning,low,0,1,244_878,0
E0526136_2,agricultural_burning,low,0,1,244_927,0
E0526141_1,agricultural_burning,low,0,1,244_928,4
E0526142_1,agricultural_burning,low,0,1,244_928,4
E0526143_1,agricultural_burning,low,0,1,244_928,4
E0526178_1,agricultural_burning,low,0,1,244_936,2
E0526202_1,agricultural_burning,low,0,1,244_941,1
E0526215_1,agricultural_burning,low,0,1,244_944,0
E0526276_1,agricultural_burning,low,0,1,244_962,2
E0526399_2,agricultural_burning,low,0,1,245_776,3
E0526400_1,agricultural_burning,low,0,1,245_776,3
E0526401_2,agricultural_burning,low,0,1,244_777,0
E0526469_1,agricultural_burning,low,0,1,245_795,2
E0526512_2,agricultural_burning,low,0,1,245_805,0
E0526546_1,agricultural_burning,low,0,1,244_814,4
E0526546_3,agricultural_burning,low,0,1,244_814,4
E0526718_1,agricultural_burning,low,0,1,244_941,1
E0526720_1,agricultural_burning,low,0,1,244_941,1
E0526722_1,agricultural_burning,low,0,1,245_942,0
E0526723_1,agricultural_burning,low,0,1,245_942,0
E0526859_1,agricultural_burning,low,0,1,245_739,4
E0526902_3,agricultural_burning,low,0,1,245_774,4
E0527013_1,agricultural_burning,low,0,1,245_800,3
E0527052_2,agricultural_burning,low,0,1,245_807,1
E0527182_1,agricultural_burning,low,0,1,245_872,1
E0527230_1,agricultural_burning,low,0,1,245_935,3
E0527303_1,agricultural_burning,low,0,1,245_955,0
E0527323_1,agricultural_burning,low,0,1,245_961,1
E0527355_1,industrial_fire,low,0,1,245_721,2
E0527355_3,industrial_fire,low,0,1,245_722,0
E0527441_1,agricultural_burning,low,0,1,245_777,0
E0527516_1,agricultural_burning,low,0,1,245_795,2
E0527517_1,agricultural_burning,low,0,1,245_795,2
E0527566_1,agricultural_burning,low,0,1,245_805,0
E0527903_1,agricultural_burning,low,0,1,245_752,2
E0527952_3,agricultural_burning,low,0,1,245_776,3
E0527967_4,agricultural_burning,low,0,1,245_779,1
E0527984_1,agricultural_burning,low,0,1,245_782,0
E0528001_2,agricultural_burning,low,0,1,245_786,4
E0528032_1,agricultural_burning,low,0,1,245_795,2
E0528167_1,agricultural_burning,low,0,1,245_834,4
E0528214_1,agricultural_burning,low,0,1,245_854,2
E0528496_1,agricultural_burning,low,0,1,245_773,2
E0528533_1,agricultural_burning,low,0,1,245_779,1
E0528536_1,agricultural_burning,low,0,1,245_780,4
E0528544_3,agricultural_burning,low,0,1,245_780,4
E0528564_2,agricultural_burning,low,0,1,245_785,3
E0528594_1,agricultural_burning,low,0,1,245_794,4
E0528657_1,agricultural_burning,low,0,1,245_805,0
E0528723_2,agricultural_burning,low,0,1,245_833,0
E0528759_1,agricultural_burning,low,0,1,245_845,1
E0528760_1,agricultural_burning,low,0,1,245_845,1
E0528805_1,agricultural_burning,low,0,1,245_874,1
E0528826_1,agricultural_burning,low,0,1,245_933,4
E0528842_2,agricultural_burning,low,0,1,245_936,1
E0528869_1,agricultural_burning,low,0,1,245_944,4
E0528892_1,agricultural_burning,low,0,1,245_948,2
E0528912_1,agricultural_burning,low,0,1,245_956,2
E0528971_1,agricultural_burning,low,0,1,245_732,1
E0529029_2,agricultural_burning,low,0,1,245_774,4
E0529060_1,agricultural_burning,low,0,1,245_779,1
E0529061_1,agricultural_burning,low,0,1,245_779,1
E0529075_1,agricultural_burning,low,0,1,245_780,4
E0529129_1,agricultural_burning,low,0,1,245_795,2
E0529273_1,agricultural_burning,low,0,1,245_851,3
E0529371_2,agricultural_burning,low,0,1,245_944,4
E0529532_1,agricultural_burning,low,0,1,245_774,4
E0529570_3,agricultural_burning,low,0,1,245_780,4
E0529572_4,agricultural_burning,low,0,1,245_780,4
E0529585_1,agricultural_burning,low,0,1,245_785,3
E0529725_1,agricultural_burning,low,0,1,245_845,1
E0529840_1,agricultural_burning,low,0,1,245_944,4
E0529847_2,agricultural_burning,low,0,1,245_945,2
E0529870_1,agricultural_burning,low,0,1,245_949,3
E0529941_1,agricultural_burning,low,0,1,245_732,1
E0529964_1,agricultural_burning,low,0,1,245_739,4
E0530017_1,agricultural_burning,low,0,1,245_774,4
E0530020_1,agricultural_burning,low,0,1,245_775,3
E0530020_2,agricultural_burning,low,0,1,245_775,3
E0530053_1,agricultural_burning,low,0,1,245_781,2
E0530208_1,agricultural_burning,low,0,1,245_855,1
E0530283_1,agricultural_burning,low,0,1,245_938,3
E0530297_1,agricultural_burning,low,0,1,245_944,4
E0530302_4,agricultural_burning,low,0,1,245_945,2
E0530303_2,agricultural_burning,low,0,1,245_945,2
E0530501_1,agricultural_burning,low,0,1,245_775,3
E0530505_1,agricultural_burning,low,0,1,245_775,3
E0530523_1,agricultural_burning,low,0,1,245_779,1
E0530523_2,agricultural_burning,low,0,1,245_779,1
E0530524_2,agricultural_burning,low,0,1,245_779,1
E0530606_2,industrial_fire,low,0,1,245_807,1
E0530756_1,agricultural_burning,low,0,1,245_945,2
E0530843_1,agricultural_burning,low,0,1,245_727,4
E0530844_1,agricultural_burning,low,0,1,245_728,1
E0530914_2,agricultural_burning,low,0,1,245_768,0
E0530959_2,agricultural_burning,low,0,1,245_778,3
E0530959_3,agricultural_burning,low,0,1,245_778,3
E0531098_1,agricultural_burning,low,0,1,245_833,0
E0531182_2,industrial_fire,low,0,1,245_936,1
E0531208_2,agricultural_burning,low,0,1,245_945,2
E0531213_1,agricultural_burning,low,0,1,245_945,2
E0531279_1,agricultural_burning,low,0,1,245_733,4
E0531391_1,agricultural_burning,low,0,1,246_779,2
E0531392_2,agricultural_burning,low,0,1,245_779,1
E0531435_1,agricultural_burning,low,0,1,246_794,3
E0531485_1,agricultural_burning,low,0,1,246_806,3
E0531489_1,agricultural_burning,low,0,1,245_806,4
E0531633_2,agricultural_burning,low,0,1,246_935,4
E0531634_1,agricultural_burning,low,0,1,246_935,4
E0531676_1,agricultural_burning,low,0,1,245_947,4
E0531682_2,agricultural_burning,low,0,1,246_948,0
E0531862_1,agricultural_burning,low,0,1,246_774,3
E0531863_1,agricultural_burning,low,0,1,246_774,3
E0531866_1,agricultural_burning,low,0,1,246_774,3
E0531888_3,agricultural_burning,low,0,1,246_779,2
E0531988_1,agricultural_burning,low,0,1,246_806,3
E0532037_1,agricultural_burning,low,0,1,246_833,2
E0532415_1,agricultural_burning,low,0,1,246_796,2
E0532450_1,agricultural_burning,low,0,1,246_805,0
E0532455_2,agricultural_burning,low,0,1,246_806,3
E0532481_1,agricultural_burning,low,0,1,246_811,2
E0532482_1,agricultural_burning,low,0,1,246_811,2
E0532530_1,agricultural_burning,low,0,1,246_845,0
E0532657_1,agricultural_burning,low,0,1,246_948,0
E0532658_1,agricultural_burning,low,0,1,246_948,0
E0532663_2,agricultural_burning,low,0,1,246_948,0
E0532775_1,agricultural_burning,low,0,1,246_753,3
E0532829_1,agricultural_burning,low,0,1,246_774,3
E0532891_2,agricultural_burning,low,0,1,246_794,3
E0532892_2,agricultural_burning,low,0,1,246_794,3
E0532918_2,agricultural_burning,low,0,1,246_804,0
E0533012_1,agricultural_burning,low,0,1,246_857,0
E0533106_1,agricultural_burning,low,0,1,246_945,4
E0533154_1,agricultural_burning,low,0,1,246_959,2
E0533429_1,agricultural_burning,low,0,1,246_810,4
E0533429_3,agricultural_burning,low,0,1,246_809,0
E0533431_3,agricultural_burning,low,0,1,246_810,4
E0533432_2,agricultural_burning,low,0,1,246_810,4
E0533468_1,agricultural_burning,low,0,1,246_835,3
E0533518_1,agricultural_burning,low,0,1,246_874,1
E0533533_5,agricultural_burning,low,0,1,246_915,1
E0533533_7,agricultural_burning,low,0,1,246_915,1
E0533556_1,agricultural_burning,low,0,1,246_935,4
E0533560_1,agricultural_burning,low,0,1,246_935,4
E0533585_1,agricultural_burning,low,0,1,246_941,4
E0533609_1,agricultural_burning,low,0,1,246_947,2
E0533719_1,agricultural_burning,low,0,1,246_753,3
E0533752_2,agricultural_burning,low,0,1,246_768,0
E0533796_1,agricultural_burning,low,0,1,246_777,0
E0533842_1,agricultural_burning,low,0,1,246_795,1
E0533868_3,agricultural_burning,low,0,1,246_805,0
E0533874_2,agricultural_burning,low,0,1,246_806,3
E0533903_1,agricultural_burning,low,0,1,246_810,4
E0533904_2,agricultural_burning,low,0,1,246_810,4
E0533905_2,agricultural_burning,low,0,1,246_810,4
E0533973_1,agricultural_burning,low,0,1,246_856,0
E0533990_1,agricultural_burning,low,0,1,246_864,1
E0534019_3,agricultural_burning,low,0,1,246_919,2
E0534084_1,agricultural_burning,low,0,1,246_947,2
E0534098_1,agricultural_burning,low,0,1,246_948,0
E0534144_1,agricultural_burning,low,0,1,246_963,3
E0534252_3,agricultural_burning,low,0,1,246_769,0
E0534254_2,agricultural_burning,low,0,1,246_769,0
E0534255_1,agricultural_burning,low,0,1,246_769,0
E0534283_1,agricultural_burning,low,0,1,246_775,0
E0534344_1,agricultural_burning,low,0,1,246_794,3
E0534454_1,agricultural_burning,low,0,1,246_836,4
E0534492_1,agricultural_burning,low,0,1,246_857,0
E0534609_1,agricultural_burning,low,0,1,246_948,0
E0534614_1,agricultural_burning,low,0,1,246_948,0
E0534712_1,agricultural_burning,low,0,1,246_762,0
E0534726_2,agricultural_burning,low,0,1,246_767,3
E0534742_1,agricultural_burning,low,0,1,246_769,0
E0534753_1,agricultural_burning,low,0,1,246_771,4
E0534789_1,agricultural_burning,low,0,1,246_777,0
E0534825_2,agricultural_burning,low,0,1,246_785,1
E0534897_2,agricultural_burning,low,0,1,246_809,0
E0534990_1,agricultural_burning,low,0,1,246_861,3
E0534996_1,agricultural_burning,low,0,1,246_864,1
E0535023_1,agricultural_burning,low,0,1,246_874,1
E0535046_1,agricultural_burning,low,0,1,246_934,0
E0535108_1,agricultural_burning,low,0,1,246_950,2
E0535121_5,agricultural_burning,low,0,1,246_956,0
E0535176_1,industrial_fire,low,0,1,246_751,4
E0535210_1,agricultural_burning,low,0,1,246_769,0
E0535218_3,agricultural_burning,low,0,1,246_770,0
E0535316_2,agricultural_burning,low,0,1,246_802,3
E0535346_1,agricultural_burning,low,0,1,246_809,0
E0535394_1,agricultural_burning,low,0,1,246_836,4
E0535530_1,agricultural_burning,low,0,1,246_944,0
E0535550_1,agricultural_burning,low,0,1,246_948,0
E0535613_1,agricultural_burning,low,0,1,246_736,3
E0535633_1,industrial_fire,low,0,1,246_751,4
E0535634_1,industrial_fire,low,0,1,246_751,4
E0535634_4,industrial_fire,low,0,1,246_751,4
E0535635_1,industrial_fire,low,0,1,246_751,4
E0535635_3,industrial_fire,low,0,1,246_751,4
E0535645_1,agricultural_burning,low,0,1,246_764,2
E0535787_3,agricultural_burning,low,0,1,246_807,4
E0535800_2,agricultural_burning,low,0,1,246_809,0
E0535802_1,agricultural_burning,low,0,1,246_809,0
E0535804_1,agricultural_burning,low,0,1,246_810,4
E0535828_1,agricultural_burning,low,0,1,246_822,1
E0535911_1,agricultural_burning,low,0,1,246_874,1
E0536324_1,agricultural_burning,low,0,1,247_835,2
E0536396_2,agricultural_burning,low,0,1,246_870,1
E0536407_1,agricultural_burning,low,0,1,247_874,4
E0536432_1,agricultural_burning,low,0,1,246_931,1
E0536520_1,agricultural_burning,low,0,1,247_956,1
E0536653_1,agricultural_burning,low,0,1,247_770,2
E0536661_1,agricultural_burning,low,0,1,247_771,2
E0536663_1,agricultural_burning,low,0,1,247_771,2
E0536694_1,agricultural_burning,low,0,1,247_778,1
E0536705_1,agricultural_burning,low,0,1,247_780,4
E0536818_1,agricultural_burning,low,0,1,247_837,4
E0536895_1,agricultural_burning,low,0,1,247_874,4
E0536924_1,agricultural_burning,low,0,1,247_932,3
E0536974_2,agricultural_burning,low,0,1,247_945,0
E0537020_1,agricultural_burning,low,0,1,247_962,3
E0537024_1,agricultural_burning,low,0,1,247_963,0
E0537057_1,agricultural_burning,low,0,1,247_734,3
E0537072_10,agricultural_burning,low,0,1,247_746,2
E0537072_2,agricultural_burning,low,0,1,247_746,2
E0537072_9,agricultural_burning,low,0,1,247_746,2
E0537112_1,agricultural_burning,low,0,1,247_768,1
E0537126_3,agricultural_burning,low,0,1,247_770,2
E0537178_1,agricultural_burning,low,0,1,247_778,1
E0537275_2,agricultural_burning,low,0,1,247_810,3
E0537316_2,agricultural_burning,low,0,1,247_837,4
E0537317_1,agricultural_burning,low,0,1,247_837,4
E0537324_1,agricultural_burning,low,0,1,247_837,4
E0537326_2,agricultural_burning,low,0,1,247_838,0
E0537464_1,agricultural_burning,low,0,1,247_941,4
E0537516_1,agricultural_burning,low,0,1,247_957,3
E0537566_1,agricultural_burning,low,0,1,247_732,2
E0537574_1,agricultural_burning,low,0,1,247_733,0
E0537620_1,agricultural_burning,low,0,1,247_769,4
E0537648_2,agricultural_burning,low,0,1,247_773,1
E0537655_1,agricultural_burning,low,0,1,247_774,0
E0537734_2,agricultural_burning,low,0,1,247_807,0
E0537803_2,agricultural_burning,low,0,1,247_837,4
E0537818_1,agricultural_burning,low,0,1,247_839,2
E0537824_1,agricultural_burning,low,0,1,247_839,2
E0537889_2,agricultural_burning,low,0,1,247_875,0
E0537905_1,agricultural_burning,low,0,1,247_932,3
E0537945_1,agricultural_burning,low,0,1,247_942,4
E0538084_3,agricultural_burning,low,0,1,247_770,2
E0538085_3,agricultural_burning,low,0,1,247_770,2
E0538130_1,agricultural_burning,low,0,1,247_776,3
E0538222_2,agricultural_burning,low,0,1,247_811,2
E0538261_1,agricultural_burning,low,0,1,247_837,4
E0538261_2,agricultural_burning,low,0,1,247_837,4
E0538262_1,agricultural_burning,low,0,1,247_837,4
E0538331_1,agricultural_burning,low,0,1,247_873,0
E0538373_1,agricultural_burning,low,0,1,247_935,0
E0538538_1,agricultural_burning,low,0,1,247_767,3
E0538545_1,agricultural_burning,low,0,1,247_770,2
E0538549_3,agricultural_burning,low,0,1,247_770,2
E0538551_4,agricultural_burning,low,0,1,247_770,2
E0538552_2,agricultural_burning,low,0,1,247_770,2
E0538555_1,agricultural_burning,low,0,1,247_770,2
E0538581_1,agricultural_burning,low,0,1,247_776,3
E0538589_2,agricultural_burning,low,0,1,247_778,1
E0538595_1,agricultural_burning,low,0,1,247_779,4
E0538638_1,agricultural_burning,low,0,1,247_805,3
E0538700_1,agricultural_burning,low,0,1,247_836,1
E0538815_1,agricultural_burning,low,0,1,247_935,0
E0538869_1,agricultural_burning,low,0,1,247_950,2
E0538893_1,agricultural_burning,low,0,1,247_962,3
E0538990_1,agricultural_burning,low,0,1,247_771,2
E0538991_1,agricultural_burning,low,0,1,247_771,2
E0539007_2,agricultural_burning,low,0,1,247_774,0
E0539011_2,agricultural_burning,low,0,1,247_774,0
E0539035_1,agricultural_burning,low,0,1,247_778,1
E0539046_1,agricultural_burning,low,0,1,247_780,4
E0539053_1,industrial_fire,low,0,1,247_784,0
E0539216_1,agricultural_burning,low,0,1,247_864,3
E0539281_1,agricultural_burning,low,0,1,247_940,3
E0539286_2,agricultural_burning,low,0,1,247_941,4
E0539306_1,agricultural_burning,low,0,1,247_946,1
E0539358_1,agricultural_burning,low,0,1,247_967,3
E0539504_1,agricultural_burning,low,0,1,247_778,1
E0539523_4,industrial_fire,low,0,1,247_784,0
E0539641_1,agricultural_burning,low,0,1,247_838,0
E0539677_1,agricultural_burning,low,0,1,247_858,0
E0539795_1,agricultural_burning,low,0,1,247_950,2
E0539928_1,agricultural_burning,low,0,1,247_770,2
E0539949_1,agricultural_burning,low,0,1,247_774,0
E0540103_1,agricultural_burning,low,0,1,247_839,2
E0540108_2,agricultural_burning,low,0,1,247_840,1
E0540204_1,agricultural_burning,low,0,1,247_934,0
E0540271_1,agricultural_burning,low,0,1,247_956,1
E0540370_1,agricultural_burning,low,0,1,247_765,2
E0540643_1,agricultural_burning,low,0,1,247_874,4
E0540907_1,agricultural_burning,low,0,1,247_777,0
E0541109_1,agricultural_burning,low,0,1,247_874,4
E0541158_2,agricultural_burning,low,0,1,247_937,3
E0541318_2,agricultural_burning,low,0,1,248_769,2
E0541396_2,agricultural_burning,low,0,1,248_796,0
E0541558_1,agricultural_burning,low,0,1,248_873,0
E0541564_2,agricultural_burning,low,0,1,248_874,4
E0541638_2,agricultural_burning,low,0,1,248_938,0
E0541716_5,industrial_fire,medium,1,1,248_730,3
E0541723_1,agricultural_burning,low,0,1,248_733,4
E0541791_2,agricultural_burning,low,0,1,248_769,2
E0541957_2,agricultural_burning,low,0,1,248_836,4
E0541974_1,agricultural_burning,low,0,1,248_839,3
E0542009_1,agricultural_burning,low,0,1,248_873,0
E0542011_1,agricultural_burning,low,0,1,248_873,0
E0542014_2,agricultural_burning,low,0,1,248_874,4
E0542078_2,agricultural_burning,low,0,1,248_938,0
E0542210_2,agricultural_burning,low,0,1,248_765,4
E0542215_1,agricultural_burning,low,0,1,248_766,3
E0542390_1,agricultural_burning,low,0,1,248_835,1
E0542395_1,agricultural_burning,low,0,1,248_836,4
E0542400_2,agricultural_burning,low,0,1,248_836,4
E0542463_1,agricultural_burning,low,0,1,248_874,4
E0542465_1,agricultural_burning,low,0,1,248_874,4
E0542497_1,agricultural_burning,low,0,1,248_932,4
E0542624_2,agricultural_burning,low,0,1,248_762,4
E0542640_2,agricultural_burning,low,0,1,248_765,4
E0542662_2,agricultural_burning,low,0,1,248_770,0
E0542671_1,agricultural_burning,low,0,1,248_771,3
E0542718_1,agricultural_burning,low,0,1,248_782,2
E0542773_1,agricultural_burning,low,0,1,248_806,0
E0542825_1,agricultural_burning,low,0,1,248_836,4
E0542881_1,agricultural_burning,low,0,1,248_867,0
E0542888_1,agricultural_burning,low,0,1,248_874,4
E0542888_2,agricultural_burning,low,0,1,248_874,4
E0542893_1,agricultural_burning,low,0,1,248_874,4
E0542963_2,agricultural_burning,low,0,1,248_948,1
E0543027_1,agricultural_burning,low,0,1,248_749,0
E0543059_2,agricultural_burning,low,0,1,248_765,4
E0543079_2,agricultural_burning,low,0,1,248_770,0
E0543172_1,agricultural_burning,low,0,1,248_806,0
E0543308_1,agricultural_burning,low,0,1,248_874,4
E0543309_1,agricultural_burning,low,0,1,248_874,4
E0543372_1,agricultural_burning,low,0,1,248_948,1
E0543426_1,agricultural_burning,low,0,1,248_738,1
E0543454_2,agricultural_burning,low,0,1,248_761,4
E0543484_2,agricultural_burning,low,0,1,248_765,4
E0543499_3,agricultural_burning,low,0,1,248_769,2
E0543501_2,agricultural_burning,low,0,1,248_769,2
E0543506_3,agricultural_burning,low,0,1,248_770,0
E0543510_3,agricultural_burning,low,0,1,248_771,3
E0543511_1,agricultural_burning,low,0,1,248_771,3
E0543524_1,agricultural_burning,low,0,1,248_775,0
E0543546_1,agricultural_burning,low,0,1,248_778,4
E0543550_1,agricultural_burning,low,0,1,248_779,0
E0543592_1,agricultural_burning,low,0,1,248_802,3
E0543593_1,agricultural_burning,low,0,1,248_802,3
E0543602_1,agricultural_burning,low,0,1,248_805,1
E0543650_1,agricultural_burning,low,0,1,248_835,1
E0543693_2,agricultural_burning,low,0,1,248_850,4
E0543711_1,agricultural_burning,low,0,1,248_859,2
E0543740_1,agricultural_burning,low,0,1,248_874,4
E0543742_1,agricultural_burning,low,0,1,248_874,4
E0543743_1,agricultural_burning,low,0,1,248_874,4
E0543744_1,agricultural_burning,low,0,1,248_874,4
E0543954_2,agricultural_burning,low,0,1,248_769,2
E0543955_1,agricultural_burning,low,0,1,248_769,2
E0543960_1,agricultural_burning,low,0,1,248_770,0
E0543961_1,agricultural_burning,low,0,1,248_770,0
E0543999_1,agricultural_burning,low,0,1,248_777,1
E0544086_1,industrial_fire,low,0,1,248_813,0
E0544160_1,agricultural_burning,low,0,1,248_850,4
E0544200_1,agricultural_burning,low,0,1,248_874,4
E0544202_1,agricultural_burning,low,0,1,248_874,4
E0544412_2,agricultural_burning,low,0,1,248_761,4
E0544439_2,agricultural_burning,low,0,1,248_765,4
E0544443_1,agricultural_burning,low,0,1,248_766,3
E0544463_1,agricultural_burning,low,0,1,248_770,0
E0544604_1,agricultural_burning,low,0,1,248_834,0
E0544653_2,agricultural_burning,low,0,1,248_850,4
E0544685_1,agricultural_burning,low,0,1,248_867,0
E0544766_1,agricultural_burning,low,0,1,248_946,0
E0544864_1,agricultural_burning,low,0,1,248_749,0
E0544876_1,agricultural_burning,low,0,1,248_754,1
E0544914_2,agricultural_burning,low,0,1,248_765,4
E0545282_1,agricultural_burning,low,0,1,248_962,2
E0545287_1,agricultural_burning,low,0,1,248_966,0
E0545382_1,agricultural_burning,low,0,1,249_765,1
E0545487_1,agricultural_burning,low,0,1,248_804,4
E0545867_3,agricultural_burning,low,0,1,249_772,2
E0545929_1,agricultural_burning,low,0,1,249_804,3
E0546004_3,agricultural_burning,low,0,1,249_838,0
E0546005_2,agricultural_burning,low,0,1,249_838,0
E0546019_3,agricultural_burning,low,0,1,249_842,0
E0546047_9,agricultural_burning,low,0,1,249_918,3
E0546078_1,agricultural_burning,low,0,1,249_936,4
E0546180_2,agricultural_burning,low,0,1,249_732,1
E0546191_1,agricultural_burning,low,0,1,249_734,2
E0546217_2,agricultural_burning,low,0,1,249_754,0
E0546232_2,agricultural_burning,low,0,1,249_761,3
E0546273_1,agricultural_burning,low,0,1,249_765,1
E0546296_1,agricultural_burning,low,0,1,249_771,0
E0546409_2,agricultural_burning,low,0,1,249_812,1
E0546446_3,agricultural_burning,low,0,1,249_838,0
E0546529_2,agricultural_burning,low,0,1,249_934,4
E0546549_3,agricultural_burning,low,0,1,249_937,4
E0546570_1,agricultural_burning,low,0,1,249_941,3
E0546583_1,agricultural_burning,low,0,1,249_947,2
E0546714_2,agricultural_burning,low,0,1,249_765,1
E0546719_1,agricultural_burning,low,0,1,249_765,1
E0546742_1,agricultural_burning,low,0,1,249_770,3
E0546743_1,agricultural_burning,low,0,1,249_770,3
E0546749_1,agricultural_burning,low,0,1,249_771,0
E0546841_1,agricultural_burning,low,0,1,249_811,2
E0546842_1,agricultural_burning,low,0,1,249_811,2
E0546854_2,agricultural_burning,low,0,1,249_812,1
E0546964_1,agricultural_burning,low,0,1,249_931,1
E0547010_3,agricultural_burning,low,0,1,249_941,3
E0547026_1,agricultural_burning,low,0,1,249_947,2
E0547037_1,agricultural_burning,low,0,1,249_954,2
E0547040_1,agricultural_burning,low,0,1,249_963,0
E0547126_3,agricultural_burning,low,0,1,249_761,3
E0547141_1,agricultural_burning,low,0,1,249_763,2
E0547155_1,agricultural_burning,low,0,1,249_765,1
E0547186_1,agricultural_burning,low,0,1,249_772,2
E0547187_2,agricultural_burning,low,0,1,249_772,2
E0547189_1,agricultural_burning,low,0,1,249_772,2
E0547234_2,agricultural_burning,low,0,1,249_798,1
E0547239_1,agricultural_burning,low,0,1,249_804,3
E0547504_1,agricultural_burning,low,0,1,249_732,1
E0547559_1,agricultural_burning,low,0,1,249_763,2
E0547560_2,agricultural_burning,low,0,1,249_763,2
E0547586_1,agricultural_burning,low,0,1,249_769,4
E0547612_1,agricultural_burning,low,0,1,249_775,2
E0547654_1,agricultural_burning,low,0,1,249_804,3
E0547865_1,agricultural_burning,low,0,1,249_939,2
E0547998_1,agricultural_burning,low,0,1,249_762,4
E0548055_2,agricultural_burning,low,0,1,249_772,2
E0548064_1,agricultural_burning,low,0,1,249_776,3
E0548116_1,agricultural_burning,low,0,1,249_804,3
E0548188_1,agricultural_burning,low,0,1,249_834,2
E0548274_1,agricultural_burning,low,0,1,249_876,1
E0548452_1,agricultural_burning,low,0,1,249_762,4
E0548520_1,agricultural_burning,low,0,1,249_777,0
E0548708_1,agricultural_burning,low,0,1,249_867,4
E0548712_1,agricultural_burning,low,0,1,249_873,4
E0548718_1,agricultural_burning,low,0,1,249_876,1
E0548975_1,agricultural_burning,low,0,1,249_777,0
E0548976_1,agricultural_burning,low,0,1,249_777,0
E0549138_1,agricultural_burning,low,0,1,249_848,2
E0549224_1,agricultural_burning,low,0,1,249_934,4
E0549267_1,agricultural_burning,low,0,1,249_945,0
E0549302_2,agricultural_burning,low,0,1,249_686,1
E0549418_1,agricultural_burning,low,0,1,249_771,0
E0549421_2,agricultural_burning,low,0,1,249_771,0
E0549446_1,agricultural_burning,low,0,1,249_777,0
E0549502_1,agricultural_burning,low,0,1,249_812,1
E0549512_1,agricultural_burning,low,0,1,249_815,1
E0549571_3,agricultural_burning,low,0,1,249_837,0
E0549577_1,agricultural_burning,low,0,1,249_837,0
E0549586_4,agricultural_burning,low,0,1,249_839,0
E0549589_3,agricultural_burning,low,0,1,249_839,0
E0549590_1,agricultural_burning,low,0,1,249_839,0
E0549651_1,agricultural_burning,low,0,1,249_864,2
E0549882_2,agricultural_burning,low,0,1,249_763,2
E0549886_1,agricultural_burning,low,0,1,250_764,1
E0549886_2,agricultural_burning,low,0,1,249_764,3
E0549901_1,agricultural_burning,low,0,1,249_766,2
E0549902_1,agricultural_burning,low,0,1,249_766,2
E0549933_1,agricultural_burning,low,0,1,249_772,2
E0549946_1,agricultural_burning,low,0,1,249_777,0
E0550048_2,agricultural_burning,low,0,1,249_836,4
E0550052_2,agricultural_burning,low,0,1,250_837,1
E0550055_3,agricultural_burning,low,0,1,249_837,0
E0550065_4,agricultural_burning,low,0,1,249_838,0
E0550072_2,agricultural_burning,low,0,1,249_839,0
E0550148_2,agricultural_burning,low,0,1,249_873,4
E0550148_3,agricultural_burning,low,0,1,249_873,4
E0550157_1,agricultural_burning,low,0,1,249_876,1
E0550227_3,agricultural_burning,low,0,1,249_938,3
E0550423_1,agricultural_burning,low,0,1,250_772,0
E0550483_1,agricultural_burning,low,0,1,250_806,0
E0550546_1,agricultural_burning,low,0,1,250_837,1
E0550547_2,agricultural_burning,low,0,1,250_837,1
E0550558_4,agricultural_burning,low,0,1,250_838,4
E0550560_3,agricultural_burning,low,0,1,250_839,4
E0550569_3,agricultural_burning,low,0,1,250_840,2
E0550578_2,agricultural_burning,low,0,1,250_841,4
E0550618_2,agricultural_burning,low,0,1,250_864,4
E0550619_1,agricultural_burning,low,0,1,250_864,4
E0550690_1,agricultural_burning,low,0,1,250_935,1
E0550769_1,agricultural_burning,low,0,1,250_682,1
E0550836_1,agricultural_burning,low,0,1,250_761,4
E0550850_1,agricultural_burning,low,0,1,250_763,4
E0550868_1,agricultural_burning,low,0,1,250_766,3
E0550878_2,agricultural_burning,low,0,1,250_769,3
E0550887_1,agricultural_burning,low,0,1,250_770,3
E0550896_1,agricultural_burning,low,0,1,250_773,3
E0551011_1,agricultural_burning,low,0,1,250_837,1
E0551013_2,agricultural_burning,low,0,1,250_837,1
E0551021_3,agricultural_burning,low,0,1,250_838,4
E0551029_1,agricultural_burning,low,0,1,250_839,4
E0551045_1,agricultural_burning,low,0,1,250_841,4
E0551064_3,agricultural_burning,low,0,1,250_849,0
E0551114_1,agricultural_burning,low,0,1,250_864,4
E0551123_1,agricultural_burning,low,0,1,250_873,1
E0551133_1,agricultural_burning,low,0,1,250_877,0
E0551156_1,agricultural_burning,low,0,1,250_928,0
E0551183_2,agricultural_burning,low,0,1,250_935,1
E0551209_1,agricultural_burning,low,0,1,250_939,4
E0551213_1,agricultural_burning,low,0,1,250_940,0
E0551306_1,agricultural_burning,low,0,1,250_760,1
E0551321_1,agricultural_burning,low,0,1,250_762,2
E0551492_4,agricultural_burning,low,0,1,250_838,4
E0551493_3,agricultural_burning,low,0,1,250_838,4
E0551494_1,agricultural_burning,low,0,1,250_839,4
E0551498_1,agricultural_burning,low,0,1,250_839,4
E0551504_1,agricultural_burning,low,0,1,250_839,4
E0551566_1,agricultural_burning,low,0,1,250_863,4
E0551567_1,agricultural_burning,low,0,1,250_863,4
E0551569_1,agricultural_burning,low,0,1,250_863,4
E0551584_3,agricultural_burning,medium,1,1,250_873,1
E0551584_4,agricultural_burning,low,0,1,250_873,1
E0551633_1,agricultural_burning,low,0,1,250_936,1
E0551676_1,agricultural_burning,low,0,1,250_946,1
E0551753_1,agricultural_burning,low,0,1,250_751,2
E0551796_1,agricultural_burning,low,0,1,250_763,4
E0551812_1,agricultural_burning,low,0,1,250_765,1
E0551832_1,agricultural_burning,low,0,1,250_770,3
E0551861_1,agricultural_burning,low,0,1,250_777,3
E0551958_2,agricultural_burning,low,0,1,250_838,4
E0551960_4,agricultural_burning,low,0,1,250_838,4
E0551964_1,agricultural_burning,low,0,1,250_839,4
E0551964_3,agricultural_burning,low,0,1,250_839,4
E0551966_4,agricultural_burning,low,0,1,250_839,4
E0551971_1,agricultural_burning,low,0,1,250_839,4
E0552036_1,agricultural_burning,low,0,1,250_862,0
E0552059_6,agricultural_burning,low,0,1,250_873,1
E0552060_2,agricultural_burning,low,0,1,250_873,1
E0552064_1,agricultural_burning,low,0,1,250_873,1
E0552071_1,agricultural_burning,low,0,1,250_876,1
E0552171_1,agricultural_burning,low,0,1,250_684,3
E0552176_2,agricultural_burning,low,0,1,250_685,0
E0552177_2,agricultural_burning,low,0,1,250_685,0
E0552224_2,agricultural_burning,low,0,1,250_760,1
E0552241_1,agricultural_burning,low,0,1,250_763,4
E0552247_2,agricultural_burning,low,0,1,250_763,4
E0552264_1,agricultural_burning,low,0,1,250_765,1
E0552279_1,agricultural_burning,low,0,1,250_770,3
E0552311_2,agricultural_burning,low,0,1,250_778,4
E0552333_2,agricultural_burning,low,0,1,250_797,1
E0552419_4,agricultural_burning,low,0,1,250_839,4
E0552421_4,agricultural_burning,low,0,1,250_839,4
E0552422_4,agricultural_burning,low,0,1,250_839,4
E0552426_1,agricultural_burning,low,0,1,250_839,4
E0552496_1,agricultural_burning,low,0,1,250_862,0
E0552497_1,agricultural_burning,low,0,1,250_862,0
E0552501_1,agricultural_burning,low,0,1,250_863,4
E0552513_1,agricultural_burning,low,0,1,250_864,4
E0552526_1,agricultural_burning,low,0,1,250_876,1
E0552527_1,agricultural_burning,low,0,1,250_876,1
E0552555_1,agricultural_burning,low,0,1,250_933,1
E0552566_3,agricultural_burning,low,0,1,250_935,1
E0552567_4,agricultural_burning,low,0,1,250_935,1
E0552596_1,agricultural_burning,low,0,1,250_939,4
E0552626_1,agricultural_burning,low,0,1,250_960,1
E0552646_1,agricultural_burning,low,0,1,250_685,0
E0552700_1,agricultural_burning,low,0,1,250_759,0
E0552710_1,agricultural_burning,low,0,1,250_761,4
E0552743_3,agricultural_burning,low,0,1,250_765,1
E0552801_1,agricultural_burning,low,0,1,250_778,4
E0552890_1,industrial_fire,low,0,1,250_822,1
E0552897_5,agricultural_burning,low,0,1,250_828,4
E0552934_2,agricultural_burning,low,0,1,250_838,4
E0552939_1,agricultural_burning,low,0,1,250_838,4
E0552950_3,agricultural_burning,low,0,1,250_839,4
E0552984_1,agricultural_burning,low,0,1,250_853,3
E0553023_1,agricultural_burning,low,0,1,250_863,4
E0553024_1,agricultural_burning,low,0,1,250_863,4
E0553030_1,agricultural_burning,low,0,1,250_864,4
E0553031_1,agricultural_burning,low,0,1,250_864,4
E0553094_2,agricultural_burning,low,0,1,250_935,1
E0553122_1,agricultural_burning,low,0,1,250_939,4
E0553138_1,agricultural_burning,low,0,1,250_944,2
E0553259_1,agricultural_burning,low,0,1,250_761,4
E0553280_1,agricultural_burning,low,0,1,250_764,1
E0553281_1,agricultural_burning,low,0,1,250_764,1
E0553282_2,agricultural_burning,low,0,1,250_764,1
E0553313_1,agricultural_burning,low,0,1,250_769,3
E0553314_1,agricultural_burning,low,0,1,250_769,3
E0553477_2,agricultural_burning,low,0,1,250_838,4
E0553478_1,agricultural_burning,low,0,1,250_838,4
E0553486_2,agricultural_burning,low,0,1,250_839,4
E0553487_2,agricultural_burning,low,0,1,250_839,4
E0553487_4,agricultural_burning,low,0,1,250_839,4
E0553488_1,agricultural_burning,low,0,1,250_839,4
E0553509_2,agricultural_burning,low,0,1,250_841,4
E0553553_1,agricultural_burning,low,0,1,250_862,0
E0553555_1,agricultural_burning,low,0,1,250_862,0
E0553569_1,agricultural_burning,low,0,1,250_864,4
E0553661_1,agricultural_burning,low,0,1,250_940,0
E0553731_1,agricultural_burning,low,0,1,250_734,0
E0553750_3,agricultural_burning,low,0,1,250_759,0
E0553762_2,agricultural_burning,low,0,1,250_761,4
E0553790_3,agricultural_burning,low,0,1,250_765,1
E0553796_1,agricultural_burning,low,0,1,250_766,3
E0553946_2,agricultural_burning,low,0,1,250_835,2
E0553971_3,agricultural_burning,low,0,1,250_838,4
E0553987_2,agricultural_burning,low,0,1,250_840,2
E0553988_3,agricultural_burning,low,0,1,250_840,2
E0554105_1,agricultural_burning,low,0,1,250_937,0
E0554154_1,agricultural_burning,low,0,1,250_962,3
E0554186_1,agricultural_burning,low,0,1,250_688,0
E0554209_1,agricultural_burning,low,0,1,250_734,0
E0554271_2,agricultural_burning,low,0,1,250_767,4
E0554285_2,agricultural_burning,low,0,1,250_769,3
E0554366_1,agricultural_burning,low,0,1,250_808,0
E0554466_3,agricultural_burning,low,0,1,250_838,4
E0554467_1,agricultural_burning,low,0,1,250_838,4
E0554471_4,agricultural_burning,low,0,1,250_839,4
E0554475_1,agricultural_burning,low,0,1,250_839,4
E0554477_1,agricultural_burning,low,0,1,250_839,4
E0554478_1,agricultural_burning,low,0,1,250_839,4
E0554479_3,agricultural_burning,low,0,1,250_840,2
E0554528_1,agricultural_burning,low,0,1,250_858,1
E0554542_1,agricultural_burning,low,0,1,250_862,0
E0554618_1,agricultural_burning,low,0,1,250_937,0
E0554625_1,agricultural_burning,low,0,1,250_938,4
E0554627_1,agricultural_burning,low,0,1,250_938,4
E0554659_2,agricultural_burning,low,0,1,250_962,3
E0554714_1,agricultural_burning,low,0,1,250_734,0
E0554732_2,agricultural_burning,low,0,1,251_761,4
E0554770_3,agricultural_burning,low,0,1,250_769,3
E0554802_2,agricultural_burning,low,0,1,251_776,4
E0554937_3,agricultural_burning,low,0,1,250_838,4
E0554944_2,agricultural_burning,low,0,1,251_839,4
E0554946_4,agricultural_burning,low,0,1,250_839,4
E0554949_3,agricultural_burning,low,0,1,251_840,4
E0554950_3,agricultural_burning,low,0,1,250_840,2
E0555027_1,agricultural_burning,low,0,1,251_863,0
E0555028_1,agricultural_burning,low,0,1,251_863,0
E0555031_1,agricultural_burning,low,0,1,250_864,4
E0555032_1,agricultural_burning,low,0,1,251_864,3
E0555034_1,agricultural_burning,low,0,1,251_864,3
E0555038_1,agricultural_burning,low,0,1,250_864,4
E0555101_1,agricultural_burning,low,0,1,250_937,0
E0555117_1,agricultural_burning,low,0,1,251_940,2
E0555200_1,agricultural_burning,low,0,1,251_736,3
E0555262_1,agricultural_burning,low,0,1,251_770,2
E0555282_3,agricultural_burning,low,0,1,251_776,4
E0555410_1,agricultural_burning,low,0,1,251_838,1
E0555411_1,agricultural_burning,low,0,1,251_838,1
E0555424_4,agricultural_burning,low,0,1,251_839,4
E0555426_3,agricultural_burning,low,0,1,251_839,4
E0555428_4,agricultural_burning,low,0,1,251_840,4
E0555472_1,agricultural_burning,low,0,1,251_852,4
E0555516_1,agricultural_burning,low,0,1,251_863,0
E0555579_1,agricultural_burning,low,0,1,251_937,0
E0555585_1,agricultural_burning,low,0,1,251_938,0
E0555589_3,agricultural_burning,low,0,1,251_938,0
E0555702_2,agricultural_burning,low,0,1,251_761,4
E0555737_2,agricultural_burning,low,0,1,251_768,4
E0555750_3,agricultural_burning,low,0,1,251_770,2
E0555848_1,agricultural_burning,low,0,1,251_833,3
E0555858_1,agricultural_burning,low,0,1,251_834,3
E0555883_3,agricultural_burning,low,0,1,251_837,1
E0555883_4,agricultural_burning,low,0,1,251_837,1
E0555900_3,agricultural_burning,low,0,1,251_839,4
E0555901_2,agricultural_burning,low,0,1,251_839,4
E0555910_2,agricultural_burning,low,0,1,251_840,4
E0555911_4,agricultural_burning,low,0,1,251_840,4
E0555913_3,agricultural_burning,low,0,1,251_840,4
E0555914_4,agricultural_burning,low,0,1,251_840,4
E0555918_2,agricultural_burning,low,0,1,251_840,4
E0555919_1,agricultural_burning,low,0,1,251_840,4
E0555950_2,agricultural_burning,low,0,1,251_853,2
E0555984_1,agricultural_burning,low,0,1,251_864,3
E0555989_1,agricultural_burning,low,0,1,251_864,3
E0555996_1,agricultural_burning,low,0,1,251_875,2
E0556039_1,agricultural_burning,low,0,1,251_937,0
E0556040_1,agricultural_burning,low,0,1,251_937,0
E0556058_1,agricultural_burning,low,0,1,251_940,2
E0556185_1,agricultural_burning,low,0,1,251_765,1
E0556200_1,agricultural_burning,low,0,1,251_769,1
E0556206_1,agricultural_burning,low,0,1,251_770,2
E0556231_1,agricultural_burning,low,0,1,251_777,4
E0556318_1,agricultural_burning,low,0,1,251_834,3
E0556322_1,agricultural_burning,low,0,1,251_834,3
E0556348_4,agricultural_burning,low,0,1,251_837,1
E0556359_3,agricultural_burning,low,0,1,251_838,1
E0556372_1,agricultural_burning,low,0,1,251_840,4
E0556372_3,agricultural_burning,low,0,1,251_840,4
E0556416_2,agricultural_burning,low,0,1,251_853,2
E0556503_1,agricultural_burning,low,0,1,251_937,0
E0556504_1,agricultural_burning,low,0,1,251_937,0
E0556512_2,agricultural_burning,low,0,1,251_938,0
E0556514_1,agricultural_burning,low,0,1,251_938,0
E0556518_4,agricultural_burning,low,0,1,251_938,0
E0556519_2,agricultural_burning,low,0,1,251_938,0
E0556525_1,agricultural_burning,low,0,1,251_940,2
E0556526_1,agricultural_burning,low,0,1,251_940,2
E0556648_1,agricultural_burning,low,0,1,251_761,4
E0556659_2,agricultural_burning,low,0,1,251_762,4
E0556667_2,agricultural_burning,low,0,1,251_763,1
E0556679_1,agricultural_burning,low,0,1,251_765,1
E0556716_1,agricultural_burning,low,0,1,251_776,4
E0556718_1,agricultural_burning,low,0,1,251_776,4
E0556793_2,agricultural_burning,low,0,1,251_834,3
E0556822_4,agricultural_burning,low,0,1,251_838,1
E0556823_3,agricultural_burning,low,0,1,251_838,1
E0556828_2,agricultural_burning,low,0,1,251_838,1
E0556835_2,agricultural_burning,low,0,1,251_839,4
E0556837_3,agricultural_burning,low,0,1,251_839,4
E0556856_1,agricultural_burning,low,0,1,251_842,2
E0556881_2,agricultural_burning,low,0,1,251_853,2
E0556902_1,agricultural_burning,low,0,1,251_863,0
E0556903_1,agricultural_burning,low,0,1,251_864,3
E0556905_1,agricultural_burning,low,0,1,251_864,3
E0556958_1,agricultural_burning,low,0,1,251_929,2
E0556984_2,agricultural_burning,low,0,1,251_938,0
E0556985_1,agricultural_burning,low,0,1,251_938,0
E0556986_1,agricultural_burning,low,0,1,251_938,0
E0557026_3,agricultural_burning,low,0,1,251_945,1
E0557089_1,agricultural_burning,low,0,1,251_735,0
E0557111_2,agricultural_burning,low,0,1,251_759,1
E0557121_1,agricultural_burning,low,0,1,251_760,1
E0557149_1,agricultural_burning,low,0,1,251_764,2
E0557152_1,agricultural_burning,low,0,1,251_764,2
E0557250_3,agricultural_burning,low,0,1,251_832,3
E0557265_2,agricultural_burning,low,0,1,251_834,3
E0557268_2,agricultural_burning,low,0,1,251_834,3
E0557301_1,agricultural_burning,low,0,1,251_838,1
E0557304_1,agricultural_burning,low,0,1,251_839,4
E0557304_4,agricultural_burning,low,0,1,251_839,4
E0557310_3,agricultural_burning,low,0,1,251_839,4
E0557313_3,agricultural_burning,low,0,1,251_840,4
E0557314_4,agricultural_burning,low,0,1,251_840,4
E0557316_2,agricultural_burning,low,0,1,251_840,4
E0557317_2,agricultural_burning,low,0,1,251_840,4
E0557328_2,agricultural_burning,low,0,1,251_841,3
E0557335_1,agricultural_burning,low,0,1,251_842,2
E0557371_1,agricultural_burning,low,0,1,251_863,0
E0557372_1,agricultural_burning,low,0,1,251_863,0
E0557391_1,agricultural_burning,low,0,1,251_875,2
E0557399_1,agricultural_burning,low,0,1,251_877,0
E0557478_2,agricultural_burning,low,0,1,251_944,3
E0557579_3,agricultural_burning,low,0,1,251_761,4
E0557592_1,agricultural_burning,low,0,1,251_763,1
E0557598_1,agricultural_burning,low,0,1,251_764,2
E0557625_2,agricultural_burning,low,0,1,251_770,2
E0557628_1,agricultural_burning,low,0,1,251_771,2
E0557677_1,agricultural_burning,low,0,1,251_809,0
E0557742_1,agricultural_burning,low,0,1,251_837,1
E0557760_1,agricultural_burning,low,0,1,251_839,4
E0557763_1,agricultural_burning,low,0,1,251_839,4
E0557770_3,agricultural_burning,low,0,1,251_840,4
E0557771_1,agricultural_burning,low,0,1,251_840,4
E0557771_3,agricultural_burning,low,0,1,251_840,4
E0557772_3,agricultural_burning,low,0,1,251_840,4
E0557815_2,agricultural_burning,low,0,1,251_853,2
E0557837_1,agricultural_burning,low,0,1,251_863,0
E0557840_1,agricultural_burning,low,0,1,251_863,0
E0557843_1,agricultural_burning,low,0,1,251_863,0
E0557862_1,agricultural_burning,low,0,1,251_875,2
E0557886_3,agricultural_burning,low,0,1,251_924,0
E0557941_1,agricultural_burning,low,0,1,251_941,1
E0558124_3,agricultural_burning,low,0,1,251_770,2
E0558175_1,agricultural_burning,low,0,1,251_809,0
E0558175_3,agricultural_burning,low,0,1,251_809,0
E0558217_1,agricultural_burning,low,0,1,251_833,3
E0558222_1,agricultural_burning,low,0,1,251_834,3
E0558223_2,agricultural_burning,low,0,1,251_834,3
E0558225_3,agricultural_burning,low,0,1,251_834,3
E0558238_3,agricultural_burning,low,0,1,251_837,1
E0558245_3,agricultural_burning,low,0,1,251_837,1
E0558246_2,agricultural_burning,low,0,1,251_837,1
E0558261_2,agricultural_burning,low,0,1,251_839,4
E0558263_2,agricultural_burning,low,0,1,251_839,4
E0558269_1,agricultural_burning,low,0,1,251_840,4
E0558279_4,agricultural_burning,low,0,1,251_841,3
E0558280_2,agricultural_burning,low,0,1,251_841,3
E0558282_1,agricultural_burning,low,0,1,251_841,3
E0558286_2,agricultural_burning,low,0,1,251_841,3
E0558316_1,agricultural_burning,low,0,1,251_853,2
E0558333_1,agricultural_burning,low,0,1,251_863,0
E0558335_1,agricultural_burning,low,0,1,251_863,0
E0558339_1,agricultural_burning,low,0,1,251_863,0
E0558340_1,agricultural_burning,low,0,1,251_863,0
E0558346_1,agricultural_burning,low,0,1,251_864,3
E0558349_1,agricultural_burning,low,0,1,251_864,3
E0558436_1,agricultural_burning,low,0,1,251_937,0
E0558465_1,agricultural_burning,low,0,1,251_942,0
E0558578_1,agricultural_burning,low,0,1,251_761,4
E0558624_1,agricultural_burning,low,0,1,251_769,1
E0558746_3,agricultural_burning,low,0,1,251_837,1
E0558748_1,agricultural_burning,low,0,1,251_837,1
E0558751_1,agricultural_burning,low,0,1,251_838,1
E0558751_2,agricultural_burning,low,0,1,251_838,1
E0558751_3,agricultural_burning,low,0,1,251_838,1
E0558752_3,agricultural_burning,low,0,1,251_838,1
E0558753_1,agricultural_burning,low,0,1,251_838,1
E0558756_2,agricultural_burning,low,0,1,251_838,1
E0558763_1,agricultural_burning,low,0,1,251_839,4
E0558769_3,agricultural_burning,low,0,1,251_840,4
E0558773_2,agricultural_burning,low,0,1,251_840,4
E0558774_1,agricultural_burning,low,0,1,251_840,4
E0558790_3,agricultural_burning,low,0,1,251_842,2
E0558792_3,agricultural_burning,low,0,1,251_842,2
E0558825_1,agricultural_burning,low,0,1,251_854,0
E0558843_1,agricultural_burning,low,0,1,251_864,3
E0558855_1,agricultural_burning,low,0,1,251_865,3
E0558862_1,agricultural_burning,low,0,1,251_876,4
E0558864_1,agricultural_burning,low,0,1,251_876,4
E0558865_1,agricultural_burning,low,0,1,251_876,4
E0558967_1,agricultural_burning,low,0,1,251_940,2
E0559111_1,agricultural_burning,low,0,1,251_764,2
E0559225_1,agricultural_burning,low,0,1,251_834,3
E0559252_4,agricultural_burning,low,0,1,251_837,1
E0559259_1,agricultural_burning,low,0,1,251_838,1
E0559274_3,agricultural_burning,low,0,1,251_839,4
E0559275_1,agricultural_burning,low,0,1,251_840,4
E0559276_4,agricultural_burning,low,0,1,251_840,4
E0559277_2,agricultural_burning,low,0,1,251_840,4
E0559279_1,agricultural_burning,low,0,1,251_840,4
E0559280_3,agricultural_burning,low,0,1,251_840,4
E0559346_1,agricultural_burning,low,0,1,251_875,2
E0559350_1,agricultural_burning,low,0,1,251_876,4
E0559414_1,agricultural_burning,low,0,1,251_930,2
E0559437_1,agricultural_burning,low,0,1,251_935,3
E0559477_1,agricultural_burning,low,0,1,251_941,1
E0559672_1,agricultural_burning,low,0,1,252_832,0
E0559686_1,agricultural_burning,low,0,1,251_834,3
E0559686_2,agricultural_burning,low,0,1,251_834,3
E0559686_3,agricultural_burning,low,0,1,251_834,3
E0559697_2,agricultural_burning,low,0,1,251_836,3
E0559702_3,agricultural_burning,low,0,1,251_836,3
E0559720_3,agricultural_burning,low,0,1,251_838,1
E0559728_3,agricultural_burning,low,0,1,252_839,2
E0559738_1,agricultural_burning,low,0,1,252_840,3
E0559741_3,agricultural_burning,low,0,1,251_840,4
E0559743_2,agricultural_burning,low,0,1,251_841,3
E0559754_3,agricultural_burning,low,0,1,252_842,4
E0559783_1,agricultural_burning,low,0,1,251_853,2
E0559804_1,agricultural_burning,low,0,1,252_875,2
E0559932_1,agricultural_burning,low,0,1,252_941,0
E0559933_1,agricultural_burning,low,0,1,251_941,1
E0559950_2,agricultural_burning,low,0,1,252_945,2
E0559972_1,agricultural_burning,low,0,1,251_967,0
E0560021_2,agricultural_burning,low,0,1,252_759,0
E0560161_1,agricultural_burning,low,0,1,252_832,0
E0560202_3,agricultural_burning,low,0,1,252_838,0
E0560228_3,agricultural_burning,low,0,1,252_840,3
E0560229_2,agricultural_burning,low,0,1,252_840,3
E0560253_2,agricultural_burning,low,0,1,252_843,2
E0560323_1,agricultural_burning,low,0,1,252_911,2
E0560347_1,agricultural_burning,low,0,1,252_921,2
E0560352_1,agricultural_burning,low,0,1,252_923,0
E0560447_1,agricultural_burning,low,0,1,252_939,4
E0560477_2,agricultural_burning,low,0,1,252_945,2
E0560564_1,agricultural_burning,low,0,1,252_760,2
E0560646_1,agricultural_burning,low,0,1,252_783,4
E0560732_1,agricultural_burning,low,0,1,252_836,4
E0560765_3,agricultural_burning,low,0,1,252_839,2
E0560773_2,agricultural_burning,low,0,1,252_840,3
E0560881_1,agricultural_burning,low,0,1,252_915,3
E0560897_1,agricultural_burning,low,0,1,252_922,4
E0560907_1,agricultural_burning,low,0,1,252_924,1
E0560978_1,industrial_fire,low,0,1,252_938,2
E0561194_1,agricultural_burning,low,0,1,252_776,2
E0561238_2,industrial_fire,low,0,1,252_815,2
E0561292_3,agricultural_burning,low,0,1,252_838,0
E0561297_1,agricultural_burning,low,0,1,252_838,0
E0561300_4,agricultural_burning,low,0,1,252_838,0
E0561305_3,agricultural_burning,low,0,1,252_839,2
E0561312_1,agricultural_burning,low,0,1,252_840,3
E0561449_2,agricultural_burning,low,0,1,252_924,1
E0561452_1,agricultural_burning,low,0,1,252_924,1
E0561512_2,agricultural_burning,low,0,1,252_940,3
E0561515_1,agricultural_burning,low,0,1,252_940,3
E0561537_1,agricultural_burning,low,0,1,252_947,4
E0561621_1,agricultural_burning,low,0,1,252_759,0
E0561622_1,agricultural_burning,low,0,1,252_759,0
E0561625_1,agricultural_burning,low,0,1,252_760,2
E0561774_1,agricultural_burning,low,0,1,252_836,4
E0561776_2,agricultural_burning,low,0,1,252_836,4
E0561781_3,agricultural_burning,low,0,1,252_837,0
E0561791_2,agricultural_burning,low,0,1,252_838,0
E0561808_4,agricultural_burning,low,0,1,252_840,3
E0561859_1,agricultural_burning,low,0,1,252_853,0
E0561903_1,agricultural_burning,low,0,1,252_911,2
E0561906_1,agricultural_burning,low,0,1,252_912,3
E0561907_1,agricultural_burning,low,0,1,252_912,3
E0561909_1,agricultural_burning,low,0,1,252_912,3
E0561929_1,agricultural_burning,low,0,1,252_921,2
E0561942_2,agricultural_burning,low,0,1,252_923,0
E0561943_2,agricultural_burning,low,0,1,252_923,0
E0562022_1,agricultural_burning,low,0,1,252_940,3
E0562029_1,agricultural_burning,low,0,1,252_941,0
E0562081_2,agricultural_burning,low,0,1,252_968,0
E0562083_2,agricultural_burning,low,0,1,252_968,0
E0562135_1,agricultural_burning,low,0,1,252_757,1
E0562140_1,agricultural_burning,low,0,1,252_758,2
E0562147_4,agricultural_burning,low,0,1,252_759,0
E0562154_1,agricultural_burning,low,0,1,252_760,2
E0562203_2,agricultural_burning,low,0,1,252_770,2
E0562224_1,agricultural_burning,low,0,1,252_783,4
E0562275_2,industrial_fire,medium,1,1,252_833,4
E0562293_4,agricultural_burning,low,0,1,252_837,0
E0562304_2,agricultural_burning,low,0,1,252_838,0
E0562311_4,agricultural_burning,low,0,1,252_839,2
E0562312_1,agricultural_burning,low,0,1,252_839,2
E0562319_2,agricultural_burning,low,0,1,252_839,2
E0562367_1,agricultural_burning,low,0,1,252_853,0
E0562418_1,agricultural_burning,low,0,1,252_913,4
E0562472_1,agricultural_burning,low,0,1,252_929,2
E0562478_2,agricultural_burning,low,0,1,252_930,3
E0562485_1,agricultural_burning,low,0,1,252_931,1
E0562508_1,agricultural_burning,low,0,1,252_938,2
E0562520_1,agricultural_burning,low,0,1,252_941,0
E0562625_1,agricultural_burning,low,0,1,252_736,1
E0562663_1,agricultural_burning,low,0,1,252_760,2
E0562691_1,agricultural_burning,low,0,1,252_764,1
E0562732_2,agricultural_burning,low,0,1,252_783,4
E0562810_2,agricultural_burning,low,0,1,252_838,0
E0562811_2,agricultural_burning,low,0,1,252_838,0
E0562815_3,agricultural_burning,low,0,1,252_838,0
E0562821_3,agricultural_burning,low,0,1,252_839,2
E0562822_3,agricultural_burning,low,0,1,252_839,2
E0562822_4,agricultural_burning,low,0,1,252_839,2
E0562825_4,agricultural_burning,low,0,1,252_839,2
E0562833_2,agricultural_burning,low,0,1,252_840,3
E0562986_1,agricultural_burning,low,0,1,252_930,3
E0562986_2,agricultural_burning,low,0,1,252_930,3
E0563050_1,agricultural_burning,low,0,1,252_944,3
E0563071_1,agricultural_burning,low,0,1,252_960,1
E0563154_1,agricultural_burning,low,0,1,252_758,2
E0563162_1,agricultural_burning,low,0,1,252_759,0
E0563218_1,agricultural_burning,low,0,1,252_770,2
E0563264_1,agricultural_burning,low,0,1,252_797,4
E0563271_1,agricultural_burning,low,0,1,252_812,4
E0563322_1,agricultural_burning,low,0,1,252_838,0
E0563324_2,agricultural_burning,low,0,1,252_838,0
E0563427_2,agricultural_burning,low,0,1,252_913,4
E0563446_1,agricultural_burning,low,0,1,252_922,4
E0563458_2,mining_activity,medium,1,1,252_925,4
E0563490_1,agricultural_burning,low,0,1,252_930,3
E0563497_2,agricultural_burning,low,0,1,252_931,1
E0563508_1,agricultural_burning,low,0,1,252_933,3
E0563596_1,agricultural_burning,low,0,1,252_965,2
E0563653_1,agricultural_burning,low,0,1,252_736,1
E0563659_1,agricultural_burning,low,0,1,252_756,3
E0563949_1,agricultural_burning,low,0,1,252_912,3
E0564023_1,agricultural_burning,low,0,1,252_931,1
E0564036_1,agricultural_burning,low,0,1,252_933,3
E0564192_1,agricultural_burning,low,0,1,252_757,1
E0564249_1,agricultural_burning,low,0,1,252_769,2
E0564401_1,agricultural_burning,low,0,1,252_840,3
E0564406_2,agricultural_burning,low,0,1,252_841,4
E0564522_2,industrial_fire,medium,1,1,252_924,1
E0564524_1,mining_activity,medium,1,1,252_924,1
E0564524_2,industrial_fire,medium,1,1,252_924,1
E0564535_1,agricultural_burning,low,0,1,252_926,1
E0564567_1,agricultural_burning,low,0,1,252_931,1
E0564603_1,agricultural_burning,low,0,1,252_939,4
E0564610_1,agricultural_burning,low,0,1,252_940,3
E0564616_1,agricultural_burning,low,0,1,252_943,3
E0564620_1,agricultural_burning,low,0,1,252_943,3
E0564623_1,agricultural_burning,low,0,1,252_944,3
E0564636_1,agricultural_burning,low,0,1,252_946,3
E0564686_1,agricultural_burning,low,0,1,253_717,1
E0564706_1,agricultural_burning,low,0,1,253_756,0
E0564707_1,agricultural_burning,low,0,1,253_756,0
E0564709_1,agricultural_burning,low,0,1,252_756,3
E0564717_2,agricultural_burning,low,0,1,253_757,1
E0564717_3,agricultural_burning,low,0,1,252_757,1
E0564722_1,agricultural_burning,low,0,1,253_758,4
E0564752_1,agricultural_burning,low,0,1,253_763,4
E0564753_1,agricultural_burning,low,0,1,253_763,4
E0564765_1,agricultural_burning,low,0,1,252_765,0
E0564777_1,agricultural_burning,low,0,1,252_768,1
E0564810_1,agricultural_burning,low,0,1,252_783,4
E0564902_1,agricultural_burning,low,0,1,253_837,4
E0564928_3,agricultural_burning,low,0,1,253_840,1
E0565132_1,agricultural_burning,low,0,1,253_932,4
E0565153_1,agricultural_burning,low,0,1,252_938,2
E0565185_1,agricultural_burning,low,0,1,252_944,3
E0565205_1,agricultural_burning,low,0,1,253_947,3
E0565300_1,agricultural_burning,low,0,1,253_758,4
E0565304_3,agricultural_burning,low,0,1,253_758,4
E0565464_2,agricultural_burning,low,0,1,253_838,3
E0565481_4,agricultural_burning,low,0,1,253_840,1
E0565583_1,agricultural_burning,low,0,1,253_912,2
E0565593_1,agricultural_burning,low,0,1,253_914,2
E0565594_1,agricultural_burning,low,0,1,253_915,1
E0565701_1,agricultural_burning,low,0,1,253_938,1
E0565848_3,agricultural_burning,low,0,1,253_757,1
E0565998_2,agricultural_burning,low,0,1,253_834,2
E0566003_1,agricultural_burning,low,0,1,253_835,3
E0566024_3,agricultural_burning,low,0,1,253_837,4
E0566061_2,agricultural_burning,low,0,1,253_841,1
E0566151_1,agricultural_burning,low,0,1,253_912,2
E0566219_1,agricultural_burning,low,0,1,253_930,4
E0566258_1,agricultural_burning,low,0,1,253_938,1
E0566266_2,agricultural_burning,low,0,1,253_939,3
E0566304_1,agricultural_burning,low,0,1,253_946,0
E0566455_1,agricultural_burning,low,0,1,253_764,2
E0566488_1,agricultural_burning,low,0,1,253_776,2
E0566599_1,agricultural_burning,low,0,1,253_837,4
E0566602_1,agricultural_burning,low,0,1,253_838,3
E0566805_1,agricultural_burning,low,0,1,253_932,4
E0566817_1,agricultural_burning,low,0,1,253_933,0
E0566847_1,agricultural_burning,low,0,1,253_941,2
E0566855_1,agricultural_burning,low,0,1,253_943,0
E0566875_1,agricultural_burning,low,0,1,253_946,0
E0566880_1,agricultural_burning,low,0,1,253_947,3
E0566881_2,agricultural_burning,low,0,1,253_947,3
E0566962_3,industrial_fire,low,0,1,253_732,4
E0566963_1,industrial_fire,low,0,1,253_732,4
E0566987_2,agricultural_burning,low,0,1,253_757,1
E0566997_1,agricultural_burning,low,0,1,253_759,1
E0567163_2,agricultural_burning,low,0,1,253_834,2
E0567167_4,agricultural_burning,low,0,1,253_835,3
E0567190_4,agricultural_burning,low,0,1,253_837,4
E0567194_3,agricultural_burning,low,0,1,253_838,3
E0567216_2,agricultural_burning,low,0,1,253_840,1
E0567217_2,agricultural_burning,low,0,1,253_840,1
E0567268_2,agricultural_burning,low,0,1,253_884,0
E0567419_1,agricultural_burning,low,0,1,253_933,0
E0567471_1,agricultural_burning,low,0,1,253_944,1
E0567599_1,agricultural_burning,low,0,1,253_758,4
E0567604_1,agricultural_burning,low,0,1,253_759,1
E0567619_2,agricultural_burning,low,0,1,253_762,2
E0567647_4,agricultural_burning,low,0,1,253_768,2
E0567793_4,agricultural_burning,low,0,1,253_839,3
E0567803_1,agricultural_burning,low,0,1,253_840,1
E0567811_1,agricultural_burning,low,0,1,253_841,1
E0567966_1,agricultural_burning,low,0,1,253_930,4
E0568010_1,agricultural_burning,low,0,1,253_939,3
E0568012_1,agricultural_burning,low,0,1,253_939,3
E0568034_1,agricultural_burning,low,0,1,253_943,0
E0568059_1,agricultural_burning,low,0,1,253_947,3
E0568171_2,agricultural_burning,low,0,1,253_758,4
E0568206_1,agricultural_burning,low,0,1,253_765,4
E0568214_1,agricultural_burning,low,0,1,253_766,0
E0568257_1,industrial_fire,low,0,1,253_783,4
E0568280_1,agricultural_burning,low,0,1,253_792,1
E0568291_1,industrial_fire,low,0,1,253_797,2
E0568594_1,agricultural_burning,low,0,1,253_933,0
E0568597_1,agricultural_burning,low,0,1,253_933,0
E0568598_1,agricultural_burning,low,0,1,253_933,0
E0568612_1,agricultural_burning,low,0,1,253_938,1
E0568672_1,agricultural_burning,low,0,1,253_948,4
E0568759_3,agricultural_burning,low,0,1,253_758,4
E0568771_1,agricultural_burning,low,0,1,253_760,1
E0568808_1,agricultural_burning,low,0,1,253_766,0
E0568816_1,agricultural_burning,low,0,1,253_768,2
E0568963_1,agricultural_burning,low,0,1,253_838,3
E0569150_1,agricultural_burning,low,0,1,253_931,1
E0569151_1,agricultural_burning,low,0,1,253_931,1
E0569152_1,agricultural_burning,low,0,1,253_931,1
E0569152_2,agricultural_burning,low,0,1,253_931,1
E0569165_1,agricultural_burning,low,0,1,253_932,4
E0569189_1,agricultural_burning,low,0,1,253_939,3
E0569191_2,agricultural_burning,low,0,1,253_939,3
E0569264_2,agricultural_burning,low,0,1,253_685,3
E0569264_4,agricultural_burning,low,0,1,253_685,3
E0569317_1,agricultural_burning,low,0,1,253_758,4
E0569356_3,agricultural_burning,low,0,1,253_764,2
E0569367_1,agricultural_burning,low,0,1,253_766,0
E0569383_3,agricultural_burning,low,0,1,253_769,2
E0569460_1,agricultural_burning,low,0,1,253_813,1
E0569556_3,agricultural_burning,low,0,1,253_849,0
E0569617_1,agricultural_burning,low,0,1,253_910,3
E0569631_1,agricultural_burning,low,0,1,253_912,2
E0569666_1,agricultural_burning,low,0,1,253_926,1
E0569671_1,agricultural_burning,low,0,1,253_927,3
E0569704_1,agricultural_burning,low,0,1,253_931,1
E0569719_1,agricultural_burning,low,0,1,253_933,0
E0569724_1,agricultural_burning,low,0,1,253_934,1
E0569731_1,agricultural_burning,low,0,1,253_937,1
E0569742_1,agricultural_burning,low,0,1,253_939,3
E0569818_12,agricultural_burning,low,0,1,253_685,3
E0569818_3,agricultural_burning,low,0,1,253_685,3
E0569840_1,agricultural_burning,low,0,1,253_730,1
E0569865_2,agricultural_burning,low,0,1,253_756,0
E0569881_1,agricultural_burning,low,0,1,253_758,4
E0569909_2,agricultural_burning,low,0,1,253_762,2
E0569910_1,agricultural_burning,low,0,1,253_762,2
E0569930_2,agricultural_burning,low,0,1,253_766,0
E0569934_1,agricultural_burning,low,0,1,253_766,0
E0569934_2,agricultural_burning,low,0,1,253_766,0
E0569935_1,agricultural_burning,low,0,1,253_766,0
E0569937_1,agricultural_burning,low,0,1,253_766,0
E0570122_3,agricultural_burning,low,0,1,253_854,3
E0570207_1,agricultural_burning,low,0,1,253_926,1
E0570210_1,agricultural_burning,low,0,1,253_926,1
E0570357_4,agricultural_burning,medium,1,1,254_685,3
E0570449_1,agricultural_burning,low,0,1,254_766,1
E0570459_1,agricultural_burning,low,0,1,253_768,2
E0570459_2,agricultural_burning,low,0,1,253_768,2
E0570467_1,agricultural_burning,low,0,1,253_771,2
E0570757_4,agricultural_burning,low,0,1,253_938,1
E0570762_1,agricultural_burning,low,0,1,254_939,1
E0570780_1,agricultural_burning,low,0,1,253_944,1
E0570785_1,agricultural_burning,low,0,1,254_944,1
E0570920_1,agricultural_burning,low,0,1,254_765,4
E0570924_1,agricultural_burning,low,0,1,254_766,1
E0570926_1,agricultural_burning,low,0,1,254_766,1
E0570931_1,agricultural_burning,low,0,1,254_766,1
E0570932_3,agricultural_burning,low,0,1,254_766,1
E0570933_1,agricultural_burning,low,0,1,254_767,2
E0570933_2,agricultural_burning,low,0,1,254_766,1
E0570937_3,agricultural_burning,low,0,1,254_768,2
E0570940_4,agricultural_burning,low,0,1,254_768,2
E0571275_1,agricultural_burning,low,0,1,254_944,1
E0571302_1,agricultural_burning,low,0,1,254_948,2
E0571387_1,agricultural_burning,low,0,1,254_759,1
E0571388_1,agricultural_burning,low,0,1,254_759,1
E0571391_1,agricultural_burning,low,0,1,254_760,1
E0571394_1,agricultural_burning,low,0,1,254_760,1
E0571405_1,agricultural_burning,low,0,1,254_763,1
E0571427_1,agricultural_burning,low,0,1,254_766,1
E0571432_3,agricultural_burning,low,0,1,254_766,1
E0571438_3,agricultural_burning,low,0,1,254_767,2
E0571440_1,agricultural_burning,low,0,1,254_768,2
E0571441_1,agricultural_burning,low,0,1,254_768,2
E0571443_2,agricultural_burning,low,0,1,254_768,2
E0571468_1,agricultural_burning,low,0,1,254_793,2
E0571705_1,agricultural_burning,low,0,1,254_931,2
E0571728_1,agricultural_burning,low,0,1,254_934,4
E0571773_1,agricultural_burning,low,0,1,254_945,1
E0571856_1,agricultural_burning,low,0,1,254_757,2
E0571874_1,agricultural_burning,low,0,1,254_760,1
E0571883_3,agricultural_burning,low,0,1,254_762,0
E0571895_1,agricultural_burning,low,0,1,254_764,4
E0571903_2,agricultural_burning,low,0,1,254_764,4
E0571907_2,agricultural_burning,low,0,1,254_765,4
E0571911_2,agricultural_burning,low,0,1,254_766,1
E0571914_1,agricultural_burning,low,0,1,254_766,1
E0571914_3,agricultural_burning,low,0,1,254_766,1
E0571915_3,agricultural_burning,low,0,1,254_766,1
E0571922_3,agricultural_burning,low,0,1,254_767,2
E0572039_3,agricultural_burning,low,0,1,254_839,0
E0572059_1,agricultural_burning,low,0,1,254_842,3
E0572227_1,agricultural_burning,low,0,1,254_931,2
E0572381_2,agricultural_burning,low,0,1,254_760,1
E0572385_2,agricultural_burning,low,0,1,254_760,1
E0572389_1,agricultural_burning,low,0,1,254_760,1
E0572414_2,agricultural_burning,low,0,1,254_765,4
E0572419_1,agricultural_burning,low,0,1,254_766,1
E0572419_3,agricultural_burning,low,0,1,254_766,1
E0572421_2,agricultural_burning,low,0,1,254_766,1
E0572424_1,agricultural_burning,low,0,1,254_766,1
E0572426_1,agricultural_burning,low,0,1,254_766,1
E0572427_1,agricultural_burning,low,0,1,254_766,1
E0572427_3,agricultural_burning,low,0,1,254_766,1
E0572428_3,agricultural_burning,low,0,1,254_766,1
E0572525_1,agricultural_burning,low,0,1,254_839,0
E0572584_1,agricultural_burning,low,0,1,254_851,2
E0572727_1,agricultural_burning,low,0,1,254_934,4
E0572730_1,agricultural_burning,low,0,1,254_934,4
E0572755_1,agricultural_burning,low,0,1,254_940,0
E0572780_1,agricultural_burning,low,0,1,254_945,1
E0572833_1,agricultural_burning,low,0,1,254_685,3
E0572871_3,agricultural_burning,low,0,1,254_759,1
E0572880_1,agricultural_burning,low,0,1,254_760,1
E0572897_1,agricultural_burning,low,0,1,254_763,1
E0572912_1,agricultural_burning,low,0,1,254_765,4
E0572912_3,agricultural_burning,low,0,1,254_765,4
E0572915_1,agricultural_burning,low,0,1,254_765,4
E0572917_1,agricultural_burning,low,0,1,254_765,4
E0572917_2,agricultural_burning,low,0,1,254_765,4
E0572918_2,agricultural_burning,low,0,1,254_766,1
E0572921_1,agricultural_burning,low,0,1,254_766,1
E0572922_1,agricultural_burning,low,0,1,254_766,1
E0572922_4,agricultural_burning,low,0,1,254_766,1
E0572923_2,agricultural_burning,low,0,1,254_766,1
E0572926_1,agricultural_burning,low,0,1,254_766,1
E0572926_3,agricultural_burning,low,0,1,254_766,1
E0572930_1,agricultural_burning,low,0,1,254_767,2
E0573129_1,agricultural_burning,low,0,1,254_908,0
E0573274_1,agricultural_burning,low,0,1,254_944,1
E0573383_1,agricultural_burning,low,0,1,254_760,1
E0573415_3,agricultural_burning,low,0,1,254_765,4
E0573418_1,agricultural_burning,low,0,1,254_765,4
E0573420_2,agricultural_burning,low,0,1,254_765,4
E0573422_1,agricultural_burning,low,0,1,254_766,1
E0573422_2,agricultural_burning,low,0,1,254_766,1
E0573424_1,agricultural_burning,low,0,1,254_766,1
E0573424_2,agricultural_burning,low,0,1,254_766,1
E0573426_1,agricultural_burning,low,0,1,254_766,1
E0573430_1,agricultural_burning,low,0,1,254_766,1
E0573431_1,agricultural_burning,low,0,1,254_766,1
E0573439_1,agricultural_burning,low,0,1,254_768,2
E0573471_1,agricultural_burning,low,0,1,254_778,2
E0573540_1,agricultural_burning,low,0,1,254_839,0
E0573544_2,agricultural_burning,low,0,1,254_839,0
E0573554_1,agricultural_burning,low,0,1,254_840,2
E0573687_1,agricultural_burning,low,0,1,254_927,0
E0573688_1,agricultural_burning,low,0,1,254_927,0
E0573767_1,agricultural_burning,low,0,1,254_940,0
E0573817_1,agricultural_burning,low,0,1,254_967,0
E0573888_2,agricultural_burning,low,0,1,254_765,4
E0573891_2,agricultural_burning,low,0,1,254_766,1
E0573893_1,agricultural_burning,low,0,1,254_766,1
E0573894_1,agricultural_burning,low,0,1,254_766,1
E0573899_3,agricultural_burning,low,0,1,254_766,1
E0573905_2,agricultural_burning,low,0,1,254_767,2
E0573916_2,agricultural_burning,low,0,1,254_768,2
E0573940_1,agricultural_burning,low,0,1,254_778,2
E0574204_2,agricultural_burning,low,0,1,254_933,2
E0574205_2,agricultural_burning,low,0,1,254_933,2
E0574236_2,agricultural_burning,low,0,1,254_940,0
E0574249_2,agricultural_burning,low,0,1,254_944,1
E0574287_1,agricultural_burning,low,0,1,254_687,2
E0574348_1,agricultural_burning,low,0,1,254_765,4
E0574349_1,agricultural_burning,low,0,1,254_765,4
E0574354_1,agricultural_burning,low,0,1,254_766,1
E0574356_3,agricultural_burning,low,0,1,254_766,1
E0574369_2,agricultural_burning,low,0,1,254_767,2
E0574390_1,industrial_fire,low,0,1,254_775,3
E0574409_2,agricultural_burning,low,0,1,254_786,3
E0574632_1,agricultural_burning,low,0,1,254_928,3
E0574648_1,agricultural_burning,low,0,1,254_931,2
E0574773_1,agricultural_burning,low,0,1,254_738,1
E0574822_3,agricultural_burning,low,0,1,254_766,1
E0574825_1,agricultural_burning,low,0,1,254_766,1
E0574829_1,agricultural_burning,low,0,1,254_766,1
E0574830_3,agricultural_burning,low,0,1,254_766,1
E0574834_1,agricultural_burning,low,0,1,254_767,2
E0574838_1,agricultural_burning,low,0,1,254_767,2
E0574853_1,agricultural_burning,low,0,1,254_778,2
E0574865_1,agricultural_burning,low,0,1,254_786,3
E0574865_2,agricultural_burning,low,0,1,254_786,3
E0575098_2,agricultural_burning,low,0,1,254_930,0
E0575126_1,agricultural_burning,low,0,1,254_936,3
E0575127_1,agricultural_burning,low,0,1,254_936,3
E0575249_1,agricultural_burning,low,0,1,254_765,4
E0575252_3,agricultural_burning,low,0,1,254_765,4
E0575256_3,agricultural_burning,low,0,1,255_766,1
E0575258_2,agricultural_burning,low,0,1,254_766,1
E0575259_2,agricultural_burning,low,0,1,254_766,1
E0575266_1,agricultural_burning,low,0,1,254_767,2
E0575266_2,agricultural_burning,low,0,1,254_767,2
E0575269_1,agricultural_burning,low,0,1,254_767,2
E0575270_1,agricultural_burning,low,0,1,255_767,2
E0575272_1,agricultural_burning,low,0,1,254_767,2
E0575272_3,agricultural_burning,low,0,1,255_767,2
E0575273_1,agricultural_burning,low,0,1,255_767,2
E0575273_3,agricultural_burning,low,0,1,255_767,2
E0575561_1,agricultural_burning,low,0,1,255_929,2
E0575608_1,agricultural_burning,low,0,1,254_940,0
E0575705_1,agricultural_burning,low,0,1,255_761,4
E0575720_1,agricultural_burning,low,0,1,255_765,0
E0575721_2,agricultural_burning,low,0,1,255_765,0
E0575724_1,agricultural_burning,low,0,1,255_765,0
E0575726_1,agricultural_burning,low,0,1,255_766,1
E0575727_1,agricultural_burning,low,0,1,255_766,1
E0575728_1,agricultural_burning,low,0,1,255_766,1
E0575729_2,agricultural_burning,low,0,1,255_766,1
E0575730_3,agricultural_burning,low,0,1,255_766,1
E0575732_1,agricultural_burning,low,0,1,255_766,1
E0575734_2,agricultural_burning,low,0,1,255_766,1
E0575735_1,agricultural_burning,low,0,1,255_767,2
E0575736_1,agricultural_burning,low,0,1,255_767,2
E0575736_3,agricultural_burning,low,0,1,255_767,2
E0575737_1,agricultural_burning,low,0,1,255_767,2
E0575737_3,agricultural_burning,low,0,1,255_767,2
E0575740_1,agricultural_burning,low,0,1,255_767,2
E0575740_3,agricultural_burning,low,0,1,255_767,2
E0575741_1,agricultural_burning,low,0,1,255_767,2
E0575752_2,industrial_fire,low,0,1,255_776,3
E0575753_2,industrial_fire,low,0,1,255_776,3
E0575770_1,agricultural_burning,low,0,1,255_786,4
E0575970_1,agricultural_burning,low,0,1,255_919,4
E0576011_1,agricultural_burning,low,0,1,255_929,2
E0576021_1,agricultural_burning,low,0,1,255_931,1
E0576057_2,agricultural_burning,low,0,1,255_943,2
E0576168_2,agricultural_burning,low,0,1,255_764,2
E0576171_4,agricultural_burning,low,0,1,255_764,2
E0576176_2,agricultural_burning,low,0,1,255_765,0
E0576177_1,agricultural_burning,low,0,1,255_765,0
E0576177_3,agricultural_burning,low,0,1,255_765,0
E0576180_3,agricultural_burning,low,0,1,255_765,0
E0576182_2,agricultural_burning,low,0,1,255_766,1
E0576184_1,agricultural_burning,low,0,1,255_766,1
E0576186_1,agricultural_burning,low,0,1,255_766,1
E0576189_1,agricultural_burning,low,0,1,255_766,1
E0576190_2,agricultural_burning,low,0,1,255_767,2
E0576191_1,agricultural_burning,low,0,1,255_767,2
E0576195_3,agricultural_burning,low,0,1,255_767,2
E0576197_1,agricultural_burning,low,0,1,255_767,2
E0576205_2,industrial_fire,low,0,1,255_776,3
E0576206_1,industrial_fire,low,0,1,255_776,3
E0576462_1,agricultural_burning,low,0,1,255_929,2
E0576628_1,agricultural_burning,low,0,1,255_765,0
E0576628_2,agricultural_burning,low,0,1,255_765,0
E0576631_3,agricultural_burning,low,0,1,255_765,0
E0576632_3,agricultural_burning,low,0,1,255_765,0
E0576633_2,agricultural_burning,low,0,1,255_765,0
E0576634_1,agricultural_burning,low,0,1,255_766,1
E0576639_2,agricultural_burning,low,0,1,255_766,1
E0576640_1,agricultural_burning,low,0,1,255_766,1
E0576642_1,agricultural_burning,low,0,1,255_766,1
E0576643_1,agricultural_burning,low,0,1,255_766,1
E0576644_1,agricultural_burning,low,0,1,255_767,2
E0576647_1,agricultural_burning,low,0,1,255_767,2
E0576648_1,agricultural_burning,low,0,1,255_767,2
E0576781_1,agricultural_burning,low,0,1,255_843,0
E0576920_1,agricultural_burning,low,0,1,255_931,1
E0577069_1,agricultural_burning,low,0,1,255_761,4
E0577072_2,agricultural_burning,low,0,1,255_762,0
E0577080_1,agricultural_burning,low,0,1,255_763,1
E0577090_1,agricultural_burning,low,0,1,255_765,0
E0577092_2,agricultural_burning,low,0,1,255_765,0
E0577095_1,agricultural_burning,low,0,1,255_765,0
E0577096_3,agricultural_burning,low,0,1,255_766,1
E0577097_3,agricultural_burning,low,0,1,255_766,1
E0577101_2,agricultural_burning,low,0,1,255_766,1
E0577102_1,agricultural_burning,low,0,1,255_766,1
E0577102_3,agricultural_burning,low,0,1,255_766,1
E0577104_1,agricultural_burning,low,0,1,255_766,1
E0577107_1,agricultural_burning,low,0,1,255_767,2
E0577110_1,agricultural_burning,low,0,1,255_767,2
E0577110_3,agricultural_burning,low,0,1,255_767,2
E0577111_1,agricultural_burning,low,0,1,255_767,2
E0577114_2,agricultural_burning,low,0,1,255_768,4
E0577161_2,agricultural_burning,low,0,1,255_786,4
E0577283_1,agricultural_burning,low,0,1,255_884,4
E0577312_1,agricultural_burning,low,0,1,255_907,2
E0577337_9,agricultural_burning,medium,1,1,255_912,1
E0577349_1,agricultural_burning,low,0,1,255_916,2
E0577370_2,agricultural_burning,low,0,1,255_925,1
E0577383_1,agricultural_burning,low,0,1,255_928,4
E0577448_1,agricultural_burning,low,0,1,255_945,2
E0577558_1,agricultural_burning,low,0,1,255_764,2
E0577563_1,agricultural_burning,low,0,1,255_765,0
E0577565_1,agricultural_burning,low,0,1,255_765,0
E0577565_2,agricultural_burning,low,0,1,255_765,0
E0577566_1,agricultural_burning,low,0,1,255_765,0
E0577568_3,agricultural_burning,low,0,1,255_766,1
E0577569_4,agricultural_burning,low,0,1,255_766,1
E0577570_1,agricultural_burning,low,0,1,255_766,1
E0577576_1,agricultural_burning,low,0,1,255_767,2
E0577576_2,agricultural_burning,low,0,1,255_767,2
E0577576_3,agricultural_burning,low,0,1,255_767,2
E0577577_1,agricultural_burning,low,0,1,255_767,2
E0577577_2,agricultural_burning,low,0,1,255_767,2
E0577577_3,agricultural_burning,low,0,1,255_767,2
E0577578_1,agricultural_burning,low,0,1,255_767,2
E0577579_1,agricultural_burning,low,0,1,255_767,2
E0577579_3,agricultural_burning,low,0,1,255_767,2
E0577580_1,agricultural_burning,low,0,1,255_767,2
E0577581_3,agricultural_burning,low,0,1,255_767,2
E0577581_4,agricultural_burning,low,0,1,255_767,2
E0577583_2,agricultural_burning,low,0,1,255_768,4
E0577615_1,agricultural_burning,low,0,1,255_786,4
E0577733_1,agricultural_burning,low,0,1,255_908,4
E0577835_1,agricultural_burning,low,0,1,255_931,1
E0577988_1,agricultural_burning,low,0,1,255_765,0
E0577988_2,agricultural_burning,low,0,1,255_765,0
E0577990_1,agricultural_burning,low,0,1,255_765,0
E0577991_3,agricultural_burning,low,0,1,255_766,1
E0577992_3,agricultural_burning,medium,1,1,255_766,1
E0577995_2,agricultural_burning,low,0,1,255_766,1
E0577999_1,agricultural_burning,low,0,1,255_766,1
E0577999_2,agricultural_burning,low,0,1,255_766,1
E0578000_2,agricultural_burning,low,0,1,255_766,1
E0578001_3,agricultural_burning,low,0,1,255_766,1
E0578002_3,agricultural_burning,low,0,1,255_767,2
E0578003_3,agricultural_burning,low,0,1,255_767,2
E0578006_2,agricultural_burning,low,0,1,255_767,2
E0578027_2,agricultural_burning,low,0,1,255_779,4
E0578099_1,industrial_fire,low,0,1,255_803,0
E0578288_1,agricultural_burning,low,0,1,255_936,4
E0578294_1,agricultural_burning,low,0,1,255_937,1
E0578433_1,agricultural_burning,low,0,1,255_765,0
E0578433_2,agricultural_burning,low,0,1,255_765,0
E0578434_1,agricultural_burning,low,0,1,255_765,0
E0578440_1,agricultural_burning,low,0,1,255_766,1
E0578444_1,agricultural_burning,low,0,1,255_766,1
E0578444_2,agricultural_burning,low,0,1,255_766,1
E0578445_1,agricultural_burning,low,0,1,255_766,1
E0578448_1,agricultural_burning,low,0,1,255_767,2
E0578504_1,agricultural_burning,low,0,1,255_786,4
E0578505_1,agricultural_burning,low,0,1,255_786,4
E0578691_2,agricultural_burning,low,0,1,255_928,4
E0578702_1,agricultural_burning,low,0,1,255_929,2
E0578861_1,agricultural_burning,low,0,1,255_765,0
E0578862_1,agricultural_burning,low,0,1,255_765,0
E0578862_2,agricultural_burning,low,0,1,255_765,0
E0578864_1,agricultural_burning,low,0,1,255_765,0
E0578867_2,agricultural_burning,low,0,1,255_766,1
E0578875_1,agricultural_burning,low,0,1,255_766,1
E0578876_1,agricultural_burning,low,0,1,255_766,1
E0578878_1,agricultural_burning,medium,1,1,255_767,2
E0578878_3,agricultural_burning,low,0,1,255_767,2
E0578879_3,agricultural_burning,low,0,1,255_767,2
E0578881_2,agricultural_burning,low,0,1,255_767,2
E0578882_1,agricultural_burning,low,0,1,255_767,2
E0578882_2,agricultural_burning,low,0,1,255_767,2
E0578931_3,agricultural_burning,low,0,1,255_786,4
E0579057_2,agricultural_burning,low,0,1,255_908,4
E0579120_1,agricultural_burning,low,0,1,255_924,3
E0579169_1,agricultural_burning,low,0,1,255_935,4
E0579308_1,agricultural_burning,low,0,1,255_765,0
E0579308_2,agricultural_burning,low,0,1,255_765,0
E0579313_1,agricultural_burning,low,0,1,255_765,0
E0579313_2,agricultural_burning,low,0,1,255_765,0
E0579314_1,agricultural_burning,low,0,1,255_766,1
E0579314_3,agricultural_burning,low,0,1,255_766,1
E0579315_1,agricultural_burning,low,0,1,255_766,1
E0579318_2,agricultural_burning,low,0,1,255_766,1
E0579322_3,agricultural_burning,low,0,1,255_766,1
E0579323_2,agricultural_burning,low,0,1,255_766,1
E0579326_1,agricultural_burning,low,0,1,255_767,2
E0579326_3,agricultural_burning,low,0,1,255_767,2
E0579327_1,agricultural_burning,low,0,1,255_767,2
E0579327_2,agricultural_burning,low,0,1,255_767,2
E0579329_1,agricultural_burning,low,0,1,255_767,2
E0579353_1,agricultural_burning,low,0,1,255_778,2
E0579557_1,agricultural_burning,low,0,1,255_920,0
E0579655_1,agricultural_burning,low,0,1,255_945,2
E0579742_1,agricultural_burning,low,0,1,256_765,1
E0579742_2,agricultural_burning,low,0,1,256_765,1
E0579743_3,agricultural_burning,low,0,1,256_765,1
E0579745_1,agricultural_burning,low,0,1,255_765,0
E0579745_3,agricultural_burning,low,0,1,255_765,0
E0579746_2,agricultural_burning,low,0,1,256_765,1
E0579747_2,agricultural_burning,low,0,1,256_766,2
E0579750_1,agricultural_burning,low,0,1,255_766,1
E0579750_2,agricultural_burning,low,0,1,255_766,1
E0579754_2,agricultural_burning,low,0,1,255_766,1
E0579755_1,agricultural_burning,low,0,1,255_766,1
E0579755_2,agricultural_burning,low,0,1,255_766,1
E0579756_1,agricultural_burning,low,0,1,256_766,2
E0579757_1,agricultural_burning,low,0,1,255_767,2
E0579757_2,agricultural_burning,low,0,1,255_767,2
E0579760_2,agricultural_burning,low,0,1,256_767,1
E0579762_1,agricultural_burning,low,0,1,256_770,3
E0579782_1,agricultural_burning,low,0,1,255_778,2
E0579790_2,agricultural_burning,low,0,1,255_780,2
E0579803_1,agricultural_burning,low,0,1,256_782,0
E0579815_1,agricultural_burning,low,0,1,256_785,4
E0579820_1,agricultural_burning,low,0,1,256_786,0
E0579823_2,agricultural_burning,low,0,1,256_786,0
E0579834_2,agricultural_burning,low,0,1,256_788,4
E0579972_1,agricultural_burning,low,0,1,256_909,2
E0580150_1,agricultural_burning,low,0,1,256_967,1
E0580213_1,agricultural_burning,low,0,1,256_765,1
E0580214_3,agricultural_burning,low,0,1,256_765,1
E0580215_2,agricultural_burning,low,0,1,256_765,1
E0580216_3,agricultural_burning,low,0,1,256_765,1
E0580220_1,agricultural_burning,low,0,1,256_766,2
E0580222_1,agricultural_burning,low,0,1,256_766,2
E0580223_3,agricultural_burning,low,0,1,256_766,2
E0580224_1,agricultural_burning,low,0,1,256_766,2
E0580225_1,agricultural_burning,low,0,1,256_766,2
E0580226_1,agricultural_burning,low,0,1,256_767,1
E0580226_2,agricultural_burning,low,0,1,256_767,1
E0580228_1,agricultural_burning,low,0,1,256_767,1
E0580233_1,agricultural_burning,low,0,1,256_770,3
E0580233_3,agricultural_burning,low,0,1,256_770,3
E0580238_4,agricultural_burning,low,0,1,256_770,3
E0580259_2,agricultural_burning,low,0,1,256_780,3
E0580260_1,agricultural_burning,low,0,1,256_780,3
E0580261_2,agricultural_burning,low,0,1,256_780,3
E0580266_1,agricultural_burning,low,0,1,256_781,4
E0580277_1,agricultural_burning,low,0,1,256_782,0
E0580392_3,agricultural_burning,low,0,1,256_839,1
E0580441_1,agricultural_burning,low,0,1,256_907,3
E0580464_2,agricultural_burning,low,0,1,256_912,2
E0580542_1,agricultural_burning,low,0,1,256_929,1
E0580563_2,agricultural_burning,low,0,1,256_937,3
E0580584_1,agricultural_burning,low,0,1,256_945,1
E0580587_2,agricultural_burning,low,0,1,256_947,2
E0580612_1,agricultural_burning,low,0,1,256_967,1
E0580684_1,agricultural_burning,low,0,1,256_765,1
E0580685_3,agricultural_burning,low,0,1,256_766,2
E0580686_1,agricultural_burning,low,0,1,256_766,2
E0580687_2,agricultural_burning,low,0,1,256_766,2
E0580689_2,agricultural_burning,low,0,1,256_766,2
E0580690_1,agricultural_burning,low,0,1,256_766,2
E0580692_1,agricultural_burning,low,0,1,256_766,2
E0580693_1,agricultural_burning,low,0,1,256_766,2
E0580695_2,agricultural_burning,low,0,1,256_767,1
E0580698_1,agricultural_burning,low,0,1,256_767,1
E0580699_1,agricultural_burning,low,0,1,256_767,1
E0580734_2,agricultural_burning,low,0,1,256_780,3
E0580738_2,agricultural_burning,low,0,1,256_780,3
E0580740_2,agricultural_burning,low,0,1,256_780,3
E0580744_4,agricultural_burning,low,0,1,256_781,4
E0580753_2,agricultural_burning,low,0,1,256_782,0
E0580755_2,agricultural_burning,low,0,1,256_782,0
E0580756_2,agricultural_burning,low,0,1,256_782,0
E0580806_2,agricultural_burning,low,0,1,256_792,1
E0580901_1,agricultural_burning,low,0,1,256_907,3
E0580914_1,agricultural_burning,low,0,1,256_909,2
E0580933_1,agricultural_burning,low,0,1,256_914,3
E0580987_1,agricultural_burning,low,0,1,256_925,0
E0581138_1,agricultural_burning,low,0,1,256_765,1
E0581138_3,agricultural_burning,low,0,1,256_765,1
E0581140_2,agricultural_burning,low,0,1,256_765,1
E0581141_1,agricultural_burning,low,0,1,256_765,1
E0581143_2,agricultural_burning,low,0,1,256_765,1
E0581146_1,agricultural_burning,low,0,1,256_766,2
E0581156_1,agricultural_burning,low,0,1,256_767,1
E0581198_2,agricultural_burning,low,0,1,256_780,3
E0581201_3,agricultural_burning,low,0,1,256_780,3
E0581202_1,agricultural_burning,low,0,1,256_780,3
E0581203_3,agricultural_burning,low,0,1,256_780,3
E0581205_1,agricultural_burning,low,0,1,256_781,4
E0581213_1,agricultural_burning,low,0,1,256_782,0
E0581213_2,agricultural_burning,low,0,1,256_782,0
E0581232_3,agricultural_burning,low,0,1,256_786,0
E0581237_1,agricultural_burning,low,0,1,256_787,3
E0581393_1,agricultural_burning,low,0,1,256_909,2
E0581396_1,agricultural_burning,low,0,1,256_909,2
E0581398_1,agricultural_burning,low,0,1,256_909,2
E0581403_1,agricultural_burning,low,0,1,256_910,1
E0581430_1,agricultural_burning,low,0,1,256_919,4
E0581482_2,agricultural_burning,low,0,1,256_929,1
E0581512_1,agricultural_burning,low,0,1,256_942,0
E0581613_1,agricultural_burning,low,0,1,256_765,1
E0581615_1,agricultural_burning,low,0,1,256_765,1
E0581619_1,agricultural_burning,low,0,1,256_765,1
E0581620_1,agricultural_burning,low,0,1,256_766,2
E0581621_3,agricultural_burning,low,0,1,256_766,2
E0581625_1,agricultural_burning,low,0,1,256_766,2
E0581666_1,agricultural_burning,low,0,1,256_780,3
E0581668_1,agricultural_burning,low,0,1,256_781,4
E0581671_2,agricultural_burning,low,0,1,256_781,4
E0581675_1,agricultural_burning,low,0,1,256_781,4
E0581675_3,agricultural_burning,low,0,1,256_781,4
E0581677_1,agricultural_burning,low,0,1,256_782,0
E0581679_3,agricultural_burning,low,0,1,256_782,0
E0581680_2,agricultural_burning,low,0,1,256_782,0
E0581681_3,agricultural_burning,low,0,1,256_782,0
E0581684_1,agricultural_burning,low,0,1,256_782,0
E0581685_2,agricultural_burning,low,0,1,256_782,0
E0581714_2,agricultural_burning,low,0,1,256_787,3
E0581931_1,agricultural_burning,low,0,1,256_925,0
E0581992_1,agricultural_burning,low,0,1,256_942,0
E0582099_2,agricultural_burning,low,0,1,256_765,1
E0582100_1,agricultural_burning,low,0,1,256_765,1
E0582100_3,agricultural_burning,low,0,1,256_765,1
E0582102_1,agricultural_burning,low,0,1,256_765,1
E0582102_2,agricultural_burning,low,0,1,256_765,1
E0582103_1,agricultural_burning,low,0,1,256_765,1
E0582105_1,agricultural_burning,low,0,1,256_766,2
E0582106_1,agricultural_burning,low,0,1,256_766,2
E0582108_1,agricultural_burning,low,0,1,256_766,2
E0582113_1,agricultural_burning,low,0,1,256_766,2
E0582113_2,agricultural_burning,low,0,1,256_766,2
E0582150_1,agricultural_burning,low,0,1,256_780,3
E0582153_2,agricultural_burning,low,0,1,256_781,4
E0582154_1,agricultural_burning,low,0,1,256_781,4
E0582156_1,agricultural_burning,low,0,1,256_781,4
E0582160_2,agricultural_burning,low,0,1,256_782,0
E0582163_3,agricultural_burning,low,0,1,256_782,0
E0582168_2,agricultural_burning,low,0,1,256_782,0
E0582182_3,agricultural_burning,low,0,1,256_785,4
E0582192_1,agricultural_burning,low,0,1,256_786,0
E0582327_1,agricultural_burning,low,0,1,256_906,0
E0582347_1,agricultural_burning,low,0,1,256_910,1
E0582384_1,agricultural_burning,low,0,1,256_920,1
E0582389_1,agricultural_burning,low,0,1,256_921,4
E0582412_1,agricultural_burning,low,0,1,256_926,0
E0582421_1,agricultural_burning,low,0,1,256_927,3
E0582442_1,agricultural_burning,low,0,1,256_930,4
E0582508_1,agricultural_burning,low,0,1,256_962,3
E0582518_1,agricultural_burning,low,0,1,256_966,4
E0582518_2,agricultural_burning,low,0,1,256_966,4
E0582577_1,agricultural_burning,low,0,1,256_764,3
E0582577_3,agricultural_burning,low,0,1,256_764,3
E0582578_1,agricultural_burning,low,0,1,256_764,3
E0582584_1,agricultural_burning,low,0,1,256_765,1
E0582585_1,agricultural_burning,low,0,1,256_765,1
E0582587_1,agricultural_burning,low,0,1,256_765,1
E0582589_1,agricultural_burning,low,0,1,256_766,2
E0582589_2,agricultural_burning,low,0,1,256_766,2
E0582604_2,agricultural_burning,low,0,1,256_770,3
E0582629_1,agricultural_burning,low,0,1,256_781,4
E0582631_1,agricultural_burning,low,0,1,256_781,4
E0582645_1,agricultural_burning,low,0,1,256_783,3
E0582645_2,agricultural_burning,low,0,1,256_783,3
E0582688_2,agricultural_burning,low,0,1,256_788,4
E0582821_1,agricultural_burning,low,0,1,256_908,4
E0582939_1,agricultural_burning,low,0,1,256_937,3
E0582994_1,agricultural_burning,low,0,1,256_966,4
E0583067_3,agricultural_burning,low,0,1,256_764,3
E0583071_2,agricultural_burning,low,0,1,256_765,1
E0583073_1,agricultural_burning,low,0,1,256_765,1
E0583074_2,agricultural_burning,low,0,1,256_765,1
E0583075_1,agricultural_burning,low,0,1,256_765,1
E0583075_3,agricultural_burning,low,0,1,256_765,1
E0583076_1,agricultural_burning,low,0,1,256_765,1
E0583100_1,agricultural_burning,low,0,1,256_772,0
E0583115_1,agricultural_burning,low,0,1,256_780,3
E0583121_3,agricultural_burning,low,0,1,256_781,4
E0583123_3,agricultural_burning,low,0,1,256_781,4
E0583126_2,agricultural_burning,low,0,1,256_782,0
E0583155_4,agricultural_burning,low,0,1,256_786,0
E0583292_1,agricultural_burning,low,0,1,256_906,0
E0583304_1,agricultural_burning,low,0,1,256_909,2
E0583383_1,agricultural_burning,low,0,1,256_929,1
E0583450_1,agricultural_burning,low,0,1,256_962,3
E0583525_1,agricultural_burning,low,0,1,256_765,1
E0583526_1,agricultural_burning,low,0,1,256_765,1
E0583526_3,agricultural_burning,low,0,1,256_765,1
E0583527_1,agricultural_burning,low,0,1,256_765,1
E0583528_1,agricultural_burning,low,0,1,256_766,2
E0583530_3,agricultural_burning,low,0,1,256_766,2
E0583561_2,agricultural_burning,low,0,1,256_779,1
E0583566_2,agricultural_burning,low,0,1,256_780,3
E0583616_1,agricultural_burning,low,0,1,256_788,4
E0583749_1,agricultural_burning,low,0,1,256_909,2
E0583924_1,agricultural_burning,low,0,1,256_966,4
E0583925_2,agricultural_burning,low,0,1,256_966,4
E0583979_2,agricultural_burning,low,0,1,256_765,1
E0583980_2,agricultural_burning,low,0,1,256_765,1
E0583981_3,agricultural_burning,low,0,1,256_765,1
E0583984_1,agricultural_burning,low,0,1,256_765,1
E0583986_2,agricultural_burning,low,0,1,256_766,2
E0583994_2,agricultural_burning,low,0,1,256_767,1
E0584021_3,agricultural_burning,low,0,1,256_779,1
E0584022_1,agricultural_burning,low,0,1,256_779,1
E0584028_2,agricultural_burning,low,0,1,256_780,3
E0584030_1,agricultural_burning,low,0,1,256_781,4
E0584083_2,agricultural_burning,low,0,1,256_788,4
E0584097_2,agricultural_burning,low,0,1,256_790,3
E0584217_1,agricultural_burning,low,0,1,256_909,2
E0584241_1,agricultural_burning,low,0,1,256_913,3
E0584263_1,agricultural_burning,low,0,1,256_921,4
E0584290_1,agricultural_burning,low,0,1,256_925,0
E0584435_1,agricultural_burning,low,0,1,256_765,1
E0584436_1,agricultural_burning,low,0,1,257_765,2
E0584437_1,agricultural_burning,low,0,1,256_765,1
E0584437_2,agricultural_burning,low,0,1,257_765,2
E0584440_1,agricultural_burning,low,0,1,257_765,2
E0584442_1,agricultural_burning,low,0,1,257_765,2
E0584442_3,agricultural_burning,low,0,1,257_766,1
E0584448_1,agricultural_burning,low,0,1,257_766,1
E0584451_1,agricultural_burning,low,0,1,257_766,1
E0584451_2,agricultural_burning,low,0,1,257_767,1
E0584484_1,agricultural_burning,low,0,1,257_781,1
E0584493_2,agricultural_burning,low,0,1,256_782,0
E0584531_1,agricultural_burning,low,0,1,256_787,3
E0584538_1,agricultural_burning,low,0,1,257_788,2
E0584543_1,agricultural_burning,low,0,1,256_788,4
E0584547_2,agricultural_burning,low,0,1,256_789,3
E0584554_1,agricultural_burning,low,0,1,257_790,0
E0584672_1,agricultural_burning,low,0,1,256_911,1
E0584677_1,agricultural_burning,low,0,1,256_913,3
E0584684_1,agricultural_burning,low,0,1,257_914,1
E0584692_1,agricultural_burning,low,0,1,257_917,2
E0584705_1,agricultural_burning,low,0,1,256_920,1
E0584721_1,agricultural_burning,low,0,1,256_925,0
E0584724_1,agricultural_burning,low,0,1,256_925,0
E0584795_1,agricultural_burning,low,0,1,257_942,0
E0584876_1,agricultural_burning,low,0,1,257_765,2
E0584876_3,agricultural_burning,low,0,1,257_765,2
E0584877_2,agricultural_burning,low,0,1,257_765,2
E0584878_1,agricultural_burning,low,0,1,257_765,2
E0584879_1,agricultural_burning,low,0,1,257_765,2
E0584889_1,agricultural_burning,low,0,1,257_766,1
E0584893_1,agricultural_burning,low,0,1,257_767,1
E0584895_2,agricultural_burning,low,0,1,257_767,1
E0584920_2,agricultural_burning,low,0,1,257_780,1
E0584923_2,agricultural_burning,low,0,1,257_780,1
E0584930_3,agricultural_burning,low,0,1,257_781,1
E0584934_2,agricultural_burning,low,0,1,257_781,1
E0584935_2,agricultural_burning,low,0,1,257_781,1
E0584938_3,agricultural_burning,low,0,1,257_782,1
E0584939_3,agricultural_burning,low,0,1,257_782,1
E0584955_4,agricultural_burning,low,0,1,257_785,1
E0585114_1,agricultural_burning,low,0,1,257_908,2
E0585130_1,agricultural_burning,low,0,1,257_910,3
E0585136_1,agricultural_burning,low,0,1,257_911,2
E0585137_1,agricultural_burning,low,0,1,257_911,2
E0585152_1,agricultural_burning,low,0,1,257_913,3
E0585181_1,agricultural_burning,low,0,1,257_920,3
E0585191_1,agricultural_burning,low,0,1,257_922,2
E0585199_1,agricultural_burning,low,0,1,257_924,2
E0585208_1,agricultural_burning,low,0,1,257_926,0
E0585269_1,agricultural_burning,low,0,1,257_939,0
E0585314_1,agricultural_burning,low,0,1,257_966,3
E0585340_2,agricultural_burning,low,0,1,257_764,1
E0585341_1,agricultural_burning,low,0,1,257_764,1
E0585345_1,agricultural_burning,low,0,1,257_765,2
E0585345_3,agricultural_burning,low,0,1,257_765,2
E0585349_2,agricultural_burning,low,0,1,257_765,2
E0585354_1,agricultural_burning,low,0,1,257_766,1
E0585355_1,agricultural_burning,low,0,1,257_766,1
E0585357_1,agricultural_burning,low,0,1,257_766,1
E0585359_1,agricultural_burning,low,0,1,257_766,1
E0585360_1,agricultural_burning,low,0,1,257_766,1
E0585361_3,agricultural_burning,low,0,1,257_766,1
E0585362_1,agricultural_burning,low,0,1,257_767,1
E0585363_2,agricultural_burning,low,0,1,257_767,1
E0585387_1,agricultural_burning,low,0,1,257_779,3
E0585389_2,agricultural_burning,low,0,1,257_780,1
E0585392_1,agricultural_burning,low,0,1,257_780,1
E0585396_3,agricultural_burning,low,0,1,257_780,1
E0585397_1,agricultural_burning,low,0,1,257_780,1
E0585399_2,agricultural_burning,low,0,1,257_781,1
E0585400_2,agricultural_burning,low,0,1,257_781,1
E0585405_1,agricultural_burning,low,0,1,257_781,1
E0585583_1,agricultural_burning,low,0,1,257_909,3
E0585648_1,agricultural_burning,low,0,1,257_920,3
E0585660_1,agricultural_burning,low,0,1,257_922,2
E0585703_1,agricultural_burning,low,0,1,257_929,3
E0585805_3,agricultural_burning,low,0,1,257_765,2
E0585806_1,agricultural_burning,low,0,1,257_765,2
E0585810_1,agricultural_burning,low,0,1,257_766,1
E0585810_2,agricultural_burning,low,0,1,257_766,1
E0585811_3,agricultural_burning,low,0,1,257_766,1
E0585812_1,agricultural_burning,low,0,1,257_766,1
E0585812_3,agricultural_burning,low,0,1,257_766,1
E0585813_1,agricultural_burning,low,0,1,257_766,1
E0585813_3,agricultural_burning,low,0,1,257_766,1
E0585814_1,agricultural_burning,low,0,1,257_766,1
E0585816_1,agricultural_burning,low,0,1,257_766,1
E0585817_1,agricultural_burning,low,0,1,257_766,1
E0585818_3,agricultural_burning,low,0,1,257_767,1
E0585819_1,agricultural_burning,low,0,1,257_767,1
E0585819_2,agricultural_burning,low,0,1,257_767,1
E0585819_3,agricultural_burning,low,0,1,257_767,1
E0585820_2,agricultural_burning,low,0,1,257_767,1
E0585821_2,agricultural_burning,low,0,1,257_767,1
E0585841_2,agricultural_burning,low,0,1,257_779,3
E0585849_1,agricultural_burning,low,0,1,257_780,1
E0585849_2,agricultural_burning,low,0,1,257_780,1
E0585851_2,agricultural_burning,low,0,1,257_780,1
E0585852_1,agricultural_burning,low,0,1,257_780,1
E0585853_1,agricultural_burning,low,0,1,257_781,1
E0585853_2,agricultural_burning,low,0,1,257_781,1
E0585854_2,agricultural_burning,low,0,1,257_781,1
E0585855_1,agricultural_burning,low,0,1,257_781,1
E0585858_1,agricultural_burning,low,0,1,257_781,1
E0585858_2,agricultural_burning,low,0,1,257_781,1
E0585873_1,agricultural_burning,low,0,1,257_783,3
E0585892_2,agricultural_burning,low,0,1,257_785,1
E0585919_1,agricultural_burning,low,0,1,257_789,2
E0585950_1,agricultural_burning,low,0,1,257_808,4
E0586027_1,agricultural_burning,low,0,1,257_906,0
E0586039_1,agricultural_burning,low,0,1,257_908,2
E0586041_1,agricultural_burning,low,0,1,257_908,2
E0586043_1,agricultural_burning,low,0,1,257_909,3
E0586046_1,agricultural_burning,low,0,1,257_909,3
E0586053_1,agricultural_burning,low,0,1,257_910,3
E0586060_1,agricultural_burning,low,0,1,257_911,2
E0586084_1,agricultural_burning,low,0,1,257_914,1
E0586098_1,agricultural_burning,low,0,1,257_917,2
E0586122_1,agricultural_burning,low,0,1,257_922,2
E0586250_1,agricultural_burning,low,0,1,257_765,2
E0586254_3,agricultural_burning,low,0,1,257_766,1
E0586256_1,agricultural_burning,low,0,1,257_766,1
E0586256_3,agricultural_burning,low,0,1,257_766,1
E0586257_1,agricultural_burning,low,0,1,257_766,1
E0586257_2,agricultural_burning,low,0,1,257_766,1
E0586260_1,agricultural_burning,low,0,1,257_766,1
E0586260_3,agricultural_burning,low,0,1,257_766,1
E0586261_1,agricultural_burning,low,0,1,257_766,1
E0586261_2,agricultural_burning,low,0,1,257_766,1
E0586281_2,agricultural_burning,low,0,1,257_778,3
E0586286_2,agricultural_burning,low,0,1,257_779,3
E0586288_2,agricultural_burning,low,0,1,257_779,3
E0586290_1,agricultural_burning,low,0,1,257_780,1
E0586292_1,agricultural_burning,low,0,1,257_780,1
E0586295_1,agricultural_burning,low,0,1,257_780,1
E0586297_1,agricultural_burning,low,0,1,257_780,1
E0586299_3,agricultural_burning,low,0,1,257_781,1
E0586301_1,agricultural_burning,low,0,1,257_781,1
E0586301_3,agricultural_burning,low,0,1,257_781,1
E0586322_2,agricultural_burning,low,0,1,257_784,0
E0586332_2,agricultural_burning,low,0,1,257_785,1
E0586353_2,agricultural_burning,low,0,1,257_788,2
E0586403_1,agricultural_burning,low,0,1,257_809,2
E0586404_1,agricultural_burning,low,0,1,257_809,2
E0586485_1,agricultural_burning,low,0,1,257_907,3
E0586493_1,agricultural_burning,low,0,1,257_908,2
E0586498_1,agricultural_burning,low,0,1,257_909,3
E0586514_1,agricultural_burning,low,0,1,257_911,2
E0586515_1,agricultural_burning,low,0,1,257_911,2
E0586516_1,agricultural_burning,low,0,1,257_911,2
E0586519_1,agricultural_burning,low,0,1,257_911,2
E0586522_1,agricultural_burning,low,0,1,257_912,2
E0586525_1,agricultural_burning,low,0,1,257_912,2
E0586526_1,agricultural_burning,low,0,1,257_912,2
E0586538_1,agricultural_burning,low,0,1,257_914,1
E0586543_1,agricultural_burning,low,0,1,257_915,2
E0586645_1,agricultural_burning,low,0,1,257_947,3
E0586646_1,agricultural_burning,low,0,1,257_947,3
E0586667_1,agricultural_burning,low,0,1,257_966,3
E0586708_2,agricultural_burning,low,0,1,257_764,1
E0586712_2,agricultural_burning,low,0,1,257_765,2
E0586713_1,agricultural_burning,low,0,1,257_765,2
E0586713_3,agricultural_burning,low,0,1,257_765,2
E0586714_2,agricultural_burning,low,0,1,257_765,2
E0586716_1,agricultural_burning,low,0,1,257_765,2
E0586716_3,agricultural_burning,low,0,1,257_765,2
E0586717_3,agricultural_burning,low,0,1,257_765,2
E0586719_1,agricultural_burning,low,0,1,257_766,1
E0586719_2,agricultural_burning,low,0,1,257_766,1
E0586719_3,agricultural_burning,low,0,1,257_766,1
E0586723_1,agricultural_burning,low,0,1,257_766,1
E0586723_3,agricultural_burning,low,0,1,257_766,1
E0586727_3,agricultural_burning,low,0,1,257_766,1
E0586729_3,agricultural_burning,low,0,1,257_767,1
E0586730_1,agricultural_burning,low,0,1,257_767,1
E0586730_3,agricultural_burning,low,0,1,257_767,1
E0586751_1,agricultural_burning,low,0,1,257_779,3
E0586755_1,agricultural_burning,low,0,1,257_780,1
E0586758_1,agricultural_burning,low,0,1,257_780,1
E0586761_1,agricultural_burning,low,0,1,257_780,1
E0586761_2,agricultural_burning,low,0,1,257_780,1
E0586765_2,agricultural_burning,low,0,1,257_781,1
E0586769_1,agricultural_burning,low,0,1,257_781,1
E0586793_2,agricultural_burning,low,0,1,257_785,1
E0586803_1,agricultural_burning,low,0,1,257_786,1
E0586876_1,agricultural_burning,low,0,1,257_809,2
E0586970_1,agricultural_burning,low,0,1,257_909,3
E0586971_1,agricultural_burning,low,0,1,257_909,3
E0586991_1,agricultural_burning,low,0,1,257_911,2
E0586992_1,agricultural_burning,low,0,1,257_911,2
E0586997_1,agricultural_burning,low,0,1,257_912,2
E0587014_1,agricultural_burning,low,0,1,257_916,1
E0587045_1,agricultural_burning,low,0,1,257_922,2
E0587072_1,agricultural_burning,low,0,1,257_927,2
E0587119_1,agricultural_burning,low,0,1,257_940,4
E0587120_1,agricultural_burning,low,0,1,257_940,4
E0587131_1,agricultural_burning,low,0,1,257_945,0
E0587133_1,agricultural_burning,low,0,1,257_947,3
E0587187_1,agricultural_burning,low,0,1,257_764,1
E0587194_1,agricultural_burning,low,0,1,257_765,2
E0587197_1,agricultural_burning,low,0,1,257_766,1
E0587198_1,agricultural_burning,low,0,1,257_766,1
E0587198_3,agricultural_burning,low,0,1,257_766,1
E0587207_1,agricultural_burning,low,0,1,257_767,1
E0587208_2,agricultural_burning,low,0,1,257_767,1
E0587209_3,agricultural_burning,low,0,1,257_767,1
E0587246_2,agricultural_burning,low,0,1,257_780,1
E0587247_2,agricultural_burning,low,0,1,257_780,1
E0587249_3,agricultural_burning,low,0,1,257_781,1
E0587250_1,agricultural_burning,low,0,1,257_781,1
E0587252_2,agricultural_burning,low,0,1,257_781,1
E0587254_2,agricultural_burning,low,0,1,257_781,1
E0587255_2,agricultural_burning,low,0,1,257_781,1
E0587269_1,agricultural_burning,low,0,1,257_784,0
E0587276_2,agricultural_burning,low,0,1,257_785,1
E0587281_2,agricultural_burning,low,0,1,257_785,1
E0587282_1,agricultural_burning,low,0,1,257_786,1
E0587307_1,agricultural_burning,low,0,1,257_789,2
E0587448_1,agricultural_burning,low,0,1,257_908,2
E0587449_1,agricultural_burning,low,0,1,257_908,2
E0587458_1,agricultural_burning,low,0,1,257_909,3
E0587468_1,agricultural_burning,low,0,1,257_910,3
E0587476_1,agricultural_burning,low,0,1,257_911,2
E0587477_1,agricultural_burning,low,0,1,257_911,2
E0587479_1,agricultural_burning,low,0,1,257_911,2
E0587483_1,agricultural_burning,low,0,1,257_912,2
E0587587_1,agricultural_burning,low,0,1,257_937,2
E0587631_1,agricultural_burning,low,0,1,257_966,3
E0587636_1,agricultural_burning,low,0,1,257_966,3
E0587675_1,agricultural_burning,low,0,1,257_765,2
E0587677_1,agricultural_burning,low,0,1,257_765,2
E0587678_1,agricultural_burning,low,0,1,257_765,2
E0587681_1,agricultural_burning,low,0,1,257_766,1
E0587684_1,agricultural_burning,low,0,1,257_766,1
E0587684_3,agricultural_burning,low,0,1,257_766,1
E0587687_1,agricultural_burning,low,0,1,257_766,1
E0587688_1,agricultural_burning,low,0,1,257_766,1
E0587691_1,agricultural_burning,low,0,1,257_767,1
E0587691_2,agricultural_burning,low,0,1,257_767,1
E0587692_1,agricultural_burning,low,0,1,257_767,1
E0587692_3,agricultural_burning,low,0,1,257_767,1
E0587693_2,agricultural_burning,low,0,1,257_767,1
E0587729_2,agricultural_burning,low,0,1,257_780,1
E0587732_1,agricultural_burning,low,0,1,257_780,1
E0587735_3,agricultural_burning,low,0,1,257_780,1
E0587736_1,agricultural_burning,low,0,1,257_780,1
E0587737_1,agricultural_burning,low,0,1,257_781,1
E0587739_2,agricultural_burning,low,0,1,257_781,1
E0587763_2,agricultural_burning,low,0,1,257_785,1
E0587787_1,agricultural_burning,low,0,1,257_789,2
E0587910_1,agricultural_burning,low,0,1,257_907,3
E0587924_2,agricultural_burning,low,0,1,257_909,3
E0587927_1,agricultural_burning,low,0,1,257_909,3
E0587929_1,agricultural_burning,low,0,1,257_909,3
E0587937_1,agricultural_burning,low,0,1,257_910,3
E0587943_1,agricultural_burning,low,0,1,257_911,2
E0587946_1,agricultural_burning,low,0,1,257_911,2
E0587951_1,agricultural_burning,low,0,1,257_912,2
E0587998_1,agricultural_burning,low,0,1,257_921,0
E0587999_1,agricultural_burning,low,0,1,257_921,0
E0588005_1,agricultural_burning,low,0,1,257_921,0
E0588116_1,agricultural_burning,low,0,1,257_686,2
E0588145_2,agricultural_burning,low,0,1,257_765,2
E0588145_3,agricultural_burning,low,0,1,257_765,2
E0588150_2,agricultural_burning,low,0,1,257_766,1
E0588151_1,agricultural_burning,low,0,1,257_766,1
E0588152_2,agricultural_burning,low,0,1,257_766,1
E0588153_3,agricultural_burning,low,0,1,257_766,1
E0588155_1,agricultural_burning,low,0,1,257_766,1
E0588156_1,agricultural_burning,low,0,1,257_766,1
E0588156_3,agricultural_burning,low,0,1,257_766,1
E0588157_1,agricultural_burning,low,0,1,257_766,1
E0588157_2,agricultural_burning,low,0,1,257_766,1
E0588158_1,agricultural_burning,low,0,1,257_766,1
E0588159_1,agricultural_burning,low,0,1,257_767,1
E0588161_1,agricultural_burning,low,0,1,257_767,1
E0588161_3,agricultural_burning,low,0,1,257_767,1
E0588162_1,agricultural_burning,low,0,1,257_767,1
E0588191_1,agricultural_burning,low,0,1,257_779,3
E0588192_1,agricultural_burning,low,0,1,257_779,3
E0588197_2,agricultural_burning,low,0,1,257_780,1
E0588201_1,agricultural_burning,low,0,1,257_780,1
E0588201_2,agricultural_burning,low,0,1,257_780,1
E0588207_2,agricultural_burning,low,0,1,257_781,1
E0588208_1,agricultural_burning,low,0,1,257_781,1
E0588235_1,agricultural_burning,low,0,1,257_786,1
E0588374_1,agricultural_burning,low,0,1,257_908,2
E0588379_1,agricultural_burning,low,0,1,257_909,3
E0588380_1,agricultural_burning,low,0,1,257_909,3
E0588389_1,agricultural_burning,low,0,1,257_910,3
E0588397_1,agricultural_burning,low,0,1,257_911,2
E0588399_1,agricultural_burning,low,0,1,257_911,2
E0588416_1,agricultural_burning,low,0,1,257_914,1
E0588459_1,agricultural_burning,low,0,1,257_922,2
E0588530_1,agricultural_burning,low,0,1,257_939,0
E0588574_10,agricultural_burning,low,0,1,257_686,2
E0588574_6,agricultural_burning,low,0,1,257_686,2
E0588605_1,agricultural_burning,low,0,1,257_765,2
E0588609_1,agricultural_burning,low,0,1,257_765,2
E0588611_1,agricultural_burning,low,0,1,257_766,1
E0588611_3,agricultural_burning,low,0,1,257_765,2
E0588612_1,agricultural_burning,low,0,1,257_766,1
E0588612_3,agricultural_burning,low,0,1,257_766,1
E0588614_3,agricultural_burning,low,0,1,257_766,1
E0588617_1,agricultural_burning,low,0,1,257_766,1
E0588617_2,agricultural_burning,low,0,1,257_766,1
E0588618_1,agricultural_burning,low,0,1,257_766,1
E0588619_1,agricultural_burning,low,0,1,257_766,1
E0588620_1,agricultural_burning,low,0,1,257_766,1
E0588621_2,agricultural_burning,low,0,1,257_766,1
E0588622_1,agricultural_burning,low,0,1,257_767,1
E0588646_3,agricultural_burning,low,0,1,257_780,1
E0588647_2,agricultural_burning,low,0,1,257_780,1
E0588652_2,agricultural_burning,low,0,1,257_781,1
E0588654_1,agricultural_burning,low,0,1,257_781,1
E0588662_2,agricultural_burning,low,0,1,257_784,0
E0588685_1,agricultural_burning,low,0,1,257_788,2
E0588691_3,agricultural_burning,low,0,1,257_788,2
E0588839_1,agricultural_burning,low,0,1,257_909,3
E0588858_1,agricultural_burning,low,0,1,257_912,2
E0588867_1,agricultural_burning,low,0,1,257_913,3
E0588988_1,agricultural_burning,low,0,1,257_940,4
E0589038_13,agricultural_burning,low,0,1,257_686,2
E0589061_1,agricultural_burning,low,0,1,258_765,0
E0589066_1,agricultural_burning,low,0,1,258_766,3
E0589066_3,agricultural_burning,low,0,1,257_766,1
E0589068_3,agricultural_burning,low,0,1,258_766,3
E0589069_1,agricultural_burning,low,0,1,257_766,1
E0589069_3,agricultural_burning,low,0,1,258_766,3
E0589070_1,agricultural_burning,low,0,1,257_766,1
E0589070_2,agricultural_burning,low,0,1,257_766,1
E0589072_1,agricultural_burning,low,0,1,257_766,1
E0589073_1,agricultural_burning,low,0,1,257_766,1
E0589074_1,agricultural_burning,low,0,1,258_766,3
E0589074_3,agricultural_burning,low,0,1,257_766,1
E0589103_2,agricultural_burning,low,0,1,258_780,0
E0589104_1,agricultural_burning,low,0,1,258_780,0
E0589107_2,agricultural_burning,low,0,1,257_780,1
E0589108_3,agricultural_burning,low,0,1,258_780,0
E0589111_3,agricultural_burning,low,0,1,258_780,0
E0589112_2,agricultural_burning,low,0,1,257_780,1
E0589161_1,agricultural_burning,low,0,1,258_788,2
E0589162_2,agricultural_burning,low,0,1,258_788,2
E0589312_1,agricultural_burning,low,0,1,257_909,3
E0589316_1,agricultural_burning,low,0,1,258_909,4
E0589317_1,agricultural_burning,low,0,1,257_910,3
E0589332_1,agricultural_burning,low,0,1,257_911,2
E0589334_1,agricultural_burning,low,0,1,258_912,2
E0589343_1,agricultural_burning,low,0,1,257_913,3
E0589345_1,agricultural_burning,low,0,1,257_913,3
E0589362_1,agricultural_burning,low,0,1,257_916,1
E0589368_1,agricultural_burning,low,0,1,258_916,1
E0589513_1,agricultural_burning,low,0,1,258_765,0
E0589515_1,agricultural_burning,low,0,1,258_766,3
E0589515_3,agricultural_burning,low,0,1,258_766,3
E0589516_3,agricultural_burning,low,0,1,258_766,3
E0589519_1,agricultural_burning,low,0,1,258_766,3
E0589520_1,agricultural_burning,low,0,1,258_766,3
E0589520_2,agricultural_burning,low,0,1,258_766,3
E0589522_2,agricultural_burning,low,0,1,258_766,3
E0589523_2,agricultural_burning,low,0,1,258_766,3
E0589524_3,agricultural_burning,low,0,1,258_766,3
E0589525_1,agricultural_burning,low,0,1,258_766,3
E0589526_1,agricultural_burning,low,0,1,258_767,2
E0589529_1,agricultural_burning,low,0,1,258_767,2
E0589529_2,agricultural_burning,low,0,1,258_767,2
E0589561_1,agricultural_burning,low,0,1,258_780,0
E0589563_4,agricultural_burning,low,0,1,258_780,0
E0589565_3,agricultural_burning,low,0,1,258_780,0
E0589568_1,agricultural_burning,low,0,1,258_781,4
E0589570_1,agricultural_burning,low,0,1,258_781,4
E0589574_1,agricultural_burning,low,0,1,258_781,4
E0589575_1,agricultural_burning,low,0,1,258_781,4
E0589602_1,agricultural_burning,low,0,1,258_786,3
E0589603_3,agricultural_burning,low,0,1,258_786,3
E0589605_1,agricultural_burning,low,0,1,258_786,3
E0589619_2,agricultural_burning,low,0,1,258_788,2
E0589646_2,agricultural_burning,low,0,1,258_802,0
E0589736_1,agricultural_burning,low,0,1,258_904,0
E0589750_1,agricultural_burning,low,0,1,258_908,2
E0589752_1,agricultural_burning,low,0,1,258_908,2
E0589789_1,agricultural_burning,low,0,1,258_916,1
E0589889_1,agricultural_burning,low,0,1,258_939,3
E0589963_1,agricultural_burning,low,0,1,258_765,0
E0589963_3,agricultural_burning,low,0,1,258_765,0
E0589965_2,agricultural_burning,low,0,1,258_766,3
E0589968_1,agricultural_burning,low,0,1,258_766,3
E0589969_1,agricultural_burning,low,0,1,258_766,3
E0589973_3,agricultural_burning,low,0,1,258_766,3
E0589974_1,agricultural_burning,low,0,1,258_767,2
E0589974_2,agricultural_burning,low,0,1,258_766,3
E0589981_2,agricultural_burning,low,0,1,258_767,2
E0590008_3,agricultural_burning,low,0,1,258_779,2
E0590009_1,agricultural_burning,low,0,1,258_779,2
E0590010_1,agricultural_burning,low,0,1,258_779,2
E0590010_2,agricultural_burning,low,0,1,258_779,2
E0590012_2,agricultural_burning,low,0,1,258_780,0
E0590015_4,agricultural_burning,low,0,1,258_780,0
E0590025_1,agricultural_burning,low,0,1,258_781,4
E0590025_2,agricultural_burning,low,0,1,258_781,4
E0590028_1,agricultural_burning,low,0,1,258_781,4
E0590028_2,agricultural_burning,low,0,1,258_781,4
E0590029_1,agricultural_burning,low,0,1,258_781,4
E0590031_2,agricultural_burning,low,0,1,258_781,4
E0590036_2,agricultural_burning,low,0,1,258_782,2
E0590037_3,agricultural_burning,low,0,1,258_782,2
E0590051_2,agricultural_burning,low,0,1,258_785,2
E0590059_1,agricultural_burning,low,0,1,258_785,2
E0590061_1,agricultural_burning,low,0,1,258_786,3
E0590061_2,agricultural_burning,low,0,1,258_786,3
E0590073_1,agricultural_burning,low,0,1,258_787,2
E0590078_1,agricultural_burning,low,0,1,258_788,2
E0590078_2,agricultural_burning,low,0,1,258_788,2
E0590080_2,agricultural_burning,low,0,1,258_788,2
E0590220_1,agricultural_burning,low,0,1,258_908,2
E0590228_1,agricultural_burning,low,0,1,258_909,4
E0590256_1,agricultural_burning,low,0,1,258_916,1
E0590260_1,agricultural_burning,low,0,1,258_916,1
E0590286_1,agricultural_burning,low,0,1,258_922,1
E0590287_1,agricultural_burning,low,0,1,258_922,1
E0590289_1,agricultural_burning,low,0,1,258_922,1
E0590415_2,agricultural_burning,low,0,1,258_765,0
E0590417_3,agricultural_burning,low,0,1,258_766,3
E0590418_3,agricultural_burning,low,0,1,258_766,3
E0590421_1,agricultural_burning,low,0,1,258_766,3
E0590421_3,agricultural_burning,low,0,1,258_766,3
E0590423_1,agricultural_burning,low,0,1,258_766,3
E0590423_3,agricultural_burning,low,0,1,258_766,3
E0590427_2,agricultural_burning,low,0,1,258_766,3
E0590434_3,agricultural_burning,low,0,1,258_767,2
E0590458_1,agricultural_burning,low,0,1,258_779,2
E0590461_3,agricultural_burning,low,0,1,258_780,0
E0590464_1,agricultural_burning,low,0,1,258_780,0
E0590466_1,agricultural_burning,low,0,1,258_780,0
E0590466_2,agricultural_burning,low,0,1,258_780,0
E0590467_1,agricultural_burning,low,0,1,258_780,0
E0590467_3,agricultural_burning,low,0,1,258_780,0
E0590470_2,agricultural_burning,low,0,1,258_780,0
E0590471_1,agricultural_burning,low,0,1,258_780,0
E0590471_2,agricultural_burning,low,0,1,258_780,0
E0590472_2,agricultural_burning,low,0,1,258_781,4
E0590473_3,agricultural_burning,low,0,1,258_781,4
E0590477_1,agricultural_burning,low,0,1,258_781,4
E0590486_2,agricultural_burning,low,0,1,258_782,2
E0590487_1,agricultural_burning,low,0,1,258_782,2
E0590487_2,agricultural_burning,low,0,1,258_782,2
E0590504_3,agricultural_burning,low,0,1,258_785,2
E0590506_1,agricultural_burning,low,0,1,258_785,2
E0590508_2,agricultural_burning,low,0,1,258_785,2
E0590510_2,agricultural_burning,low,0,1,258_785,2
E0590511_2,agricultural_burning,low,0,1,258_786,3
E0590525_1,agricultural_burning,low,0,1,258_788,2
E0590526_1,agricultural_burning,low,0,1,258_788,2
E0590526_2,agricultural_burning,low,0,1,258_788,2
E0590552_1,agricultural_burning,low,0,1,258_802,0
E0590659_1,agricultural_burning,low,0,1,258_908,2
E0590691_1,agricultural_burning,low,0,1,258_916,1
E0590695_1,agricultural_burning,low,0,1,258_916,1
E0590703_2,agricultural_burning,low,0,1,258_917,0
E0590787_1,agricultural_burning,low,0,1,258_940,1
E0590791_1,agricultural_burning,low,0,1,258_940,1
E0590840_1,agricultural_burning,low,0,1,258_967,0
E0590876_2,agricultural_burning,low,0,1,258_765,0
E0590878_2,agricultural_burning,low,0,1,258_766,3
E0590880_3,agricultural_burning,low,0,1,258_766,3
E0590883_3,agricultural_burning,low,0,1,258_766,3
E0590885_3,agricultural_burning,low,0,1,258_766,3
E0590886_1,agricultural_burning,low,0,1,258_766,3
E0590891_1,agricultural_burning,low,0,1,258_767,2
E0590927_1,agricultural_burning,low,0,1,258_780,0
E0590930_3,agricultural_burning,low,0,1,258_780,0
E0590933_1,agricultural_burning,low,0,1,258_780,0
E0590934_1,agricultural_burning,low,0,1,258_780,0
E0590934_3,agricultural_burning,low,0,1,258_780,0
E0590937_1,agricultural_burning,low,0,1,258_781,4
E0590938_1,agricultural_burning,low,0,1,258_781,4
E0590938_3,agricultural_burning,low,0,1,258_781,4
E0590941_1,agricultural_burning,low,0,1,258_781,4
E0590941_2,agricultural_burning,low,0,1,258_781,4
E0590942_1,agricultural_burning,low,0,1,258_781,4
E0590942_3,agricultural_burning,low,0,1,258_781,4
E0590945_1,agricultural_burning,low,0,1,258_781,4
E0590948_1,agricultural_burning,low,0,1,258_782,2
E0590950_2,agricultural_burning,low,0,1,258_782,2
E0590954_2,agricultural_burning,low,0,1,258_782,2
E0590955_3,agricultural_burning,low,0,1,258_782,2
E0590957_2,agricultural_burning,low,0,1,258_783,4
E0590972_1,agricultural_burning,low,0,1,258_785,2
E0590973_1,agricultural_burning,low,0,1,258_785,2
E0590975_1,agricultural_burning,low,0,1,258_785,2
E0590977_2,agricultural_burning,low,0,1,258_786,3
E0590978_3,agricultural_burning,low,0,1,258_786,3
E0590980_1,agricultural_burning,low,0,1,258_786,3
E0590984_2,agricultural_burning,low,0,1,258_786,3
E0591003_1,agricultural_burning,low,0,1,258_789,2
E0591042_2,agricultural_burning,low,0,1,258_802,0
E0591154_1,agricultural_burning,low,0,1,258_909,4
E0591172_1,agricultural_burning,low,0,1,258_915,3
E0591178_1,agricultural_burning,low,0,1,258_916,1
E0591179_1,agricultural_burning,low,0,1,258_916,1
E0591196_1,agricultural_burning,low,0,1,258_919,0
E0591197_1,agricultural_burning,low,0,1,258_919,0
E0591213_1,agricultural_burning,low,0,1,258_921,2
E0591217_3,agricultural_burning,low,0,1,258_922,1
E0591223_1,agricultural_burning,low,0,1,258_922,1
E0591234_1,agricultural_burning,low,0,1,258_924,1
E0591244_2,agricultural_burning,low,0,1,258_926,4
E0591323_1,agricultural_burning,low,0,1,258_966,3
E0591360_3,agricultural_burning,low,0,1,258_765,0
E0591363_1,agricultural_burning,low,0,1,258_766,3
E0591364_1,agricultural_burning,low,0,1,258_766,3
E0591365_1,agricultural_burning,low,0,1,258_766,3
E0591366_3,agricultural_burning,low,0,1,258_766,3
E0591367_2,agricultural_burning,low,0,1,258_766,3
E0591369_3,agricultural_burning,low,0,1,258_766,3
E0591378_2,agricultural_burning,low,0,1,258_767,2
E0591410_2,agricultural_burning,low,0,1,258_780,0
E0591412_2,agricultural_burning,low,0,1,258_780,0
E0591413_1,agricultural_burning,low,0,1,258_780,0
E0591416_1,agricultural_burning,low,0,1,258_780,0
E0591422_3,agricultural_burning,low,0,1,258_781,4
E0591427_1,agricultural_burning,low,0,1,258_781,4
E0591428_2,agricultural_burning,low,0,1,258_782,2
E0591432_1,agricultural_burning,low,0,1,258_782,2
E0591432_2,agricultural_burning,low,0,1,258_782,2
E0591433_1,agricultural_burning,low,0,1,258_782,2
E0591433_2,agricultural_burning,low,0,1,258_782,2
E0591434_1,agricultural_burning,low,0,1,258_782,2
E0591435_2,agricultural_burning,low,0,1,258_782,2
E0591436_1,agricultural_burning,low,0,1,258_782,2
E0591436_2,agricultural_burning,low,0,1,258_782,2
E0591437_1,agricultural_burning,low,0,1,258_782,2
E0591438_1,agricultural_burning,low,0,1,258_783,4
E0591453_2,agricultural_burning,low,0,1,258_784,2
E0591460_2,agricultural_burning,low,0,1,258_785,2
E0591461_2,agricultural_burning,low,0,1,258_785,2
E0591463_1,agricultural_burning,low,0,1,258_786,3
E0591463_3,agricultural_burning,low,0,1,258_786,3
E0591464_1,agricultural_burning,low,0,1,258_786,3
E0591469_2,agricultural_burning,low,0,1,258_786,3
E0591505_1,agricultural_burning,low,0,1,258_793,1
E0591531_1,agricultural_burning,low,0,1,258_802,0
E0591533_3,agricultural_burning,low,0,1,258_802,0
E0591534_2,agricultural_burning,low,0,1,258_802,0
E0591650_1,agricultural_burning,low,0,1,258_909,4
E0591650_2,agricultural_burning,low,0,1,258_909,4
E0591715_1,agricultural_burning,low,0,1,258_922,1
E0591720_1,agricultural_burning,low,0,1,258_922,1
E0591727_1,agricultural_burning,low,0,1,258_923,3
E0591777_1,agricultural_burning,low,0,1,258_940,1
E0591811_3,agricultural_burning,low,0,1,258_966,3
E0591818_2,agricultural_burning,low,0,1,258_966,3
E0591820_1,agricultural_burning,low,0,1,258_967,0
E0591852_1,industrial_fire,low,0,1,258_746,2
E0591853_2,industrial_fire,low,0,1,258_746,2
E0591863_1,agricultural_burning,low,0,1,258_765,0
E0591864_1,agricultural_burning,low,0,1,258_766,3
E0591866_1,agricultural_burning,low,0,1,258_766,3
E0591872_1,agricultural_burning,low,0,1,258_766,3
E0591872_2,agricultural_burning,low,0,1,258_766,3
E0591880_1,agricultural_burning,low,0,1,258_767,2
E0591881_3,agricultural_burning,low,0,1,258_767,2
E0591903_3,agricultural_burning,low,0,1,258_780,0
E0591906_2,agricultural_burning,low,0,1,258_780,0
E0591910_2,agricultural_burning,low,0,1,258_780,0
E0591912_5,agricultural_burning,low,0,1,258_781,4
E0591917_1,agricultural_burning,low,0,1,258_781,4
E0591917_3,agricultural_burning,low,0,1,258_781,4
E0591919_4,agricultural_burning,low,0,1,258_781,4
E0591924_1,agricultural_burning,low,0,1,258_782,2
E0591924_3,agricultural_burning,low,0,1,258_782,2
E0591926_3,agricultural_burning,low,0,1,258_782,2
E0591927_1,agricultural_burning,low,0,1,258_782,2
E0591929_1,agricultural_burning,low,0,1,258_782,2
E0591929_3,agricultural_burning,low,0,1,258_782,2
E0591930_1,agricultural_burning,low,0,1,258_782,2
E0591930_3,agricultural_burning,low,0,1,258_782,2
E0591938_1,agricultural_burning,low,0,1,258_783,4
E0591946_1,agricultural_burning,low,0,1,258_785,2
E0591952_2,agricultural_burning,low,0,1,258_785,2
E0591955_2,agricultural_burning,low,0,1,258_785,2
E0591956_1,agricultural_burning,low,0,1,258_786,3
E0591957_1,agricultural_burning,low,0,1,258_786,3
E0591959_1,agricultural_burning,low,0,1,258_786,3
E0591959_2,agricultural_burning,low,0,1,258_786,3
E0591961_2,agricultural_burning,low,0,1,258_786,3
E0591962_2,agricultural_burning,low,0,1,258_786,3
E0591979_2,agricultural_burning,low,0,1,258_788,2
E0591984_2,agricultural_burning,low,0,1,258_789,2
E0592019_3,agricultural_burning,low,0,1,258_802,0
E0592020_1,agricultural_burning,low,0,1,258_802,0
E0592022_2,agricultural_burning,low,0,1,258_802,0
E0592155_1,agricultural_burning,low,0,1,258_916,1
E0592202_1,agricultural_burning,low,0,1,258_924,1
E0592342_2,agricultural_burning,low,0,1,258_766,3
E0592344_1,agricultural_burning,low,0,1,258_767,2
E0592363_2,agricultural_burning,low,0,1,258_779,2
E0592369_2,agricultural_burning,low,0,1,258_780,0
E0592370_2,agricultural_burning,low,0,1,258_780,0
E0592372_2,agricultural_burning,low,0,1,258_780,0
E0592377_2,agricultural_burning,low,0,1,258_781,4
E0592378_2,agricultural_burning,low,0,1,258_781,4
E0592379_4,agricultural_burning,low,0,1,258_781,4
E0592380_1,agricultural_burning,low,0,1,258_781,4
E0592380_2,agricultural_burning,low,0,1,258_781,4
E0592381_3,agricultural_burning,low,0,1,258_781,4
E0592384_1,agricultural_burning,low,0,1,258_781,4
E0592384_2,agricultural_burning,low,0,1,258_781,4
E0592386_3,agricultural_burning,low,0,1,258_782,2
E0592387_1,agricultural_burning,low,0,1,258_782,2
E0592387_3,agricultural_burning,low,0,1,258_782,2
E0592389_4,agricultural_burning,low,0,1,258_782,2
E0592391_3,agricultural_burning,low,0,1,258_782,2
E0592414_2,agricultural_burning,low,0,1,258_785,2
E0592415_1,agricultural_burning,low,0,1,258_785,2
E0592418_1,agricultural_burning,low,0,1,258_785,2
E0592420_3,agricultural_burning,low,0,1,258_786,3
E0592421_2,agricultural_burning,low,0,1,258_786,3
E0592422_3,agricultural_burning,low,0,1,258_786,3
E0592424_2,agricultural_burning,low,0,1,258_786,3
E0592425_1,agricultural_burning,low,0,1,258_786,3
E0592426_3,agricultural_burning,low,0,1,258_786,3
E0592432_1,agricultural_burning,low,0,1,258_787,2
E0592436_1,agricultural_burning,low,0,1,258_788,2
E0592450_2,agricultural_burning,low,0,1,258_790,4
E0592591_1,agricultural_burning,low,0,1,258_915,3
E0592610_1,agricultural_burning,low,0,1,258_919,0
E0592623_1,agricultural_burning,low,0,1,258_922,1
E0592785_1,agricultural_burning,low,0,1,258_765,0
E0592788_1,agricultural_burning,low,0,1,258_765,0
E0592797_3,agricultural_burning,low,0,1,258_766,3
E0592799_1,agricultural_burning,low,0,1,258_767,2
E0592801_1,agricultural_burning,low,0,1,258_767,2
E0592803_1,agricultural_burning,low,0,1,258_767,2
E0592826_1,agricultural_burning,low,0,1,258_780,0
E0592827_4,agricultural_burning,low,0,1,258_780,0
E0592828_1,agricultural_burning,low,0,1,258_780,0
E0592829_3,agricultural_burning,low,0,1,258_780,0
E0592830_1,agricultural_burning,low,0,1,258_780,0
E0592831_1,agricultural_burning,low,0,1,258_780,0
E0592831_3,agricultural_burning,low,0,1,258_780,0
E0592832_2,agricultural_burning,low,0,1,258_780,0
E0592833_3,agricultural_burning,low,0,1,258_780,0
E0592834_1,agricultural_burning,low,0,1,258_781,4
E0592834_2,agricultural_burning,low,0,1,258_781,4
E0592835_1,agricultural_burning,low,0,1,258_781,4
E0592836_3,agricultural_burning,low,0,1,258_781,4
E0592838_2,agricultural_burning,low,0,1,258_781,4
E0592839_1,agricultural_burning,low,0,1,258_781,4
E0592841_2,agricultural_burning,low,0,1,258_781,4
E0592845_1,agricultural_burning,low,0,1,258_782,2
E0592845_3,agricultural_burning,low,0,1,258_782,2
E0592847_1,agricultural_burning,low,0,1,258_782,2
E0592847_3,agricultural_burning,low,0,1,258_782,2
E0592849_3,agricultural_burning,low,0,1,258_782,2
E0592849_4,agricultural_burning,low,0,1,258_782,2
E0592850_2,agricultural_burning,low,0,1,258_782,2
E0592860_3,agricultural_burning,low,0,1,258_784,2
E0592866_2,agricultural_burning,low,0,1,258_785,2
E0592874_3,agricultural_burning,low,0,1,258_786,3
E0592877_1,agricultural_burning,low,0,1,258_786,3
E0592877_2,agricultural_burning,low,0,1,258_786,3
E0592878_3,agricultural_burning,low,0,1,258_786,3
E0592879_2,agricultural_burning,low,0,1,258_786,3
E0592879_4,agricultural_burning,low,0,1,258_786,3
E0592880_1,agricultural_burning,low,0,1,258_786,3
E0592880_3,agricultural_burning,low,0,1,258_786,3
E0592881_2,agricultural_burning,low,0,1,258_786,3
E0592882_3,agricultural_burning,low,0,1,258_786,3
E0592885_1,agricultural_burning,low,0,1,258_787,2
E0592889_2,agricultural_burning,low,0,1,258_787,2
E0593019_1,agricultural_burning,low,0,1,258_905,4
E0593023_1,agricultural_burning,low,0,1,258_908,2
E0593024_1,agricultural_burning,low,0,1,258_908,2
E0593087_1,agricultural_burning,low,0,1,258_923,3
E0593089_1,agricultural_burning,low,0,1,258_923,3
E0593136_1,agricultural_burning,low,0,1,258_940,1
E0593149_1,agricultural_burning,low,0,1,258_947,4
E0593151_1,agricultural_burning,low,0,1,258_948,3
E0593191_2,agricultural_burning,low,0,1,258_687,4
E0593215_1,agricultural_burning,low,0,1,258_764,1
E0593223_1,agricultural_burning,low,0,1,258_765,0
E0593229_2,agricultural_burning,low,0,1,258_766,3
E0593230_1,agricultural_burning,low,0,1,258_766,3
E0593231_1,agricultural_burning,low,0,1,258_766,3
E0593234_1,agricultural_burning,low,0,1,258_767,2
E0593237_1,agricultural_burning,low,0,1,258_767,2
E0593263_1,agricultural_burning,low,0,1,258_780,0
E0593264_2,agricultural_burning,low,0,1,258_780,0
E0593265_2,agricultural_burning,low,0,1,258_780,0
E0593267_2,agricultural_burning,low,0,1,258_780,0
E0593269_1,agricultural_burning,low,0,1,258_780,0
E0593271_1,agricultural_burning,low,0,1,258_781,4
E0593274_2,agricultural_burning,low,0,1,258_781,4
E0593275_1,agricultural_burning,low,0,1,258_781,4
E0593276_3,agricultural_burning,low,0,1,258_781,4
E0593279_1,agricultural_burning,low,0,1,258_781,4
E0593279_2,agricultural_burning,low,0,1,258_781,4
E0593281_1,agricultural_burning,low,0,1,258_782,2
E0593281_3,agricultural_burning,low,0,1,258_782,2
E0593282_1,agricultural_burning,low,0,1,258_782,2
E0593282_3,agricultural_burning,low,0,1,258_782,2
E0593283_3,agricultural_burning,low,0,1,258_782,2
E0593302_2,agricultural_burning,low,0,1,258_785,2
E0593303_3,agricultural_burning,low,0,1,258_785,2
E0593304_1,agricultural_burning,low,0,1,258_785,2
E0593306_1,agricultural_burning,low,0,1,258_785,2
E0593307_3,agricultural_burning,low,0,1,258_786,3
E0593309_1,agricultural_burning,low,0,1,258_786,3
E0593309_3,agricultural_burning,low,0,1,258_786,3
E0593310_3,agricultural_burning,low,0,1,258_786,3
E0593311_1,agricultural_burning,low,0,1,258_786,3
E0593311_3,agricultural_burning,low,0,1,258_786,3
E0593312_2,agricultural_burning,low,0,1,258_786,3
E0593313_1,agricultural_burning,low,0,1,258_786,3
E0593313_2,agricultural_burning,low,0,1,258_786,3
E0593314_1,agricultural_burning,low,0,1,258_786,3
E0593316_1,agricultural_burning,low,0,1,258_786,3
E0593317_1,agricultural_burning,low,0,1,258_787,2
E0593319_3,agricultural_burning,low,0,1,258_787,2
E0593341_1,agricultural_burning,low,0,1,258_791,1
E0593341_2,agricultural_burning,low,0,1,258_791,1
E0593452_1,agricultural_burning,low,0,1,258_907,2
E0593467_1,agricultural_burning,low,0,1,258_911,4
E0593484_1,agricultural_burning,low,0,1,258_916,1
E0593488_1,agricultural_burning,low,0,1,258_917,0
E0593508_1,agricultural_burning,low,0,1,258_921,2
E0593509_2,agricultural_burning,low,0,1,258_921,2
E0593510_1,agricultural_burning,low,0,1,258_921,2
E0593512_1,agricultural_burning,low,0,1,258_921,2
E0593619_1,agricultural_burning,low,0,1,258_969,2
E0593665_2,agricultural_burning,low,0,1,258_766,3
E0593666_1,agricultural_burning,low,0,1,259_766,2
E0593666_2,agricultural_burning,low,0,1,258_766,3
E0593699_1,agricultural_burning,low,0,1,259_780,3
E0593699_2,agricultural_burning,low,0,1,259_780,3
E0593702_1,agricultural_burning,low,0,1,258_780,0
E0593702_3,agricultural_burning,low,0,1,259_780,3
E0593703_1,agricultural_burning,low,0,1,258_781,4
E0593704_2,agricultural_burning,low,0,1,259_781,4
E0593706_1,agricultural_burning,low,0,1,259_781,4
E0593707_1,agricultural_burning,low,0,1,258_781,4
E0593707_2,agricultural_burning,low,0,1,258_781,4
E0593708_1,agricultural_burning,low,0,1,259_781,4
E0593713_2,agricultural_burning,low,0,1,258_782,2
E0593714_1,agricultural_burning,low,0,1,258_782,2
E0593717_1,agricultural_burning,low,0,1,259_782,0
E0593719_2,agricultural_burning,low,0,1,259_782,0
E0593720_2,agricultural_burning,low,0,1,258_782,2
E0593736_2,agricultural_burning,low,0,1,259_785,4
E0593744_1,agricultural_burning,low,0,1,258_785,2
E0593746_2,agricultural_burning,low,0,1,258_786,3
E0593747_2,agricultural_burning,low,0,1,259_786,0
E0593749_1,agricultural_burning,low,0,1,258_786,3
E0593751_1,agricultural_burning,low,0,1,259_786,0
E0593751_3,agricultural_burning,low,0,1,258_786,3
E0593753_2,agricultural_burning,low,0,1,259_787,4
E0593754_1,agricultural_burning,low,0,1,259_787,4
E0593754_3,agricultural_burning,low,0,1,259_787,4
E0593757_1,agricultural_burning,low,0,1,259_787,4
E0593758_1,agricultural_burning,low,0,1,259_787,4
E0593760_2,agricultural_burning,low,0,1,259_787,4
E0593761_1,agricultural_burning,low,0,1,259_787,4
E0593761_2,agricultural_burning,low,0,1,259_787,4
E0593762_1,agricultural_burning,low,0,1,258_787,2
E0593762_3,agricultural_burning,low,0,1,258_787,2
E0593768_2,agricultural_burning,low,0,1,258_789,2
E0593769_1,agricultural_burning,low,0,1,258_789,2
E0593771_2,agricultural_burning,low,0,1,259_789,0
E0593837_2,agricultural_burning,low,0,1,258_835,2
E0593933_1,agricultural_burning,low,0,1,258_921,2
E0594018_1,agricultural_burning,low,0,1,259_950,4
E0594044_1,agricultural_burning,low,0,1,259_969,2
E0594098_1,agricultural_burning,low,0,1,259_767,2
E0594098_3,agricultural_burning,low,0,1,259_767,2
E0594103_2,agricultural_burning,low,0,1,259_768,2
E0594104_2,agricultural_burning,low,0,1,259_768,2
E0594133_1,agricultural_burning,low,0,1,259_780,3
E0594134_1,agricultural_burning,low,0,1,259_780,3
E0594134_4,agricultural_burning,low,0,1,259_780,3
E0594135_3,agricultural_burning,low,0,1,259_780,3
E0594135_4,agricultural_burning,low,0,1,259_780,3
E0594137_3,agricultural_burning,low,0,1,259_781,4
E0594139_1,agricultural_burning,low,0,1,259_781,4
E0594140_2,agricultural_burning,low,0,1,259_781,4
E0594141_1,agricultural_burning,low,0,1,259_781,4
E0594142_1,agricultural_burning,low,0,1,259_781,4
E0594142_3,agricultural_burning,low,0,1,259_781,4
E0594143_3,agricultural_burning,low,0,1,259_781,4
E0594149_2,agricultural_burning,low,0,1,259_782,0
E0594150_1,agricultural_burning,low,0,1,259_782,0
E0594150_2,agricultural_burning,low,0,1,259_782,0
E0594151_2,agricultural_burning,low,0,1,259_782,0
E0594152_2,agricultural_burning,low,0,1,259_782,0
E0594153_3,agricultural_burning,low,0,1,259_782,0
E0594154_2,agricultural_burning,low,0,1,259_782,0
E0594173_1,agricultural_burning,low,0,1,259_785,4
E0594177_1,agricultural_burning,medium,1,1,259_786,0
E0594178_1,agricultural_burning,low,0,1,259_786,0
E0594179_3,agricultural_burning,low,0,1,259_786,0
E0594180_1,agricultural_burning,low,0,1,259_786,0
E0594181_1,agricultural_burning,low,0,1,259_786,0
E0594181_3,agricultural_burning,low,0,1,259_786,0
E0594182_1,agricultural_burning,low,0,1,259_786,0
E0594184_1,agricultural_burning,low,0,1,259_787,4
E0594184_2,agricultural_burning,low,0,1,259_787,4
E0594188_1,agricultural_burning,low,0,1,259_787,4
E0594194_1,agricultural_burning,low,0,1,259_788,0
E0594194_3,agricultural_burning,low,0,1,259_788,0
E0594197_2,agricultural_burning,low,0,1,259_789,0
E0594342_1,agricultural_burning,low,0,1,259_916,1
E0594371_1,agricultural_burning,low,0,1,259_921,2
E0594376_1,agricultural_burning,low,0,1,259_922,0
E0594377_1,agricultural_burning,low,0,1,259_922,0
E0594383_1,agricultural_burning,low,0,1,259_922,0
E0594389_1,agricultural_burning,low,0,1,259_923,3
E0594398_1,industrial_fire,low,0,1,259_925,3
E0594478_1,agricultural_burning,low,0,1,259_969,2
E0594524_2,agricultural_burning,low,0,1,259_766,2
E0594525_1,agricultural_burning,low,0,1,259_767,2
E0594531_2,agricultural_burning,low,0,1,259_767,2
E0594559_1,agricultural_burning,low,0,1,259_780,3
E0594561_1,agricultural_burning,low,0,1,259_780,3
E0594561_2,agricultural_burning,low,0,1,259_780,3
E0594564_3,agricultural_burning,low,0,1,259_781,4
E0594565_1,agricultural_burning,low,0,1,259_781,4
E0594566_1,agricultural_burning,low,0,1,259_781,4
E0594568_1,agricultural_burning,low,0,1,259_781,4
E0594569_1,agricultural_burning,low,0,1,259_781,4
E0594569_2,agricultural_burning,low,0,1,259_781,4
E0594572_1,agricultural_burning,low,0,1,259_781,4
E0594575_3,agricultural_burning,low,0,1,259_782,0
E0594576_4,agricultural_burning,low,0,1,259_782,0
E0594577_1,agricultural_burning,low,0,1,259_782,0
E0594577_2,agricultural_burning,low,0,1,259_782,0
E0594580_1,agricultural_burning,low,0,1,259_782,0
E0594594_2,agricultural_burning,low,0,1,259_784,3
E0594595_2,agricultural_burning,low,0,1,259_784,3
E0594597_3,agricultural_burning,low,0,1,259_784,3
E0594608_3,agricultural_burning,low,0,1,259_785,4
E0594613_1,agricultural_burning,low,0,1,259_786,0
E0594613_2,agricultural_burning,low,0,1,259_786,0
E0594614_1,agricultural_burning,low,0,1,259_786,0
E0594615_1,agricultural_burning,low,0,1,259_786,0
E0594615_3,agricultural_burning,low,0,1,259_786,0
E0594616_3,agricultural_burning,low,0,1,259_786,0
E0594617_2,agricultural_burning,low,0,1,259_786,0
E0594622_1,agricultural_burning,low,0,1,259_787,4
E0594623_1,agricultural_burning,low,0,1,259_787,4
E0594624_1,agricultural_burning,low,0,1,259_787,4
E0594625_2,agricultural_burning,low,0,1,259_787,4
E0594626_1,agricultural_burning,low,0,1,259_787,4
E0594627_2,agricultural_burning,low,0,1,259_787,4
E0594628_3,agricultural_burning,low,0,1,259_787,4
E0594666_1,agricultural_burning,low,0,1,259_805,0
E0594678_2,agricultural_burning,low,0,1,259_811,4
E0594788_1,agricultural_burning,low,0,1,259_908,4
E0594804_1,agricultural_burning,low,0,1,259_915,3
E0594858_3,industrial_fire,medium,1,1,259_925,3
E0594919_1,agricultural_burning,low,0,1,259_954,1
E0594933_1,agricultural_burning,low,0,1,259_969,2
E0594969_1,agricultural_burning,low,0,1,259_765,3
E0594969_3,agricultural_burning,low,0,1,259_765,3
E0594971_1,agricultural_burning,low,0,1,259_766,2
E0594982_3,agricultural_burning,low,0,1,259_768,2
E0595001_1,agricultural_burning,low,0,1,259_780,3
E0595002_3,agricultural_burning,low,0,1,259_780,3
E0595003_3,agricultural_burning,low,0,1,259_780,3
E0595004_1,agricultural_burning,low,0,1,259_780,3
E0595007_2,agricultural_burning,low,0,1,259_780,3
E0595008_1,agricultural_burning,low,0,1,259_780,3
E0595008_3,agricultural_burning,low,0,1,259_780,3
E0595009_3,agricultural_burning,low,0,1,259_781,4
E0595010_4,agricultural_burning,low,0,1,259_781,4
E0595011_1,agricultural_burning,low,0,1,259_781,4
E0595012_2,agricultural_burning,low,0,1,259_781,4
E0595013_2,agricultural_burning,low,0,1,259_781,4
E0595014_1,agricultural_burning,low,0,1,259_781,4
E0595014_2,agricultural_burning,low,0,1,259_781,4
E0595015_3,agricultural_burning,low,0,1,259_781,4
E0595016_2,agricultural_burning,low,0,1,259_781,4
E0595017_3,agricultural_burning,low,0,1,259_781,4
E0595018_1,agricultural_burning,low,0,1,259_781,4
E0595018_2,agricultural_burning,medium,1,1,259_781,4
E0595021_1,agricultural_burning,low,0,1,259_782,0
E0595021_2,agricultural_burning,low,0,1,259_782,0
E0595022_1,agricultural_burning,low,0,1,259_782,0
E0595022_3,agricultural_burning,low,0,1,259_782,0
E0595023_1,agricultural_burning,low,0,1,259_782,0
E0595023_2,agricultural_burning,low,0,1,259_782,0
E0595024_2,agricultural_burning,low,0,1,259_782,0
E0595025_1,agricultural_burning,low,0,1,259_782,0
E0595026_1,agricultural_burning,low,0,1,259_782,0
E0595035_2,agricultural_burning,low,0,1,259_783,4
E0595037_1,agricultural_burning,low,0,1,259_783,4
E0595043_3,agricultural_burning,low,0,1,259_784,3
E0595044_1,agricultural_burning,low,0,1,259_784,3
E0595049_1,agricultural_burning,low,0,1,259_785,4
E0595050_2,agricultural_burning,low,0,1,259_785,4
E0595053_1,agricultural_burning,low,0,1,259_785,4
E0595058_2,agricultural_burning,low,0,1,259_786,0
E0595059_3,agricultural_burning,low,0,1,259_786,0
E0595061_2,agricultural_burning,low,0,1,259_786,0
E0595062_1,agricultural_burning,low,0,1,259_786,0
E0595062_3,agricultural_burning,low,0,1,259_786,0
E0595066_2,agricultural_burning,low,0,1,259_787,4
E0595068_3,agricultural_burning,low,0,1,259_787,4
E0595069_3,agricultural_burning,low,0,1,259_787,4
E0595071_2,agricultural_burning,low,0,1,259_787,4
E0595072_1,agricultural_burning,low,0,1,259_787,4
E0595072_2,agricultural_burning,low,0,1,259_787,4
E0595075_2,agricultural_burning,low,0,1,259_788,0
E0595261_1,agricultural_burning,low,0,1,259_920,0
E0595269_2,agricultural_burning,low,0,1,259_921,2
E0595362_1,agricultural_burning,low,0,1,259_969,2
E0595363_1,agricultural_burning,low,0,1,259_969,2
E0595409_2,agricultural_burning,low,0,1,259_766,2
E0595410_2,agricultural_burning,low,0,1,259_766,2
E0595448_1,agricultural_burning,low,0,1,259_780,3
E0595454_1,agricultural_burning,low,0,1,259_781,4
E0595456_2,agricultural_burning,low,0,1,259_781,4
E0595458_2,agricultural_burning,low,0,1,259_781,4
E0595459_1,agricultural_burning,low,0,1,259_781,4
E0595460_2,agricultural_burning,low,0,1,259_781,4
E0595461_3,agricultural_burning,low,0,1,259_781,4
E0595462_1,agricultural_burning,low,0,1,259_782,0
E0595462_3,agricultural_burning,low,0,1,259_781,4
E0595464_2,agricultural_burning,low,0,1,259_782,0
E0595465_1,agricultural_burning,low,0,1,259_782,0
E0595466_2,agricultural_burning,low,0,1,259_782,0
E0595468_3,agricultural_burning,low,0,1,259_782,0
E0595468_4,agricultural_burning,low,0,1,259_782,0
E0595469_1,agricultural_burning,low,0,1,259_782,0
E0595471_1,agricultural_burning,low,0,1,259_782,0
E0595471_2,agricultural_burning,low,0,1,259_782,0
E0595472_3,agricultural_burning,low,0,1,259_782,0
E0595474_1,agricultural_burning,low,0,1,259_783,4
E0595474_3,agricultural_burning,low,0,1,259_783,4
E0595476_2,agricultural_burning,low,0,1,259_783,4
E0595479_2,agricultural_burning,low,0,1,259_783,4
E0595492_1,agricultural_burning,low,0,1,259_785,4
E0595500_3,agricultural_burning,low,0,1,259_786,0
E0595514_2,agricultural_burning,low,0,1,259_787,4
E0595734_2,agricultural_burning,low,0,1,259_924,3
E0595781_1,agricultural_burning,low,0,1,259_943,1
E0595792_1,agricultural_burning,low,0,1,259_949,3
E0595866_2,agricultural_burning,low,0,1,259_780,3
E0595868_2,agricultural_burning,low,0,1,259_780,3
E0595869_2,agricultural_burning,low,0,1,259_780,3
E0595870_1,agricultural_burning,low,0,1,259_780,3
E0595870_3,agricultural_burning,low,0,1,259_780,3
E0595873_1,agricultural_burning,low,0,1,259_781,4
E0595873_2,agricultural_burning,low,0,1,259_781,4
E0595876_2,agricultural_burning,low,0,1,259_781,4
E0595877_3,agricultural_burning,low,0,1,259_781,4
E0595878_2,agricultural_burning,low,0,1,259_781,4
E0595882_3,agricultural_burning,low,0,1,259_782,0
E0595884_2,agricultural_burning,low,0,1,259_782,0
E0595885_3,agricultural_burning,low,0,1,259_782,0
E0595892_1,agricultural_burning,low,0,1,259_783,4
E0595893_3,agricultural_burning,low,0,1,259_783,4
E0595897_2,agricultural_burning,low,0,1,259_783,4
E0595916_2,agricultural_burning,low,0,1,259_786,0
E0595917_1,agricultural_burning,low,0,1,259_786,0
E0595918_2,agricultural_burning,low,0,1,259_786,0
E0595918_4,agricultural_burning,low,0,1,259_786,0
E0595919_1,agricultural_burning,low,0,1,259_786,0
E0595919_2,agricultural_burning,low,0,1,259_786,0
E0595920_2,agricultural_burning,low,0,1,259_786,0
E0595925_1,agricultural_burning,low,0,1,259_787,4
E0595926_1,agricultural_burning,low,0,1,259_787,4
E0595927_2,agricultural_burning,low,0,1,259_787,4
E0595929_1,agricultural_burning,low,0,1,259_787,4
E0595931_2,agricultural_burning,low,0,1,259_787,4
E0595935_1,agricultural_burning,low,0,1,259_788,0
E0596115_1,agricultural_burning,low,0,1,259_920,0
E0596199_2,agricultural_burning,low,0,1,259_949,3
E0596248_1,agricultural_burning,low,0,1,259_766,2
E0596248_3,agricultural_burning,low,0,1,259_766,2
E0596251_3,agricultural_burning,low,0,1,259_766,2
E0596252_2,agricultural_burning,low,0,1,259_766,2
E0596277_3,agricultural_burning,low,0,1,259_780,3
E0596277_4,agricultural_burning,low,0,1,259_780,3
E0596279_1,agricultural_burning,low,0,1,259_781,4
E0596280_2,agricultural_burning,low,0,1,259_781,4
E0596281_2,agricultural_burning,low,0,1,259_781,4
E0596283_2,agricultural_burning,low,0,1,259_781,4
E0596284_2,agricultural_burning,low,0,1,259_781,4
E0596285_2,agricultural_burning,low,0,1,259_781,4
E0596292_3,agricultural_burning,low,0,1,259_782,0
E0596295_1,agricultural_burning,low,0,1,259_782,0
E0596296_1,agricultural_burning,low,0,1,259_782,0
E0596296_2,agricultural_burning,low,0,1,259_782,0
E0596297_1,agricultural_burning,low,0,1,259_782,0
E0596297_2,agricultural_burning,low,0,1,259_782,0
E0596299_1,agricultural_burning,low,0,1,259_782,0
E0596301_3,agricultural_burning,low,0,1,259_783,4
E0596304_1,agricultural_burning,low,0,1,259_783,4
E0596313_1,agricultural_burning,low,0,1,259_785,4
E0596313_3,agricultural_burning,low,0,1,259_785,4
E0596318_1,agricultural_burning,low,0,1,259_786,0
E0596319_2,agricultural_burning,low,0,1,259_786,0
E0596322_1,agricultural_burning,low,0,1,259_786,0
E0596322_2,agricultural_burning,low,0,1,259_786,0
E0596328_1,agricultural_burning,low,0,1,259_787,4
E0596332_1,agricultural_burning,low,0,1,259_787,4
E0596332_3,agricultural_burning,low,0,1,259_787,4
E0596335_1,agricultural_burning,low,0,1,259_788,0
E0596337_2,agricultural_burning,low,0,1,259_788,0
E0596345_1,agricultural_burning,low,0,1,259_789,0
E0596351_1,agricultural_burning,low,0,1,259_791,1
E0596516_1,agricultural_burning,low,0,1,259_921,2
E0596520_2,agricultural_burning,low,0,1,259_921,2
E0596655_3,agricultural_burning,low,0,1,259_712,3
E0596663_4,agricultural_burning,low,0,1,259_766,2
E0596664_1,agricultural_burning,low,0,1,259_766,2
E0596691_2,agricultural_burning,low,0,1,259_780,3
E0596692_2,agricultural_burning,low,0,1,259_781,4
E0596694_3,agricultural_burning,low,0,1,259_781,4
E0596695_1,agricultural_burning,low,0,1,259_781,4
E0596695_2,agricultural_burning,low,0,1,259_781,4
E0596696_1,agricultural_burning,low,0,1,259_781,4
E0596698_1,agricultural_burning,low,0,1,259_781,4
E0596701_2,agricultural_burning,low,0,1,259_782,0
E0596702_1,agricultural_burning,low,0,1,259_782,0
E0596704_1,agricultural_burning,low,0,1,259_782,0
E0596704_3,agricultural_burning,low,0,1,259_782,0
E0596705_2,agricultural_burning,low,0,1,259_782,0
E0596707_2,agricultural_burning,low,0,1,259_782,0
E0596708_1,agricultural_burning,low,0,1,259_782,0
E0596708_3,agricultural_burning,low,0,1,259_782,0
E0596709_3,agricultural_burning,low,0,1,259_782,0
E0596711_1,agricultural_burning,low,0,1,259_783,4
E0596711_2,agricultural_burning,low,0,1,259_782,0
E0596713_2,agricultural_burning,low,0,1,259_783,4
E0596716_1,agricultural_burning,low,0,1,259_783,4
E0596724_1,agricultural_burning,low,0,1,259_785,4
E0596727_2,agricultural_burning,low,0,1,259_786,0
E0596729_1,agricultural_burning,low,0,1,259_786,0
E0596730_2,agricultural_burning,low,0,1,259_786,0
E0596732_3,agricultural_burning,low,0,1,259_786,0
E0596739_1,agricultural_burning,low,0,1,259_787,4
E0596742_1,agricultural_burning,low,0,1,259_787,4
E0596744_1,agricultural_burning,low,0,1,259_788,0
E0596746_2,agricultural_burning,low,0,1,259_788,0
E0596747_3,agricultural_burning,low,0,1,259_788,0
E0596808_1,agricultural_burning,low,0,1,259_805,0
E0596949_1,agricultural_burning,low,0,1,259_921,2
E0597024_3,agricultural_burning,low,0,1,259_942,1
E0597142_2,agricultural_burning,low,0,1,259_781,4
E0597149_1,agricultural_burning,low,0,1,259_782,0
E0597159_1,agricultural_burning,low,0,1,259_783,4
E0597159_3,agricultural_burning,low,0,1,259_783,4
E0597161_3,agricultural_burning,low,0,1,259_783,4
E0597163_2,agricultural_burning,low,0,1,259_783,4
E0597183_3,agricultural_burning,low,0,1,259_786,0
E0597185_1,agricultural_burning,low,0,1,259_786,0
E0597187_1,agricultural_burning,low,0,1,259_786,0
E0597191_2,agricultural_burning,low,0,1,259_787,4
E0597192_2,agricultural_burning,low,0,1,259_787,4
E0597193_3,agricultural_burning,low,0,1,259_787,4
E0597195_3,agricultural_burning,low,0,1,259_787,4
E0597199_1,agricultural_burning,low,0,1,259_788,0
E0597229_1,agricultural_burning,low,0,1,259_795,0
E0597229_3,agricultural_burning,low,0,1,259_795,0
E0597243_2,agricultural_burning,low,0,1,259_798,4
E0597251_1,agricultural_burning,low,0,1,259_805,0
E0597393_1,agricultural_burning,low,0,1,259_920,0
E0597396_1,agricultural_burning,low,0,1,259_920,0
E0597454_1,agricultural_burning,low,0,1,259_934,3
E0597486_1,agricultural_burning,low,0,1,259_946,4
E0597569_2,agricultural_burning,low,0,1,259_781,4
E0597570_2,agricultural_burning,low,0,1,259_781,4
E0597573_3,agricultural_burning,low,0,1,259_781,4
E0597583_1,agricultural_burning,low,0,1,259_782,0
E0597588_1,agricultural_burning,low,0,1,259_783,4
E0597589_2,agricultural_burning,low,0,1,259_783,4
E0597604_3,agricultural_burning,low,0,1,259_786,0
E0597605_3,agricultural_burning,low,0,1,259_786,0
E0597606_2,agricultural_burning,low,0,1,259_786,0
E0597607_1,agricultural_burning,low,0,1,259_786,0
E0597608_1,agricultural_burning,low,0,1,259_786,0
E0597610_1,agricultural_burning,low,0,1,259_787,4
E0597611_1,agricultural_burning,low,0,1,259_787,4
E0597611_3,agricultural_burning,low,0,1,259_787,4
E0597612_1,agricultural_burning,low,0,1,259_787,4
E0597612_2,agricultural_burning,low,0,1,259_787,4
E0597681_1,agricultural_burning,low,0,1,259_807,1
E0597682_1,agricultural_burning,low,0,1,259_808,0
E0597737_1,agricultural_burning,low,0,1,259_838,3
E0597799_1,agricultural_burning,low,0,1,259_917,1
E0597863_1,agricultural_burning,low,0,1,259_932,0
E0597927_2,agricultural_burning,low,0,1,259_952,2
E0597992_1,agricultural_burning,low,0,1,259_780,3
E0597994_2,agricultural_burning,low,0,1,260_781,4
E0598009_2,agricultural_burning,low,0,1,260_783,1
E0598012_1,agricultural_burning,low,0,1,259_783,4
E0598028_3,agricultural_burning,low,0,1,260_786,3
E0598029_3,agricultural_burning,low,0,1,259_786,0
E0598030_1,agricultural_burning,low,0,1,259_786,0
E0598030_3,agricultural_burning,low,0,1,260_786,3
E0598031_3,agricultural_burning,low,0,1,260_786,3
E0598035_1,agricultural_burning,low,0,1,260_787,2
E0598039_2,agricultural_burning,low,0,1,259_787,4
E0598067_1,agricultural_burning,low,0,1,260_793,1
E0598248_1,agricultural_burning,low,0,1,260_920,1
E0598357_2,agricultural_burning,low,0,1,259_952,2
E0598449_2,agricultural_burning,low,0,1,260_786,3
E0598452_2,agricultural_burning,low,0,1,260_787,2
E0598453_2,agricultural_burning,low,0,1,260_787,2
E0598454_1,agricultural_burning,low,0,1,260_787,2
E0598454_3,agricultural_burning,low,0,1,260_787,2
E0598455_2,agricultural_burning,low,0,1,260_787,2
E0598456_2,agricultural_burning,low,0,1,260_787,2
E0598457_2,agricultural_burning,low,0,1,260_787,2
E0598458_1,agricultural_burning,low,0,1,260_787,2
E0598458_2,agricultural_burning,low,0,1,260_787,2
E0598463_3,agricultural_burning,low,0,1,260_788,4
E0598694_1,agricultural_burning,low,0,1,260_935,4
E0598778_1,agricultural_burning,low,0,1,260_769,2
E0598806_2,agricultural_burning,low,0,1,260_782,1
E0598823_2,agricultural_burning,low,0,1,260_786,3
E0598824_1,agricultural_burning,low,0,1,260_786,3
E0598825_1,agricultural_burning,low,0,1,260_786,3
E0598827_1,agricultural_burning,low,0,1,260_787,2
E0598828_1,agricultural_burning,low,0,1,260_787,2
E0598828_2,agricultural_burning,low,0,1,260_787,2
E0598829_3,agricultural_burning,low,0,1,260_787,2
E0598830_3,agricultural_burning,low,0,1,260_787,2
E0598831_2,agricultural_burning,low,0,1,260_787,2
E0598833_1,agricultural_burning,low,0,1,260_787,2
E0598838_1,agricultural_burning,low,0,1,260_788,4
E0598839_1,agricultural_burning,low,0,1,260_788,4
E0598867_1,agricultural_burning,low,0,1,260_796,4
E0598883_1,agricultural_burning,low,0,1,260_798,2
E0598947_1,agricultural_burning,low,0,1,260_838,3
E0599005_2,agricultural_burning,low,0,1,260_917,3
E0599072_1,agricultural_burning,low,0,1,260_933,2
E0599130_1,agricultural_burning,low,0,1,260_953,4
E0599194_1,agricultural_burning,low,0,1,260_781,4
E0599226_2,agricultural_burning,low,0,1,260_786,3
E0599227_1,agricultural_burning,low,0,1,260_787,2
E0599228_2,agricultural_burning,low,0,1,260_787,2
E0599229_2,agricultural_burning,low,0,1,260_787,2
E0599232_1,agricultural_burning,low,0,1,260_787,2
E0599232_2,agricultural_burning,low,0,1,260_787,2
E0599278_2,agricultural_burning,low,0,1,260_799,2
E0599282_1,agricultural_burning,low,0,1,260_799,2
E0599405_1,agricultural_burning,low,0,1,260_921,0
E0599468_1,agricultural_burning,low,0,1,260_935,4
E0599610_2,agricultural_burning,low,0,1,260_786,3
E0599613_1,agricultural_burning,low,0,1,260_787,2
E0599613_3,agricultural_burning,low,0,1,260_787,2
E0599614_1,agricultural_burning,low,0,1,260_787,2
E0599616_1,agricultural_burning,low,0,1,260_787,2
E0599617_3,agricultural_burning,low,0,1,260_787,2
E0599618_2,agricultural_burning,low,0,1,260_787,2
E0599620_1,agricultural_burning,low,0,1,260_787,2
E0599620_2,agricultural_burning,low,0,1,260_787,2
E0599621_1,agricultural_burning,low,0,1,260_787,2
E0599621_2,agricultural_burning,low,0,1,260_787,2
E0599622_1,agricultural_burning,low,0,1,260_787,2
E0599805_1,agricultural_burning,low,0,1,260_922,0
E0599907_1,agricultural_burning,low,0,1,260_955,1
E0599960_3,industrial_fire,low,0,1,260_773,4
E0599961_3,industrial_fire,low,0,1,260_773,4
E0599987_1,agricultural_burning,low,0,1,260_786,3
E0599993_1,agricultural_burning,low,0,1,260_787,2
E0599993_3,agricultural_burning,low,0,1,260_787,2
E0599995_1,agricultural_burning,low,0,1,260_787,2
E0599996_3,agricultural_burning,low,0,1,260_787,2
E0599997_2,agricultural_burning,low,0,1,260_787,2
E0599998_2,agricultural_burning,low,0,1,260_787,2
E0599999_2,agricultural_burning,low,0,1,260_787,2
E0600013_1,agricultural_burning,low,0,1,260_790,4
E0600155_1,agricultural_burning,low,0,1,260_920,1
E0600156_1,agricultural_burning,low,0,1,260_921,0
E0600179_1,agricultural_burning,low,0,1,260_923,3
E0600330_1,industrial_fire,low,0,1,260_773,4
E0600331_1,industrial_fire,low,0,1,260_773,4
E0600349_1,agricultural_burning,low,0,1,260_786,3
E0600349_2,agricultural_burning,low,0,1,260_786,3
E0600350_1,agricultural_burning,low,0,1,260_786,3
E0600350_3,agricultural_burning,low,0,1,260_786,3
E0600351_2,agricultural_burning,low,0,1,260_786,3
E0600352_3,agricultural_burning,low,0,1,260_787,2
E0600353_1,agricultural_burning,low,0,1,260_787,2
E0600354_3,agricultural_burning,low,0,1,260_787,2
E0600355_1,agricultural_burning,low,0,1,260_787,2
E0600355_3,agricultural_burning,low,0,1,260_787,2
E0600355_4,agricultural_burning,low,0,1,260_787,2
E0600356_3,agricultural_burning,low,0,1,260_787,2
E0600357_1,agricultural_burning,low,0,1,260_787,2
E0600357_3,agricultural_burning,low,0,1,260_787,2
E0600358_1,agricultural_burning,low,0,1,260_787,2
E0600358_2,agricultural_burning,low,0,1,260_787,2
E0600359_1,agricultural_burning,low,0,1,260_787,2
E0600359_2,agricultural_burning,low,0,1,260_787,2
E0600360_2,agricultural_burning,low,0,1,260_787,2
E0600361_1,agricultural_burning,low,0,1,260_787,2
E0600362_1,agricultural_burning,low,0,1,260_788,4
E0600609_1,agricultural_burning,low,0,1,260_946,4
E0600705_2,agricultural_burning,low,0,1,260_786,3
E0600706_2,agricultural_burning,low,0,1,260_786,3
E0600708_1,agricultural_burning,low,0,1,260_787,2
E0600709_1,agricultural_burning,low,0,1,260_787,2
E0600710_1,agricultural_burning,low,0,1,260_787,2
E0600712_3,agricultural_burning,low,0,1,260_787,2
E0600716_1,agricultural_burning,low,0,1,260_787,2
E0600716_2,agricultural_burning,low,0,1,260_787,2
E0600717_1,agricultural_burning,low,0,1,260_787,2
E0600718_1,agricultural_burning,low,0,1,260_787,2
E0600718_3,agricultural_burning,low,0,1,260_788,4
E0600911_1,agricultural_burning,low,0,1,260_934,1
E0601051_1,agricultural_burning,low,0,1,260_787,2
E0601052_1,agricultural_burning,low,0,1,260_787,2
E0601054_1,agricultural_burning,low,0,1,260_787,2
E0601059_3,agricultural_burning,low,0,1,260_787,2
E0601061_1,agricultural_burning,low,0,1,260_788,4
E0601066_2,agricultural_burning,low,0,1,260_788,4
E0601067_1,agricultural_burning,low,0,1,260_788,4
E0601071_1,agricultural_burning,low,0,1,260_789,2
E0601097_1,agricultural_burning,low,0,1,260_798,2
E0601331_3,agricultural_burning,low,0,1,260_688,0
E0601331_7,agricultural_burning,low,0,1,260_688,0
E0601375_3,agricultural_burning,low,0,1,260_787,2
E0601384_2,agricultural_burning,low,0,1,260_788,4
E0601412_1,agricultural_burning,low,0,1,260_794,0
E0601548_1,agricultural_burning,low,0,1,260_924,4
E0601581_1,agricultural_burning,low,0,1,260_935,4
E0601590_5,agricultural_burning,low,0,1,260_939,0
E0601637_6,agricultural_burning,low,0,1,260_688,0
E0601638_6,agricultural_burning,low,0,1,260_688,0
E0601673_1,agricultural_burning,low,0,1,261_787,4
E0601683_1,agricultural_burning,low,0,1,260_788,4
E0601706_1,agricultural_burning,low,0,1,260_794,0
E0601717_5,industrial_fire,low,0,1,260_796,4
E0601864_1,agricultural_burning,low,0,1,261_937,1
E0601896_2,agricultural_burning,low,0,1,261_954,1
E0601940_1,agricultural_burning,low,0,1,261_787,4
E0602111_1,agricultural_burning,low,0,1,261_937,1
E0602141_2,agricultural_burning,low,0,1,261_954,1
E0602388_2,agricultural_burning,low,0,1,261_950,3
E0602392_1,agricultural_burning,low,0,1,261_953,4
E0602393_1,agricultural_burning,low,0,1,261_953,4
E0602410_1,agricultural_burning,medium,1,1,261_687,3
E0602658_1,agricultural_burning,low,0,1,261_953,4
E0602706_1,agricultural_burning,low,0,1,261_781,0
E0602734_1,agricultural_burning,low,0,1,261_792,2
E0602875_1,agricultural_burning,low,0,1,261_934,0
E0602975_1,agricultural_burning,low,0,1,261_781,0
E0603048_2,agricultural_burning,low,0,1,261_816,0
E0603064_1,agricultural_burning,low,0,1,261_824,3
E0603195_1,agricultural_burning,low,0,1,261_941,1
E0603624_1,agricultural_burning,low,0,1,261_800,1
E0603675_2,agricultural_burning,low,0,1,261_833,2
E0603751_1,agricultural_burning,low,0,1,261_931,4
E0603872_1,agricultural_burning,low,0,1,261_794,1
E0603878_2,agricultural_burning,low,0,1,261_794,1
E0603924_1,agricultural_burning,low,0,1,261_817,0
E0604128_1,agricultural_burning,low,0,1,261_790,0
E0604314_1,agricultural_burning,low,0,1,261_937,1
E0604400_1,agricultural_burning,low,0,1,262_783,2
E0604475_2,agricultural_burning,low,0,1,261_816,0
E0604874_4,agricultural_burning,low,0,1,262_966,0
E0604944_1,agricultural_burning,low,0,1,262_791,3
E0605495_2,agricultural_burning,low,0,1,262_783,2
E0605497_1,agricultural_burning,low,0,1,262_783,2
E0605800_3,agricultural_burning,low,0,1,262_783,2
E0605875_1,agricultural_burning,low,0,1,262_816,4
E0605985_1,agricultural_burning,low,0,1,262_932,1
E0605986_1,agricultural_burning,low,0,1,262_932,1
E0605997_1,agricultural_burning,low,0,1,262_937,2
E0606075_2,agricultural_burning,low,0,1,262_740,0
E0606077_1,industrial_fire,low,0,1,262_741,4
E0606078_1,industrial_fire,low,0,1,262_741,4
E0606087_1,agricultural_burning,low,0,1,262_773,0
E0606218_1,agricultural_burning,low,0,1,262_838,3
E0606290_1,agricultural_burning,low,0,1,262_932,1
E0606302_1,agricultural_burning,low,0,1,262_937,2
E0606413_1,agricultural_burning,low,0,1,262_792,3
E0606685_1,agricultural_burning,low,0,1,262_773,0
E0606700_1,agricultural_burning,low,0,1,262_781,2
E0606724_1,agricultural_burning,low,0,1,262_792,3
E0606753_1,agricultural_burning,low,0,1,262_799,3
E0606848_1,agricultural_burning,low,0,1,262_837,1
E0607233_1,agricultural_burning,low,0,1,262_937,2
E0607319_1,industrial_fire,low,0,1,263_711,3
E0607388_1,agricultural_burning,low,0,1,262_794,2
E0607388_3,agricultural_burning,low,0,1,262_794,2
E0607399_2,agricultural_burning,low,0,1,262_799,3
E0607489_2,agricultural_burning,low,0,1,262_837,1
E0607491_2,agricultural_burning,low,0,1,262_838,3
E0607492_1,agricultural_burning,low,0,1,262_838,3
E0607539_1,agricultural_burning,low,0,1,262_932,1
E0607660_1,industrial_fire,low,0,1,263_709,0
E0607673_4,agricultural_burning,low,0,1,263_728,2
E0607759_2,agricultural_burning,low,0,1,263_806,0
E0607827_1,agricultural_burning,low,0,1,263_835,4
E0607879_1,agricultural_burning,low,0,1,263_931,0
E0608011_1,industrial_fire,low,0,1,263_710,1
E0608011_3,industrial_fire,low,0,1,263_710,1
E0608012_1,industrial_fire,low,0,1,263_710,1
E0608166_1,agricultural_burning,low,0,1,263_836,0
E0608178_1,agricultural_burning,low,0,1,263_837,0
E0608292_1,agricultural_burning,low,0,1,263_960,4
E0608346_1,industrial_fire,low,0,1,263_710,1
E0608347_1,industrial_fire,low,0,1,263_710,1
E0608379_1,agricultural_burning,low,0,1,263_781,1
E0608390_1,agricultural_burning,low,0,1,263_783,4
E0608600_1,agricultural_burning,low,0,1,263_937,3
E0608608_1,agricultural_burning,low,0,1,263_943,2
E0608695_1,industrial_fire,low,0,1,263_710,1
E0608920_1,agricultural_burning,low,0,1,263_932,3
E0609158_1,agricultural_burning,low,0,1,263_837,0
E0609170_1,agricultural_burning,low,0,1,263_838,4
E0609226_1,agricultural_burning,low,0,1,263_937,3
E0609280_1,agricultural_burning,low,0,1,263_965,2
E0609573_1,agricultural_burning,medium,1,1,263_965,2
E0609626_1,agricultural_burning,low,0,1,263_783,4
E0609734_1,agricultural_burning,low,0,1,263_835,4
E0609737_1,agricultural_burning,low,0,1,263_836,0
E0609873_3,agricultural_burning,low,0,1,263_965,2
E0609955_1,agricultural_burning,low,0,1,263_800,4
E0610056_2,agricultural_burning,low,0,1,263_837,0
E0610069_1,agricultural_burning,low,0,1,263_838,4
E0610322_1,agricultural_burning,low,0,1,263_826,4
E0610445_1,agricultural_burning,low,0,1,263_937,3
E0610668_2,agricultural_burning,low,0,1,263_834,2
E0610693_1,agricultural_burning,low,0,1,264_837,1
E0610703_2,agricultural_burning,low,0,1,263_838,4
E0610749_1,agricultural_burning,low,0,1,263_931,0
E0610802_2,agricultural_burning,low,0,1,263_953,0
E0610846_1,industrial_fire,low,0,1,264_714,3
E0610869_3,agricultural_burning,low,0,1,264_783,0
E0610873_3,agricultural_burning,low,0,1,264_783,0
E0610894_1,agricultural_burning,low,0,1,264_796,4
E0611291_1,agricultural_burning,low,0,1,264_834,3
E0611342_1,agricultural_burning,low,0,1,264_874,3
E0611583_1,agricultural_burning,low,0,1,264_835,0
E0611594_2,agricultural_burning,low,0,1,264_837,1
E0611597_1,agricultural_burning,low,0,1,264_837,1
E0611749_1,agricultural_burning,low,0,1,264_783,0
E0611749_2,agricultural_burning,low,0,1,264_783,0
E0611753_1,agricultural_burning,low,0,1,264_783,0
E0611754_1,agricultural_burning,low,0,1,264_783,0
E0611754_2,agricultural_burning,low,0,1,264_783,0
E0611787_1,agricultural_burning,low,0,1,264_801,1
E0611850_3,agricultural_burning,low,0,1,264_832,1
E0611857_1,agricultural_burning,low,0,1,264_833,1
E0611869_1,agricultural_burning,low,0,1,264_835,0
E0611872_2,agricultural_burning,low,0,1,264_835,0
E0611950_1,agricultural_burning,low,0,1,264_904,3
E0611980_1,agricultural_burning,low,0,1,264_955,1
E0612011_1,agricultural_burning,low,0,1,264_690,3
E0612012_1,agricultural_burning,low,0,1,264_690,3
E0612042_1,agricultural_burning,low,0,1,264_783,0
E0612043_1,agricultural_burning,low,0,1,264_783,0
E0612045_2,agricultural_burning,low,0,1,264_783,0
E0612047_1,agricultural_burning,low,0,1,264_783,0
E0612047_2,agricultural_burning,low,0,1,264_783,0
E0612066_2,agricultural_burning,low,0,1,264_795,2
E0612137_1,agricultural_burning,low,0,1,264_832,1
E0612158_2,agricultural_burning,low,0,1,264_835,0
E0612164_2,agricultural_burning,low,0,1,264_836,3
E0612172_2,agricultural_burning,low,0,1,264_837,1
E0612200_4,agricultural_burning,low,0,1,264_845,2
E0612207_1,agricultural_burning,low,0,1,264_846,1
E0612242_1,agricultural_burning,low,0,1,264_931,1
E0612291_4,agricultural_burning,low,0,1,264_967,1
E0612316_1,industrial_fire,low,0,1,264_710,1
E0612342_4,agricultural_burning,low,0,1,264_783,0
E0612343_1,agricultural_burning,low,0,1,264_783,0
E0612375_1,agricultural_burning,low,0,1,264_801,1
E0612416_1,agricultural_burning,low,0,1,264_826,4
E0612495_2,agricultural_burning,low,0,1,264_846,1
E0612570_1,agricultural_burning,low,0,1,264_967,1
E0612595_1,industrial_fire,low,0,1,264_710,1
E0612595_2,industrial_fire,low,0,1,264_710,1
E0612613_1,agricultural_burning,low,0,1,264_782,4
E0612620_1,agricultural_burning,low,0,1,264_783,0
E0612623_1,agricultural_burning,low,0,1,264_784,2
E0612697_1,agricultural_burning,low,0,1,264_827,1
E0612714_1,agricultural_burning,low,0,1,264_832,1
E0612813_1,agricultural_burning,low,0,1,264_932,0
E0612899_1,agricultural_burning,low,0,1,264_782,4
E0612900_1,agricultural_burning,low,0,1,264_782,4
E0612900_2,agricultural_burning,low,0,1,264_782,4
E0612912_1,agricultural_burning,low,0,1,264_784,2
E0612912_2,agricultural_burning,low,0,1,264_784,2
E0612935_2,agricultural_burning,low,0,1,264_795,2
E0613076_1,agricultural_burning,low,0,1,264_875,2
E0613107_1,agricultural_burning,low,0,1,264_935,3
E0613182_3,industrial_fire,low,0,1,264_716,3
E0613193_1,agricultural_burning,low,0,1,264_782,4
E0613194_1,agricultural_burning,low,0,1,264_782,4
E0613196_1,agricultural_burning,low,0,1,264_782,4
E0613197_1,agricultural_burning,low,0,1,264_783,0
E0613204_1,agricultural_burning,low,0,1,264_784,2
E0613206_1,agricultural_burning,low,0,1,264_784,2
E0613207_1,agricultural_burning,low,0,1,264_784,2
E0613299_1,agricultural_burning,low,0,1,264_826,4
E0613323_1,agricultural_burning,low,0,1,264_833,1
E0613338_2,agricultural_burning,low,0,1,264_835,0
E0613413_2,agricultural_burning,low,0,1,264_930,0
E0613484_2,industrial_fire,low,0,1,265_715,0
E0613486_3,industrial_fire,low,0,1,264_716,3
E0613495_1,agricultural_burning,low,0,1,264_782,4
E0613496_1,agricultural_burning,low,0,1,264_782,4
E0613497_1,agricultural_burning,low,0,1,264_782,4
E0613497_2,agricultural_burning,low,0,1,264_782,4
E0613507_1,agricultural_burning,low,0,1,265_784,4
E0613508_1,agricultural_burning,low,0,1,265_784,4
E0613508_2,agricultural_burning,low,0,1,265_784,4
E0613511_1,agricultural_burning,low,0,1,265_784,4
E0613556_1,agricultural_burning,low,0,1,264_806,0
E0613643_2,agricultural_burning,low,0,1,264_835,0
E0613780_3,industrial_fire,low,0,1,265_715,0
E0613783_2,industrial_fire,low,0,1,265_716,4
E0613800_2,agricultural_burning,low,0,1,265_783,1
E0613803_1,agricultural_burning,low,0,1,265_783,1
E0613804_1,agricultural_burning,low,0,1,265_783,1
E0613809_1,agricultural_burning,low,0,1,265_784,4
E0613810_1,agricultural_burning,low,0,1,265_784,4
E0613916_2,agricultural_burning,low,0,1,265_835,0
E0613985_1,agricultural_burning,low,0,1,265_922,3
E0614083_3,industrial_fire,low,0,1,265_715,0
E0614087_1,industrial_fire,low,0,1,265_716,4
E0614101_1,agricultural_burning,low,0,1,265_782,4
E0614104_1,agricultural_burning,low,0,1,265_783,1
E0614111_1,agricultural_burning,low,0,1,265_784,4
E0614319_1,agricultural_burning,low,0,1,265_933,0
E0614396_3,industrial_fire,low,0,1,265_715,0
E0614397_3,industrial_fire,low,0,1,265_715,0
E0614428_1,agricultural_burning,low,0,1,265_784,4
E0614531_2,agricultural_burning,low,0,1,265_834,2
E0614823_2,agricultural_burning,low,0,1,265_835,0
E0614886_1,agricultural_burning,low,0,1,265_923,0
E0615046_1,agricultural_burning,low,0,1,265_814,3
E0615259_4,industrial_fire,low,0,1,265_714,2
E0615260_3,industrial_fire,low,0,1,265_714,2
E0615260_4,industrial_fire,low,0,1,265_714,2
E0615263_2,industrial_fire,low,0,1,265_715,0
E0615368_2,agricultural_burning,low,0,1,265_833,4
E0615375_1,agricultural_burning,low,0,1,265_834,2
E0615540_4,industrial_fire,low,0,1,265_714,2
E0615545_1,industrial_fire,low,0,1,265_715,0
E0615743_1,agricultural_burning,low,0,1,265_936,1
E0615794_1,agricultural_burning,low,0,1,265_680,3
E0615904_1,agricultural_burning,low,0,1,265_828,1
E0615919_2,agricultural_burning,low,0,1,265_832,3
E0615930_2,agricultural_burning,low,0,1,265_833,4
E0616379_2,industrial_fire,low,0,1,266_714,4
E0616423_1,agricultural_burning,low,0,1,266_812,3
E0616492_1,agricultural_burning,low,0,1,265_833,4
E0616508_1,agricultural_burning,low,0,1,265_836,1
E0616554_1,agricultural_burning,low,0,1,266_869,2
E0616614_1,agricultural_burning,low,0,1,265_948,2
E0616660_4,industrial_fire,low,0,1,266_714,4
E0616663_4,industrial_fire,low,0,1,266_715,4
E0616761_1,agricultural_burning,low,0,1,266_833,3
E0617037_1,agricultural_burning,low,0,1,266_833,3
E0617231_4,industrial_fire,low,0,1,266_713,4
E0617233_4,industrial_fire,low,0,1,266_713,4
E0617237_5,industrial_fire,low,0,1,266_714,4
E0617238_4,industrial_fire,low,0,1,266_714,4
E0617267_2,agricultural_burning,low,0,1,266_795,0
E0617430_1,agricultural_burning,low,0,1,266_933,3
E0617513_3,industrial_fire,low,0,1,266_714,4
E0617728_1,agricultural_burning,low,0,1,266_963,0
E0617757_2,industrial_fire,low,0,1,266_712,2
E0617876_2,agricultural_burning,low,0,1,266_833,3
E0618052_3,industrial_fire,low,0,1,266_712,2
E0618274_1,agricultural_burning,low,0,1,266_934,0
E0618627_1,industrial_fire,low,0,1,266_712,2
E0618782_1,agricultural_burning,low,0,1,266_866,2
E0618875_1,agricultural_burning,low,0,1,266_935,1
E0618916_3,industrial_fire,low,0,1,266_712,2
E0618917_3,industrial_fire,low,0,1,266_712,2
E0618985_1,agricultural_burning,low,0,1,266_811,1
E0619022_1,agricultural_burning,low,0,1,266_831,2
E0619072_1,agricultural_burning,low,0,1,266_866,2
E0619121_1,agricultural_burning,low,0,1,266_908,1
E0619400_1,agricultural_burning,low,0,1,266_909,1
E0619434_1,agricultural_burning,low,0,1,266_934,0
E0619534_1,agricultural_burning,low,0,1,267_799,3
E0619625_1,agricultural_burning,low,0,1,267_866,0
E0619626_1,agricultural_burning,low,0,1,267_866,0
E0619682_1,agricultural_burning,low,0,1,267_908,2
E0619684_1,agricultural_burning,low,0,1,267_909,0
E0619833_1,agricultural_burning,low,0,1,267_811,0
E0619914_1,agricultural_burning,low,0,1,267_865,0
E0619966_1,agricultural_burning,low,0,1,267_908,2
E0619974_1,agricultural_burning,low,0,1,267_909,0
E0620027_3,agricultural_burning,low,0,1,267_946,3
E0620229_1,agricultural_burning,low,0,1,267_867,2
E0620269_2,agricultural_burning,low,0,1,267_908,2
E0620279_3,agricultural_burning,low,0,1,267_909,0
E0620641_1,agricultural_burning,low,0,1,267_796,2
E0620642_2,agricultural_burning,low,0,1,267_796,2
E0620755_1,agricultural_burning,low,0,1,267_868,1
E0620972_7,agricultural_burning,low,0,1,267_832,4
E0621033_1,agricultural_burning,low,0,1,267_866,0
E0621198_1,agricultural_burning,low,0,1,267_799,3
E0621296_1,agricultural_burning,low,0,1,267_866,0
E0621299_1,agricultural_burning,low,0,1,267_866,0
E0621370_8,agricultural_burning,low,0,1,267_945,4
E0621371_4,agricultural_burning,low,0,1,267_945,4
E0621545_1,agricultural_burning,low,0,1,267_869,3
E0621548_1,agricultural_burning,low,0,1,267_870,2
E0621556_1,agricultural_burning,low,0,1,267_876,0
E0621629_3,agricultural_burning,low,0,1,267_945,4
E0621630_2,agricultural_burning,low,0,1,267_945,4
E0621689_4,industrial_fire,low,0,1,267_714,4
E0621690_2,industrial_fire,low,0,1,267_714,4
E0621777_1,agricultural_burning,low,0,1,267_832,4
E0621829_1,agricultural_burning,low,0,1,267_866,0
E0621964_3,industrial_fire,low,0,1,267_714,4
E0622038_2,agricultural_burning,low,0,1,267_831,1
E0622052_2,agricultural_burning,low,0,1,268_834,3
E0622083_1,agricultural_burning,low,0,1,267_842,4
E0622104_1,agricultural_burning,low,0,1,268_865,2
E0622113_1,agricultural_burning,low,0,1,268_868,1
E0622114_1,agricultural_burning,low,0,1,267_868,1
E0622137_1,agricultural_burning,low,0,1,267_876,0
E0622140_1,agricultural_burning,low,0,1,267_877,4
E0622167_2,agricultural_burning,low,0,1,268_903,0
E0622303_1,industrial_fire,low,0,1,268_808,0
E0622348_1,agricultural_burning,low,0,1,268_832,1
E0622356_1,agricultural_burning,low,0,1,268_835,1
E0622375_1,agricultural_burning,low,0,1,268_837,1
E0622424_1,agricultural_burning,low,0,1,268_868,1
E0622427_1,agricultural_burning,low,0,1,268_868,1
E0622543_3,industrial_fire,low,0,1,268_715,1
E0622544_4,industrial_fire,low,0,1,268_715,1
E0622818_3,industrial_fire,low,0,1,268_715,1
E0622823_2,industrial_fire,low,0,1,268_718,3
E0622928_4,agricultural_burning,low,0,1,268_836,4
E0622932_2,agricultural_burning,low,0,1,268_836,4
E0622934_1,agricultural_burning,low,0,1,268_837,1
E0622973_1,agricultural_burning,low,0,1,268_865,2
E0623136_1,agricultural_burning,low,0,1,268_829,0
E0623148_2,agricultural_burning,low,0,1,268_831,4
E0623179_1,agricultural_burning,low,0,1,268_836,4
E0623212_1,agricultural_burning,low,0,1,268_864,2
E0623215_1,agricultural_burning,low,0,1,268_864,2
E0623246_1,agricultural_burning,low,0,1,268_884,1
E0623309_3,industrial_fire,low,0,1,268_714,1
E0623417_1,agricultural_burning,low,0,1,268_831,4
E0623419_2,agricultural_burning,low,0,1,268_831,4
E0623431_3,agricultural_burning,low,0,1,268_833,2
E0623434_1,agricultural_burning,low,0,1,268_835,1
E0623450_2,agricultural_burning,low,0,1,268_837,1
E0623506_1,agricultural_burning,low,0,1,268_868,1
E0623596_2,industrial_fire,low,0,1,268_714,1
E0623597_3,industrial_fire,low,0,1,268_714,1
E0623600_4,industrial_fire,low,0,1,268_714,1
E0623673_4,agricultural_burning,low,0,1,268_828,4
E0623675_2,agricultural_burning,low,0,1,268_829,0
E0623709_2,agricultural_burning,low,0,1,268_835,1
E0623723_1,agricultural_burning,low,0,1,268_836,4
E0623777_1,agricultural_burning,low,0,1,268_864,2
E0623784_1,agricultural_burning,low,0,1,268_865,2
E0623793_1,agricultural_burning,low,0,1,268_866,2
E0623795_1,agricultural_burning,low,0,1,268_866,2
E0623893_3,industrial_fire,low,0,1,268_714,1
E0623921_1,agricultural_burning,low,0,1,268_794,0
E0623965_2,agricultural_burning,low,0,1,268_828,4
E0623968_1,agricultural_burning,low,0,1,268_828,4
E0623970_2,agricultural_burning,low,0,1,268_828,4
E0623976_2,agricultural_burning,low,0,1,268_829,0
E0623993_1,agricultural_burning,low,0,1,268_832,1
E0623993_2,agricultural_burning,low,0,1,268_832,1
E0624006_2,agricultural_burning,low,0,1,268_834,3
E0624024_3,agricultural_burning,low,0,1,268_837,1
E0624054_1,agricultural_burning,low,0,1,268_862,3
E0624060_1,agricultural_burning,low,0,1,268_864,2
E0624071_1,agricultural_burning,low,0,1,268_865,2
E0624214_1,agricultural_burning,low,0,1,268_828,4
E0624221_1,agricultural_burning,low,0,1,268_829,0
E0624221_2,agricultural_burning,low,0,1,268_829,0
E0624240_2,agricultural_burning,low,0,1,268_832,1
E0624260_1,agricultural_burning,low,0,1,268_836,4
E0624316_1,agricultural_burning,low,0,1,268_864,2
E0624468_3,agricultural_burning,low,0,1,268_828,4
E0624476_1,agricultural_burning,low,0,1,268_829,0
E0624496_1,agricultural_burning,low,0,1,268_835,1
E0624547_1,agricultural_burning,low,0,1,268_864,2
E0624641_4,industrial_fire,low,0,1,269_715,0
E0624643_3,industrial_fire,low,0,1,268_715,1
E0624701_1,agricultural_burning,low,0,1,269_827,4
E0624711_2,agricultural_burning,low,0,1,268_828,4
E0624719_2,agricultural_burning,low,0,1,268_829,0
E0624918_3,industrial_fire,low,0,1,269_715,0
E0624949_1,agricultural_burning,low,0,1,269_790,1
E0624988_2,agricultural_burning,low,0,1,269_828,3
E0624994_1,agricultural_burning,low,0,1,269_829,3
E0624999_1,agricultural_burning,low,0,1,269_829,3
E0625024_1,agricultural_burning,low,0,1,269_835,4
E0625193_2,industrial_fire,low,0,1,269_715,0
E0625194_3,industrial_fire,low,0,1,269_715,0
E0625216_1,agricultural_burning,low,0,1,269_791,3
E0625262_1,agricultural_burning,low,0,1,269_828,3
E0625263_2,agricultural_burning,low,0,1,269_828,3
E0625264_1,agricultural_burning,low,0,1,269_828,3
E0625266_1,agricultural_burning,low,0,1,269_828,3
E0625300_2,agricultural_burning,low,0,1,269_835,4
E0625479_10,agricultural_burning,low,0,1,269_734,2
E0625540_2,agricultural_burning,low,0,1,269_827,4
E0625542_1,agricultural_burning,low,0,1,269_827,4
E0625554_2,agricultural_burning,low,0,1,269_829,3
E0625577_3,agricultural_burning,low,0,1,269_835,4
E0625626_1,agricultural_burning,low,0,1,269_861,0
E0625847_4,agricultural_burning,low,0,1,269_828,3
E0625898_2,agricultural_burning,low,0,1,269_836,3
E0626089_2,agricultural_burning,low,0,1,269_790,1
E0626146_1,agricultural_burning,low,0,1,269_828,3
E0626242_1,agricultural_burning,low,0,1,269_864,2
E0626416_3,agricultural_burning,low,0,1,269_827,4
E0626417_2,agricultural_burning,low,0,1,269_827,4
E0626423_1,agricultural_burning,low,0,1,269_828,3
E0626524_1,agricultural_burning,low,0,1,269_862,1
E0626543_1,agricultural_burning,low,0,1,269_873,1
E0626621_1,agricultural_burning,low,0,1,269_961,2
E0626690_2,agricultural_burning,low,0,1,269_827,4
E0626729_1,agricultural_burning,low,0,1,269_835,4
E0626782_1,agricultural_burning,low,0,1,269_859,3
E0626814_1,agricultural_burning,low,0,1,269_873,1
E0627026_1,agricultural_burning,low,0,1,269_835,4
E0627034_2,agricultural_burning,low,0,1,269_836,3
E0627068_1,agricultural_burning,low,0,1,269_857,4
E0627075_1,agricultural_burning,low,0,1,269_859,3
E0627099_1,agricultural_burning,low,0,1,269_864,2
E0627283_1,agricultural_burning,low,0,1,269_835,4
E0627283_2,agricultural_burning,low,0,1,269_835,4
E0627291_1,agricultural_burning,low,0,1,269_836,3
E0627382_1,agricultural_burning,low,0,1,269_874,0
E0627426_1,agricultural_burning,low,0,1,269_960,2
E0627502_2,agricultural_burning,low,0,1,270_827,0
E0627504_2,agricultural_burning,low,0,1,270_827,0
E0627616_1,agricultural_burning,low,0,1,269_858,2
E0627625_1,agricultural_burning,low,0,1,270_859,3
E0627628_1,agricultural_burning,low,0,1,270_860,0
E0627629_1,agricultural_burning,low,0,1,269_860,4
E0627641_1,agricultural_burning,low,0,1,269_862,1
E0627648_1,agricultural_burning,low,0,1,270_863,2
E0627661_1,agricultural_burning,low,0,1,269_871,1
E0627668_1,agricultural_burning,low,0,1,269_873,1
E0627673_1,agricultural_burning,low,0,1,269_874,0
E0627730_1,agricultural_burning,low,0,1,269_961,2
E0627731_1,agricultural_burning,low,0,1,270_961,2
E0627828_1,agricultural_burning,low,0,1,270_830,3
E0627861_2,agricultural_burning,low,0,1,270_836,0
E0627866_2,agricultural_burning,low,0,1,270_836,0
E0627924_1,agricultural_burning,low,0,1,270_859,3
E0627927_1,agricultural_burning,low,0,1,270_860,0
E0627929_1,agricultural_burning,low,0,1,270_860,0
E0628088_1,agricultural_burning,low,0,1,270_826,1
E0628092_2,agricultural_burning,low,0,1,270_827,0
E0628093_2,agricultural_burning,low,0,1,270_827,0
E0628101_1,agricultural_burning,low,0,1,270_829,2
E0628107_2,agricultural_burning,low,0,1,270_829,2
E0628132_1,agricultural_burning,low,0,1,270_834,3
E0628136_1,agricultural_burning,low,0,1,270_835,3
E0628161_3,agricultural_burning,low,0,1,270_841,0
E0628233_1,agricultural_burning,low,0,1,270_872,2
E0628357_3,agricultural_burning,low,0,1,270_801,1
E0628389_2,agricultural_burning,low,0,1,270_828,0
E0628405_2,agricultural_burning,low,0,1,270_830,3
E0628424_2,agricultural_burning,low,0,1,270_834,3
E0628427_2,agricultural_burning,low,0,1,270_834,3
E0628428_2,agricultural_burning,low,0,1,270_834,3
E0628486_1,agricultural_burning,low,0,1,270_859,3
E0628493_1,agricultural_burning,low,0,1,270_860,0
E0628508_1,agricultural_burning,low,0,1,270_868,3
E0628524_1,agricultural_burning,low,0,1,270_875,0
E0628526_1,agricultural_burning,low,0,1,270_875,0
E0628527_1,agricultural_burning,low,0,1,270_875,0
E0628548_1,agricultural_burning,low,0,1,270_940,0
E0628668_3,agricultural_burning,low,0,1,270_829,2
E0628782_1,agricultural_burning,low,0,1,270_861,0
E0628931_3,agricultural_burning,low,0,1,270_826,1
E0628932_1,agricultural_burning,low,0,1,270_826,1
E0628940_1,agricultural_burning,low,0,1,270_828,0
E0628943_2,agricultural_burning,low,0,1,270_828,0
E0628946_1,agricultural_burning,low,0,1,270_828,0
E0628963_2,agricultural_burning,low,0,1,270_830,3
E0628986_2,agricultural_burning,low,0,1,270_835,3
E0628992_1,agricultural_burning,low,0,1,270_835,3
E0629042_2,agricultural_burning,low,0,1,270_856,1
E0629059_1,agricultural_burning,low,0,1,270_859,3
E0629089_1,agricultural_burning,low,0,1,270_875,0
E0629245_2,agricultural_burning,low,0,1,270_826,1
E0629251_2,agricultural_burning,low,0,1,270_827,0
E0629255_3,agricultural_burning,low,0,1,270_828,0
E0629258_2,agricultural_burning,low,0,1,270_828,0
E0629293_1,agricultural_burning,low,0,1,270_835,3
E0629298_1,agricultural_burning,low,0,1,270_836,0
E0629360_1,agricultural_burning,low,0,1,270_857,3
E0629371_1,agricultural_burning,low,0,1,270_859,3
E0629532_2,agricultural_burning,low,0,1,270_827,0
E0629540_1,agricultural_burning,low,0,1,270_828,0
E0629547_2,agricultural_burning,low,0,1,270_829,2
E0629556_2,agricultural_burning,low,0,1,270_830,3
E0629557_1,agricultural_burning,low,0,1,270_830,3
E0629557_2,agricultural_burning,low,0,1,270_830,3
E0629558_1,agricultural_burning,low,0,1,270_830,3
E0629590_1,agricultural_burning,low,0,1,270_835,3
E0629651_1,agricultural_burning,low,0,1,270_858,4
E0629653_1,agricultural_burning,low,0,1,270_859,3
E0629788_1,agricultural_burning,low,0,1,270_824,4
E0629792_3,agricultural_burning,low,0,1,270_826,1
E0629801_3,agricultural_burning,low,0,1,270_827,0
E0629814_2,agricultural_burning,low,0,1,270_828,0
E0629818_1,agricultural_burning,low,0,1,270_828,0
E0629828_2,agricultural_burning,low,0,1,270_830,3
E0629829_1,agricultural_burning,low,0,1,270_830,3
E0629834_2,agricultural_burning,low,0,1,270_830,3
E0629956_1,agricultural_burning,low,0,1,270_871,4
E0630090_3,agricultural_burning,low,0,1,270_826,1
E0630110_3,agricultural_burning,low,0,1,270_829,2
E0630111_2,agricultural_burning,low,0,1,270_829,2
E0630116_2,agricultural_burning,low,0,1,270_829,2
E0630157_1,agricultural_burning,low,0,1,270_835,3
E0630194_1,agricultural_burning,low,0,1,270_847,2
E0630212_1,agricultural_burning,low,0,1,270_853,0
E0630246_1,agricultural_burning,low,0,1,270_871,4
E0630390_1,agricultural_burning,low,0,1,271_826,0
E0630402_1,agricultural_burning,low,0,1,270_827,0
E0630407_1,agricultural_burning,low,0,1,270_828,0
E0630419_1,agricultural_burning,low,0,1,270_829,2
E0630426_1,agricultural_burning,low,0,1,270_830,3
E0630451_2,agricultural_burning,low,0,1,271_835,3
E0630511_1,agricultural_burning,low,0,1,270_853,0
E0630533_1,agricultural_burning,low,0,1,271_860,1
E0630659_2,agricultural_burning,low,0,1,271_824,1
E0630674_2,agricultural_burning,low,0,1,271_826,0
E0630688_1,agricultural_burning,low,0,1,271_828,3
E0630693_2,agricultural_burning,low,0,1,271_828,3
E0630698_1,agricultural_burning,low,0,1,271_829,2
E0630800_1,agricultural_burning,low,0,1,271_850,1
E0630854_1,agricultural_burning,low,0,1,271_875,1
E0630855_1,agricultural_burning,low,0,1,271_875,1
E0630994_3,agricultural_burning,low,0,1,271_826,0
E0630995_2,agricultural_burning,low,0,1,271_826,0
E0631012_1,agricultural_burning,low,0,1,271_828,3
E0631013_1,agricultural_burning,low,0,1,271_828,3
E0631014_1,agricultural_burning,low,0,1,271_828,3
E0631015_2,agricultural_burning,low,0,1,271_828,3
E0631017_3,agricultural_burning,low,0,1,271_828,3
E0631021_2,agricultural_burning,low,0,1,271_829,2
E0631025_2,agricultural_burning,low,0,1,271_829,2
E0631029_1,agricultural_burning,low,0,1,271_829,2
E0631036_2,agricultural_burning,low,0,1,271_831,0
E0631072_1,agricultural_burning,low,0,1,271_836,3
E0631136_1,agricultural_burning,low,0,1,271_853,3
E0631174_1,agricultural_burning,low,0,1,271_871,3
E0631231_1,agricultural_burning,low,0,1,271_960,1
E0631311_3,agricultural_burning,low,0,1,271_826,0
E0631312_2,agricultural_burning,low,0,1,271_827,1
E0631333_2,agricultural_burning,low,0,1,271_829,2
E0631343_2,agricultural_burning,low,0,1,271_830,2
E0631351_2,agricultural_burning,low,0,1,271_831,0
E0631464_1,agricultural_burning,low,0,1,271_853,3
E0631487_1,agricultural_burning,low,0,1,271_859,1
E0631520_1,agricultural_burning,low,0,1,271_876,4
E0631661_1,agricultural_burning,low,0,1,271_828,3
E0631672_2,agricultural_burning,low,0,1,271_829,2
E0631724_1,agricultural_burning,low,0,1,271_836,3
E0631771_1,agricultural_burning,low,0,1,271_848,3
E0631783_1,agricultural_burning,low,0,1,271_852,4
E0631821_1,agricultural_burning,low,0,1,271_860,1
E0631851_1,agricultural_burning,low,0,1,271_876,4
E0631852_1,agricultural_burning,low,0,1,271_876,4
E0631853_1,agricultural_burning,low,0,1,271_876,4
E0631961_3,agricultural_burning,low,0,1,271_826,0
E0631972_3,agricultural_burning,low,0,1,271_827,1
E0631985_1,agricultural_burning,low,0,1,271_828,3
E0631986_2,agricultural_burning,low,0,1,271_828,3
E0631987_1,agricultural_burning,low,0,1,271_829,2
E0631991_1,agricultural_burning,low,0,1,271_829,2
E0632114_1,agricultural_burning,low,0,1,271_857,2
E0632119_1,agricultural_burning,low,0,1,271_858,2
E0632165_1,agricultural_burning,low,0,1,271_876,4
E0632167_1,agricultural_burning,low,0,1,271_876,4
E0632205_1,agricultural_burning,low,0,1,271_960,1
E0632276_1,agricultural_burning,low,0,1,271_825,0
E0632294_1,agricultural_burning,low,0,1,271_827,1
E0632301_1,agricultural_burning,low,0,1,271_827,1
E0632348_2,agricultural_burning,low,0,1,271_835,3
E0632411_2,agricultural_burning,low,0,1,271_847,0
E0632411_3,agricultural_burning,low,0,1,271_847,0
E0632414_1,agricultural_burning,low,0,1,271_848,3
E0632418_1,agricultural_burning,low,0,1,271_848,3
E0632430_1,agricultural_burning,low,0,1,271_852,4
E0632433_1,agricultural_burning,low,0,1,271_853,3
E0632435_1,agricultural_burning,low,0,1,271_853,3
E0632444_1,agricultural_burning,low,0,1,271_857,2
E0632548_4,industrial_fire,low,0,1,271_718,4
E0632606_3,agricultural_burning,low,0,1,271_825,0
E0632609_2,agricultural_burning,low,0,1,271_826,0
E0632611_2,agricultural_burning,low,0,1,271_826,0
E0632622_2,agricultural_burning,low,0,1,271_827,1
E0632669_2,agricultural_burning,low,0,1,271_835,3
E0632671_2,agricultural_burning,low,0,1,271_835,3
E0632678_1,agricultural_burning,low,0,1,271_836,3
E0632723_1,agricultural_burning,low,0,1,271_847,0
E0632768_1,agricultural_burning,low,0,1,271_857,2
E0632772_1,agricultural_burning,low,0,1,271_858,2
E0632774_1,agricultural_burning,low,0,1,271_858,2
E0632863_4,industrial_fire,low,0,1,271_718,4
E0632871_1,agricultural_burning,low,0,1,271_756,1
E0632927_1,agricultural_burning,low,0,1,271_825,0
E0632931_1,agricultural_burning,low,0,1,271_826,0
E0632938_1,agricultural_burning,low,0,1,271_827,1
E0632940_4,agricultural_burning,low,0,1,271_827,1
E0632942_2,agricultural_burning,low,0,1,271_827,1
E0632943_2,agricultural_burning,low,0,1,271_827,1
E0632944_2,agricultural_burning,low,0,1,271_827,1
E0632957_2,agricultural_burning,low,0,1,271_829,2
E0632969_1,agricultural_burning,low,0,1,271_831,0
E0632990_1,agricultural_burning,low,0,1,271_835,3
E0632992_2,agricultural_burning,low,0,1,271_835,3
E0633085_1,agricultural_burning,low,0,1,271_853,3
E0633096_1,agricultural_burning,low,0,1,271_857,2
E0633099_1,agricultural_burning,low,0,1,271_858,2
E0633100_1,agricultural_burning,low,0,1,271_858,2
E0633252_1,agricultural_burning,low,0,1,271_825,0
E0633270_2,agricultural_burning,low,0,1,271_827,1
E0633271_1,agricultural_burning,low,0,1,271_827,1
E0633272_1,agricultural_burning,low,0,1,271_827,1
E0633273_3,agricultural_burning,low,0,1,271_827,1
E0633275_2,agricultural_burning,low,0,1,271_827,1
E0633276_1,agricultural_burning,low,0,1,271_827,1
E0633279_3,agricultural_burning,low,0,1,271_828,3
E0633280_1,agricultural_burning,low,0,1,271_828,3
E0633429_1,agricultural_burning,low,0,1,271_857,2
E0633437_1,agricultural_burning,low,0,1,271_858,2
E0633443_1,agricultural_burning,low,0,1,271_864,4
E0633462_1,agricultural_burning,low,0,1,271_876,4
E0633606_2,agricultural_burning,low,0,1,272_825,1
E0633607_2,agricultural_burning,low,0,1,271_825,0
E0633621_1,agricultural_burning,low,0,1,271_827,1
E0633625_1,agricultural_burning,low,0,1,272_827,3
E0633626_2,agricultural_burning,low,0,1,271_827,1
E0633633_1,agricultural_burning,low,0,1,272_828,1
E0633673_1,agricultural_burning,low,0,1,271_835,3
E0633681_1,agricultural_burning,low,0,1,271_836,3
E0633735_3,agricultural_burning,low,0,1,272_847,2
E0633751_1,agricultural_burning,low,0,1,272_850,4
E0633775_1,agricultural_burning,low,0,1,271_857,2
E0633778_1,agricultural_burning,low,0,1,272_858,3
E0633800_1,agricultural_burning,low,0,1,272_877,1
E0633915_1,agricultural_burning,low,0,1,272_820,1
E0633946_2,agricultural_burning,low,0,1,272_827,3
E0633948_2,agricultural_burning,low,0,1,272_827,3
E0633955_1,agricultural_burning,low,0,1,272_828,1
E0634086_2,agricultural_burning,low,0,1,272_849,1
E0634128_1,agricultural_burning,low,0,1,272_872,4
E0634189_1,agricultural_burning,low,0,1,272_962,3
E0634190_1,agricultural_burning,low,0,1,272_962,3
E0634229_1,agricultural_burning,low,0,1,272_786,4
E0634309_3,agricultural_burning,low,0,1,272_830,3
E0634311_2,agricultural_burning,low,0,1,272_831,1
E0634317_1,industrial_fire,low,0,1,272_832,3
E0634335_2,agricultural_burning,low,0,1,272_835,2
E0634336_2,agricultural_burning,low,0,1,272_835,2
E0634339_1,agricultural_burning,low,0,1,272_835,2
E0634606_1,agricultural_burning,low,0,1,272_825,1
E0634623_1,agricultural_burning,low,0,1,272_827,3
E0634626_1,agricultural_burning,low,0,1,272_827,3
E0634654_1,agricultural_burning,low,0,1,272_831,1
E0634670_3,agricultural_burning,low,0,1,272_833,4
E0634685_2,agricultural_burning,low,0,1,272_835,2
E0634743_1,agricultural_burning,low,0,1,272_848,3
E0634744_2,agricultural_burning,low,0,1,272_848,3
E0634750_1,agricultural_burning,low,0,1,272_849,1
E0634750_2,agricultural_burning,low,0,1,272_849,1
E0634762_1,agricultural_burning,low,0,1,272_850,4
E0634769_1,agricultural_burning,low,0,1,272_853,0
E0634928_1,agricultural_burning,low,0,1,272_825,1
E0634931_1,agricultural_burning,low,0,1,272_825,1
E0634945_2,agricultural_burning,low,0,1,272_827,3
E0634947_1,agricultural_burning,low,0,1,272_827,3
E0634952_1,agricultural_burning,low,0,1,272_828,1
E0635002_2,agricultural_burning,low,0,1,272_835,2
E0635004_3,agricultural_burning,low,0,1,272_835,2
E0635005_1,agricultural_burning,low,0,1,272_835,2
E0635067_2,agricultural_burning,low,0,1,272_847,2
E0635077_2,agricultural_burning,low,0,1,272_848,3
E0635201_2,agricultural_burning,low,0,1,272_961,1
E0635313_2,agricultural_burning,low,0,1,272_828,1
E0635435_2,agricultural_burning,low,0,1,272_848,3
E0635439_1,agricultural_burning,low,0,1,272_848,3
E0635469_1,agricultural_burning,low,0,1,272_854,0
E0635478_1,agricultural_burning,low,0,1,272_856,3
E0635628_1,agricultural_burning,low,0,1,272_813,4
E0635659_2,agricultural_burning,low,0,1,272_826,0
E0635670_2,agricultural_burning,low,0,1,272_828,1
E0635718_2,agricultural_burning,low,0,1,272_835,2
E0635782_2,agricultural_burning,low,0,1,272_847,2
E0635792_1,agricultural_burning,low,0,1,272_848,3
E0635792_2,agricultural_burning,low,0,1,272_848,3
E0635795_1,agricultural_burning,low,0,1,272_849,1
E0635823_1,agricultural_burning,low,0,1,272_854,0
E0635865_1,agricultural_burning,low,0,1,272_900,4
E0636134_1,agricultural_burning,low,0,1,272_847,2
E0636154_2,agricultural_burning,low,0,1,272_849,1
E0636189_1,agricultural_burning,low,0,1,272_858,3
E0636190_1,agricultural_burning,low,0,1,272_858,3
E0636366_1,agricultural_burning,low,0,1,272_826,0
E0636369_1,agricultural_burning,low,0,1,272_826,0
E0636377_2,agricultural_burning,low,0,1,272_827,3
E0636378_2,agricultural_burning,low,0,1,272_827,3
E0636430_1,agricultural_burning,low,0,1,272_834,1
E0636486_1,agricultural_burning,low,0,1,272_847,2
E0636491_2,agricultural_burning,low,0,1,272_848,3
E0636500_1,agricultural_burning,low,0,1,272_849,1
E0636518_1,agricultural_burning,low,0,1,272_852,1
E0636688_2,agricultural_burning,low,0,1,272_825,1
E0636700_2,agricultural_burning,low,0,1,272_826,0
E0636711_1,agricultural_burning,low,0,1,272_827,3
E0636737_1,agricultural_burning,low,0,1,272_831,1
E0636743_1,agricultural_burning,low,0,1,272_832,3
E0636830_1,agricultural_burning,low,0,1,272_849,1
E0636843_1,agricultural_burning,low,0,1,272_851,1
E0636851_1,agricultural_burning,low,0,1,272_852,1
E0637037_1,agricultural_burning,low,0,1,273_826,2
E0637049_1,agricultural_burning,low,0,1,273_827,0
E0637059_2,agricultural_burning,low,0,1,273_828,4
E0637173_2,agricultural_burning,low,0,1,273_848,4
E0637174_2,agricultural_burning,low,0,1,272_848,3
E0637175_2,agricultural_burning,low,0,1,272_848,3
E0637179_1,agricultural_burning,low,0,1,273_848,4
E0637186_1,agricultural_burning,low,0,1,272_849,1
E0637387_2,agricultural_burning,low,0,1,273_826,2
E0637391_1,agricultural_burning,low,0,1,273_827,0
E0637395_1,agricultural_burning,low,0,1,273_827,0
E0637397_1,agricultural_burning,low,0,1,273_828,4
E0637427_2,agricultural_burning,low,0,1,273_831,0
E0637509_1,agricultural_burning,low,0,1,273_848,4
E0637727_1,agricultural_burning,low,0,1,273_826,2
E0637741_1,agricultural_burning,low,0,1,273_827,0
E0637745_1,agricultural_burning,low,0,1,273_827,0
E0637748_1,agricultural_burning,low,0,1,273_828,4
E0637762_1,industrial_fire,low,0,1,273_829,3
E0637791_1,industrial_fire,low,0,1,273_833,1
E0637824_1,agricultural_burning,low,0,1,273_840,2
E0637868_1,agricultural_burning,low,0,1,273_848,4
E0637972_3,agricultural_burning,low,0,1,273_952,3
E0638011_1,industrial_fire,low,0,1,273_721,1
E0638016_2,industrial_fire,low,0,1,273_722,3
E0638077_2,agricultural_burning,low,0,1,273_825,1
E0638107_2,agricultural_burning,low,0,1,273_828,4
E0638126_2,agricultural_burning,low,0,1,273_830,1
E0638349_4,agricultural_burning,low,0,1,273_952,3
E0638384_1,industrial_fire,low,0,1,273_721,1
E0638476_3,agricultural_burning,low,0,1,273_826,2
E0638591_2,agricultural_burning,low,0,1,273_844,3
E0638625_1,agricultural_burning,low,0,1,273_848,4
E0638626_1,agricultural_burning,low,0,1,273_848,4
E0638631_1,agricultural_burning,low,0,1,273_849,0
E0638632_1,agricultural_burning,low,0,1,273_849,0
E0638635_1,agricultural_burning,low,0,1,273_849,0
E0638639_1,agricultural_burning,low,0,1,273_849,0
E0638778_2,industrial_fire,low,0,1,273_721,1
E0638846_1,agricultural_burning,low,0,1,273_825,1
E0638852_4,agricultural_burning,low,0,1,273_826,2
E0638864_1,agricultural_burning,low,0,1,273_827,0
E0638869_1,agricultural_burning,low,0,1,273_827,0
E0638871_1,agricultural_burning,low,0,1,273_827,0
E0638872_1,agricultural_burning,low,0,1,273_828,4
E0638933_3,industrial_fire,low,0,1,273_837,3
E0638934_2,industrial_fire,low,0,1,273_837,3
E0639014_1,agricultural_burning,low,0,1,273_849,0
E0639015_1,agricultural_burning,low,0,1,273_849,0
E0639016_1,agricultural_burning,low,0,1,273_849,0
E0639017_1,agricultural_burning,low,0,1,273_849,0
E0639037_1,agricultural_burning,low,0,1,273_854,2
E0639136_1,industrial_fire,low,0,1,273_721,1
E0639137_2,industrial_fire,low,0,1,273_721,1
E0639342_2,agricultural_burning,low,0,1,273_844,3
E0639401_1,agricultural_burning,low,0,1,273_855,0
E0639518_2,industrial_fire,low,0,1,273_721,1
E0639523_4,industrial_fire,low,0,1,273_721,1
E0639525_1,industrial_fire,low,0,1,273_722,3
E0639529_1,agricultural_burning,low,0,1,273_776,0
E0639529_2,agricultural_burning,medium,1,1,273_776,0
E0639529_5,agricultural_burning,low,0,1,273_776,0
E0639592_1,agricultural_burning,low,0,1,273_824,3
E0639612_1,agricultural_burning,low,0,1,273_827,0
E0639613_2,agricultural_burning,low,0,1,273_827,0
E0639659_2,industrial_fire,low,0,1,273_834,2
E0639702_1,agricultural_burning,low,0,1,273_842,3
E0639704_1,agricultural_burning,low,0,1,273_843,1
E0639740_1,agricultural_burning,low,0,1,273_847,4
E0639755_1,agricultural_burning,low,0,1,273_848,4
E0639756_1,agricultural_burning,low,0,1,273_848,4
E0639779_1,agricultural_burning,low,0,1,273_854,2
E0639782_1,agricultural_burning,low,0,1,273_854,2
E0639878_1,industrial_fire,low,0,1,273_721,1
E0639882_3,industrial_fire,low,0,1,273_722,3
E0639885_1,industrial_fire,low,0,1,273_723,3
E0639889_1,agricultural_burning,medium,1,1,273_776,0
E0639961_1,agricultural_burning,low,0,1,273_826,2
E0639993_1,agricultural_burning,low,0,1,273_830,1
E0640060_1,agricultural_burning,low,0,1,273_842,3
E0640091_1,agricultural_burning,low,0,1,273_846,3
E0640114_1,agricultural_burning,low,0,1,273_848,4
E0640123_1,agricultural_burning,low,0,1,273_850,4
E0640127_1,agricultural_burning,low,0,1,273_850,4
E0640208_6,agricultural_burning,low,0,1,273_950,2
E0640210_2,agricultural_burning,low,0,1,273_953,3
E0640251_5,industrial_fire,low,0,1,273_722,3
E0640252_1,industrial_fire,low,0,1,273_722,3
E0640252_3,industrial_fire,low,0,1,273_722,3
E0640253_2,industrial_fire,low,0,1,273_722,3
E0640254_2,industrial_fire,low,0,1,273_723,3
E0640312_1,agricultural_burning,low,0,1,273_824,3
E0640445_1,agricultural_burning,low,0,1,273_847,4
E0640530_1,agricultural_burning,low,0,1,273_940,0
E0640587_1,industrial_fire,low,0,1,273_719,2
E0640588_1,industrial_fire,low,0,1,273_720,3
E0640592_2,industrial_fire,low,0,1,274_720,3
E0640593_2,industrial_fire,low,0,1,274_720,3
E0640600_1,industrial_fire,low,0,1,273_722,3
E0640600_4,industrial_fire,low,0,1,274_722,4
E0640677_1,agricultural_burning,low,0,1,273_825,1
E0640705_2,agricultural_burning,low,0,1,274_829,0
E0640761_1,agricultural_burning,low,0,1,273_841,4
E0640788_2,agricultural_burning,low,0,1,273_846,3
E0640798_1,agricultural_burning,low,0,1,274_847,0
E0640804_1,agricultural_burning,low,0,1,273_847,4
E0640821_1,agricultural_burning,low,0,1,273_851,2
E0640826_1,agricultural_burning,low,0,1,273_852,1
E0640850_2,agricultural_burning,low,0,1,274_892,0
E0640922_2,industrial_fire,low,0,1,274_721,0
E0640923_4,industrial_fire,low,0,1,274_721,0
E0641115_1,agricultural_burning,low,0,1,274_847,0
E0641144_1,agricultural_burning,low,0,1,274_853,0
E0641238_2,industrial_fire,low,0,1,274_721,0
E0641241_1,industrial_fire,low,0,1,274_721,0
E0641385_3,agricultural_burning,low,0,1,274_845,0
E0641396_1,agricultural_burning,low,0,1,274_846,3
E0641429_1,agricultural_burning,low,0,1,274_853,0
E0641521_1,industrial_fire,low,0,1,274_721,0
E0641649_1,agricultural_burning,low,0,1,274_836,1
E0641650_1,agricultural_burning,low,0,1,274_836,1
E0641672_1,agricultural_burning,low,0,1,274_842,0
E0641685_1,agricultural_burning,low,0,1,274_845,0
E0641686_1,agricultural_burning,low,0,1,274_845,0
E0641689_1,agricultural_burning,low,0,1,274_845,0
E0641829_1,industrial_fire,low,0,1,274_721,0
E0641830_1,industrial_fire,low,0,1,274_721,0
E0641832_1,industrial_fire,low,0,1,274_723,4
E0641832_4,industrial_fire,low,0,1,274_723,4
E0641833_1,industrial_fire,low,0,1,274_723,4
E0641835_1,industrial_fire,low,0,1,274_724,2
E0641835_4,industrial_fire,low,0,1,274_724,2
E0641836_1,industrial_fire,low,0,1,274_724,2
E0641861_1,industrial_fire,low,0,1,274_800,4
E0641972_1,agricultural_burning,low,0,1,274_840,2
E0641998_2,agricultural_burning,low,0,1,274_844,0
E0642025_1,agricultural_burning,low,0,1,274_848,0
E0642104_1,agricultural_burning,low,0,1,274_953,1
E0642105_1,agricultural_burning,low,0,1,274_953,1
E0642150_1,industrial_fire,low,0,1,274_724,2
E0642272_1,agricultural_burning,low,0,1,274_836,1
E0642318_1,agricultural_burning,low,0,1,274_845,0
E0642329_1,agricultural_burning,low,0,1,274_847,0
E0642344_1,agricultural_burning,low,0,1,274_850,0
E0642585_1,agricultural_burning,low,0,1,274_844,0
E0642586_1,agricultural_burning,low,0,1,274_845,0
E0642592_1,agricultural_burning,low,0,1,274_845,0
E0642623_1,agricultural_burning,low,0,1,274_850,0
E0642695_10,agricultural_burning,low,0,1,274_954,1
E0642695_9,agricultural_burning,low,0,1,274_954,1
E0642701_2,agricultural_burning,low,0,1,274_961,3
E0642740_4,industrial_fire,low,0,1,274_722,4
E0642743_1,industrial_fire,low,0,1,274_723,4
E0642743_4,industrial_fire,low,0,1,274_723,4
E0642839_3,agricultural_burning,low,0,1,274_830,0
E0642926_1,agricultural_burning,low,0,1,274_846,3
E0643078_1,industrial_fire,medium,1,1,274_723,4
E0643078_2,industrial_fire,medium,1,1,274_723,4
E0643186_1,agricultural_burning,low,0,1,274_839,1
E0643254_1,agricultural_burning,low,0,1,274_850,0
E0643357_6,industrial_fire,low,0,1,274_723,4
E0643526_1,agricultural_burning,low,0,1,274_850,0
E0643527_1,agricultural_burning,low,0,1,274_850,0
E0643539_1,agricultural_burning,low,0,1,274_852,4
E0643746_1,agricultural_burning,low,0,1,274_832,4
E0643769_2,agricultural_burning,low,0,1,275_838,1
E0643771_1,agricultural_burning,low,0,1,275_838,1
E0643795_1,agricultural_burning,low,0,1,275_844,0
E0643812_2,agricultural_burning,low,0,1,274_846,3
E0643959_3,industrial_fire,low,0,1,275_724,1
E0643960_2,industrial_fire,low,0,1,275_724,1
E0643960_3,industrial_fire,low,0,1,275_724,1
E0644029_2,agricultural_burning,low,0,1,275_830,2
E0644106_1,agricultural_burning,low,0,1,275_844,0
E0644107_1,agricultural_burning,low,0,1,275_844,0
E0644108_1,agricultural_burning,low,0,1,275_844,0
E0644110_1,agricultural_burning,low,0,1,275_844,0
E0644132_1,agricultural_burning,low,0,1,275_847,2
E0644150_1,agricultural_burning,low,0,1,275_850,2
E0644158_1,agricultural_burning,low,0,1,275_851,2
E0644161_1,agricultural_burning,low,0,1,275_852,2
E0644271_2,industrial_fire,low,0,1,275_724,1
E0644364_2,agricultural_burning,low,0,1,275_838,1
E0644392_1,agricultural_burning,low,0,1,275_842,3
E0644409_1,agricultural_burning,low,0,1,275_844,0
E0644462_1,agricultural_burning,low,0,1,275_893,0
E0644647_1,agricultural_burning,low,0,1,275_841,3
E0644648_1,agricultural_burning,low,0,1,275_841,3
E0644693_1,agricultural_burning,low,0,1,275_846,3
E0644707_1,agricultural_burning,low,0,1,275_849,4
E0644733_1,agricultural_burning,low,0,1,275_896,1
E0644908_2,agricultural_burning,low,0,1,275_838,1
E0644935_1,agricultural_burning,low,0,1,275_842,3
E0644954_1,agricultural_burning,low,0,1,275_845,4
E0645001_1,agricultural_burning,low,0,1,275_893,0
E0645031_11,agricultural_burning,low,0,1,275_953,2
E0645231_1,agricultural_burning,low,0,1,275_850,2
E0645291_2,agricultural_burning,low,0,1,275_946,0
E0645354_2,industrial_fire,low,0,1,275_786,4
E0645455_1,agricultural_burning,low,0,1,275_844,0
E0645458_1,agricultural_burning,low,0,1,275_844,0
E0645484_1,agricultural_burning,low,0,1,275_850,2
E0645485_2,agricultural_burning,low,0,1,275_850,2
E0645486_2,agricultural_burning,low,0,1,275_850,2
E0645682_1,agricultural_burning,low,0,1,275_838,1
E0645847_1,agricultural_burning,low,0,1,275_831,4
E0645872_1,agricultural_burning,low,0,1,275_839,0
E0645978_1,industrial_fire,low,0,1,275_726,4
E0646050_1,agricultural_burning,low,0,1,275_826,2
E0646098_1,agricultural_burning,low,0,1,275_847,2
E0646109_1,agricultural_burning,low,0,1,275_849,4
E0646252_1,agricultural_burning,low,0,1,276_826,2
E0646286_1,agricultural_burning,low,0,1,275_838,1
E0646307_1,agricultural_burning,low,0,1,276_846,0
E0646308_1,agricultural_burning,low,0,1,275_847,2
E0646341_10,agricultural_burning,low,0,1,276_954,2
E0646341_13,agricultural_burning,low,0,1,276_954,2
E0646458_1,agricultural_burning,low,0,1,276_826,2
E0646465_2,agricultural_burning,low,0,1,276_830,0
E0646466_1,agricultural_burning,low,0,1,276_830,0
E0646487_2,agricultural_burning,low,0,1,276_838,3
E0646491_1,agricultural_burning,low,0,1,276_839,0
E0646548_1,agricultural_burning,low,0,1,276_960,2
E0646551_1,agricultural_burning,medium,1,1,276_962,4
E0646578_5,industrial_fire,low,0,1,276_725,0
E0646662_2,agricultural_burning,low,0,1,276_826,2
E0646694_1,agricultural_burning,low,0,1,276_838,3
E0646767_1,agricultural_burning,low,0,1,276_962,4
E0646768_2,agricultural_burning,low,0,1,276_962,4
E0646803_2,industrial_fire,low,0,1,276_726,3
E0646804_2,industrial_fire,low,0,1,276_726,3
E0646929_1,agricultural_burning,low,0,1,276_838,3
E0646944_1,agricultural_burning,low,0,1,276_839,0
E0646967_1,agricultural_burning,low,0,1,276_848,4
E0647046_2,industrial_fire,low,0,1,276_725,0
E0647050_2,industrial_fire,low,0,1,276_726,3
E0647052_2,industrial_fire,low,0,1,276_727,3
E0647144_2,agricultural_burning,low,0,1,276_832,3
E0647157_1,agricultural_burning,low,0,1,276_837,2
E0647172_1,agricultural_burning,low,0,1,276_838,3
E0647189_1,agricultural_burning,low,0,1,276_846,0
E0647283_2,industrial_fire,low,0,1,276_727,3
E0647376_2,agricultural_burning,low,0,1,276_825,2
E0647418_1,agricultural_burning,low,0,1,276_839,0
E0647441_1,agricultural_burning,low,0,1,276_846,0
E0647442_1,agricultural_burning,low,0,1,276_847,4
E0647459_1,agricultural_burning,low,0,1,276_861,0
E0647542_2,industrial_fire,low,0,1,276_727,3
E0647543_2,industrial_fire,low,0,1,276_727,3
E0647628_1,agricultural_burning,low,0,1,276_824,4
E0647634_2,agricultural_burning,low,0,1,276_825,2
E0647667_2,agricultural_burning,low,0,1,276_838,3
E0647692_1,agricultural_burning,low,0,1,276_846,0
E0647792_2,industrial_fire,low,0,1,276_727,3
E0647793_2,industrial_fire,low,0,1,276_727,3
E0647794_1,industrial_fire,low,0,1,276_727,3
E0647888_2,agricultural_burning,low,0,1,276_824,4
E0647899_1,agricultural_burning,low,0,1,276_825,2
E0647930_2,agricultural_burning,low,0,1,276_836,1
E0647940_1,agricultural_burning,low,0,1,276_838,3
E0647954_1,agricultural_burning,low,0,1,276_844,4
E0647958_1,agricultural_burning,low,0,1,276_845,0
E0647976_1,agricultural_burning,low,0,1,276_848,4
E0648011_1,agricultural_burning,low,0,1,276_962,4
E0648012_2,agricultural_burning,low,0,1,276_962,4
E0648115_2,agricultural_burning,low,0,1,276_824,4
E0648123_2,agricultural_burning,low,0,1,276_824,4
E0648124_2,agricultural_burning,low,0,1,276_825,2
E0648129_2,agricultural_burning,low,0,1,276_825,2
E0648130_1,agricultural_burning,low,0,1,276_825,2
E0648372_1,agricultural_burning,low,0,1,276_825,2
E0648378_2,agricultural_burning,low,0,1,276_825,2
E0648390_1,agricultural_burning,low,0,1,276_827,1
E0648412_1,agricultural_burning,low,0,1,276_835,1
E0648448_1,agricultural_burning,low,0,1,276_845,0
E0648518_2,agricultural_burning,low,0,1,276_962,4
E0648654_1,agricultural_burning,low,0,1,277_824,2
E0648693_2,agricultural_burning,low,0,1,277_833,0
E0648715_1,agricultural_burning,low,0,1,276_836,1
E0648723_1,agricultural_burning,low,0,1,277_838,3
E0648777_3,agricultural_burning,low,0,1,276_949,1
E0648803_1,agricultural_burning,low,0,1,276_963,3
E0648906_1,agricultural_burning,low,0,1,277_823,3
E0648911_1,agricultural_burning,low,0,1,277_824,2
E0648913_2,agricultural_burning,low,0,1,277_824,2
E0648932_1,agricultural_burning,low,0,1,277_826,2
E0648941_1,agricultural_burning,low,0,1,277_827,0
E0648967_1,agricultural_burning,low,0,1,277_833,0
E0648982_1,agricultural_burning,low,0,1,277_836,1
E0649026_1,agricultural_burning,low,0,1,277_844,1
E0649035_1,agricultural_burning,low,0,1,277_848,3
E0649200_1,agricultural_burning,low,0,1,277_824,2
E0649201_1,agricultural_burning,low,0,1,277_824,2
E0649212_1,agricultural_burning,low,0,1,277_825,0
E0649213_1,agricultural_burning,low,0,1,277_825,0
E0649228_1,agricultural_burning,low,0,1,277_827,0
E0649229_1,agricultural_burning,low,0,1,277_827,0
E0649232_1,agricultural_burning,low,0,1,277_828,0
E0649296_1,agricultural_burning,low,0,1,277_843,2
E0649366_5,agricultural_burning,low,0,1,277_962,1
E0649499_1,agricultural_burning,low,0,1,277_824,2
E0649531_1,agricultural_burning,low,0,1,277_827,0
E0649537_1,agricultural_burning,low,0,1,277_828,0
E0649538_1,agricultural_burning,low,0,1,277_828,0
E0649555_1,agricultural_burning,low,0,1,277_832,0
E0649591_1,agricultural_burning,low,0,1,277_845,2
E0649598_1,agricultural_burning,low,0,1,277_846,0
E0649606_3,agricultural_burning,low,0,1,277_848,3
E0649784_1,agricultural_burning,low,0,1,277_824,2
E0649801_1,agricultural_burning,low,0,1,277_826,2
E0649805_1,agricultural_burning,low,0,1,277_827,0
E0649807_1,agricultural_burning,low,0,1,277_827,0
E0649811_1,agricultural_burning,low,0,1,277_827,0
E0649864_1,agricultural_burning,low,0,1,277_845,2
E0649867_2,agricultural_burning,low,0,1,277_845,2
E0649918_2,agricultural_burning,low,0,1,277_962,1
E0650203_3,agricultural_burning,low,0,1,277_960,3
E0650335_1,agricultural_burning,low,0,1,277_823,3
E0650337_2,agricultural_burning,low,0,1,277_823,3
E0650343_1,agricultural_burning,low,0,1,277_824,2
E0650355_1,agricultural_burning,low,0,1,277_825,0
E0650372_1,agricultural_burning,low,0,1,277_828,0
E0650377_2,agricultural_burning,low,0,1,277_828,0
E0650504_1,agricultural_burning,low,0,1,277_960,3
E0650540_1,agricultural_burning,low,0,1,277_693,0
E0650648_1,agricultural_burning,low,0,1,277_825,0
E0650653_1,agricultural_burning,low,0,1,277_825,0
E0650690_1,agricultural_burning,low,0,1,277_831,0
E0650978_1,agricultural_burning,low,0,1,277_826,2
E0650998_2,agricultural_burning,low,0,1,277_828,0
E0651256_1,agricultural_burning,low,0,1,277_823,3
E0651276_1,agricultural_burning,low,0,1,277_827,0
E0651277_2,agricultural_burning,low,0,1,277_827,0
E0651279_1,agricultural_burning,low,0,1,277_827,0
E0651308_1,agricultural_burning,low,0,1,277_838,3
E0651325_1,agricultural_burning,low,0,1,277_844,1
E0651530_1,agricultural_burning,low,0,1,277_828,0
E0651565_1,agricultural_burning,low,0,1,277_844,1
E0651719_1,agricultural_burning,low,0,1,278_817,4
E0651741_1,agricultural_burning,low,0,1,278_823,3
E0651742_1,agricultural_burning,low,0,1,278_823,3
E0651747_1,agricultural_burning,low,0,1,278_824,4
E0651748_1,agricultural_burning,low,0,1,278_824,4
E0651820_1,agricultural_burning,low,0,1,278_960,0
E0652178_2,agricultural_burning,low,0,1,278_822,2
E0652223_1,agricultural_burning,low,0,1,278_847,4
E0652308_1,agricultural_burning,low,0,1,278_694,0
E0652410_1,agricultural_burning,low,0,1,278_822,2
E0652412_1,agricultural_burning,low,0,1,278_822,2
E0652413_2,agricultural_burning,low,0,1,278_822,2
E0652432_1,agricultural_burning,low,0,1,278_828,2
E0652684_1,agricultural_burning,low,0,1,278_822,2
E0652699_1,agricultural_burning,low,0,1,278_827,4
E0652746_1,agricultural_burning,low,0,1,278_849,1
E0652956_1,agricultural_burning,low,0,1,278_827,4
E0652959_2,agricultural_burning,low,0,1,278_828,2
E0653192_1,agricultural_burning,low,0,1,278_821,1
E0653195_1,agricultural_burning,low,0,1,278_821,1
E0653198_1,agricultural_burning,low,0,1,278_822,2
E0653220_1,agricultural_burning,low,0,1,278_827,4
E0653225_1,agricultural_burning,low,0,1,278_828,2
E0653264_1,agricultural_burning,low,0,1,278_849,1
E0653344_2,agricultural_burning,low,0,1,278_752,0
E0653441_1,agricultural_burning,low,0,1,278_820,1
E0653467_1,agricultural_burning,low,0,1,278_825,3
E0653468_1,agricultural_burning,low,0,1,278_826,2
E0653624_1,agricultural_burning,low,0,1,278_698,4
E0653730_3,agricultural_burning,low,0,1,278_825,3
E0653742_1,agricultural_burning,low,0,1,278_827,4
E0653782_1,agricultural_burning,low,0,1,278_846,1
E0653983_1,agricultural_burning,low,0,1,278_825,3
E0653994_1,agricultural_burning,low,0,1,278_828,2
E0654171_1,agricultural_burning,low,0,1,279_802,2
E0654237_1,agricultural_burning,low,0,1,279_825,4
E0654255_1,agricultural_burning,low,0,1,279_829,4
E0654381_1,industrial_fire,low,0,1,279_793,1
E0654473_1,agricultural_burning,low,0,1,279_821,2
E0654493_1,agricultural_burning,low,0,1,279_824,0
E0654523_1,agricultural_burning,low,0,1,279_828,0
E0654525_1,agricultural_burning,low,0,1,279_829,4
E0654526_1,agricultural_burning,low,0,1,279_829,4
E0654527_1,agricultural_burning,low,0,1,279_829,4
E0654688_1,industrial_fire,low,0,1,279_793,1
E0654690_1,industrial_fire,low,0,1,279_793,1
E0654773_1,agricultural_burning,low,0,1,279_821,2
E0654777_1,agricultural_burning,low,0,1,279_822,0
E0654795_1,agricultural_burning,low,0,1,279_824,0
E0654812_1,agricultural_burning,low,0,1,279_826,1
E0654815_1,agricultural_burning,low,0,1,279_828,0
E0654843_1,agricultural_burning,low,0,1,279_843,4
E0655040_1,agricultural_burning,low,0,1,279_819,3
E0655059_1,agricultural_burning,low,0,1,279_821,2
E0655067_1,agricultural_burning,low,0,1,279_822,0
E0655087_2,agricultural_burning,low,0,1,279_825,4
E0655088_2,agricultural_burning,low,0,1,279_825,4
E0655105_2,agricultural_burning,low,0,1,279_828,0
E0655106_2,agricultural_burning,low,0,1,279_828,0
E0655109_1,agricultural_burning,low,0,1,279_828,0
E0655110_1,agricultural_burning,low,0,1,279_829,4
E0655111_1,agricultural_burning,low,0,1,279_829,4
E0655147_1,agricultural_burning,low,0,1,279_855,0
E0655237_1,agricultural_burning,low,0,1,279_698,1
E0655238_1,agricultural_burning,low,0,1,279_698,1
E0655359_1,agricultural_burning,low,0,1,279_820,4
E0655360_1,agricultural_burning,low,0,1,279_820,4
E0655370_2,agricultural_burning,low,0,1,279_822,0
E0655376_1,agricultural_burning,low,0,1,279_823,1
E0655385_1,agricultural_burning,low,0,1,279_824,0
E0655387_2,agricultural_burning,low,0,1,279_824,0
E0655876_1,agricultural_burning,low,0,1,279_800,4
E0655927_1,agricultural_burning,low,0,1,279_817,2
E0655938_1,agricultural_burning,low,0,1,279_819,3
E0655946_1,agricultural_burning,low,0,1,279_820,4
E0656003_1,agricultural_burning,low,0,1,279_848,1
E0656164_1,agricultural_burning,low,0,1,279_800,4
E0656220_2,agricultural_burning,low,0,1,279_818,4
E0656235_1,agricultural_burning,low,0,1,279_820,4
E0656241_2,agricultural_burning,low,0,1,279_822,0
E0656243_1,agricultural_burning,low,0,1,279_822,0
E0656244_1,agricultural_burning,low,0,1,279_822,0
E0656245_1,agricultural_burning,low,0,1,279_822,0
E0656479_1,agricultural_burning,low,0,1,279_818,4
E0656499_1,agricultural_burning,low,0,1,279_822,0
E0656500_3,agricultural_burning,low,0,1,279_822,0
E0656506_1,agricultural_burning,low,0,1,279_823,1
E0656645_1,industrial_fire,low,0,1,279_729,1
E0656645_3,industrial_fire,low,0,1,279_729,1
E0656757_1,agricultural_burning,low,0,1,279_818,4
E0656775_1,agricultural_burning,low,0,1,279_821,2
E0656777_2,agricultural_burning,low,0,1,280_822,1
E0656780_1,agricultural_burning,low,0,1,279_822,0
E0656780_2,agricultural_burning,low,0,1,279_822,0
E0656915_1,industrial_fire,low,0,1,280_729,0
E0656916_1,industrial_fire,low,0,1,280_729,0
E0657040_1,agricultural_burning,low,0,1,280_821,1
E0657043_2,agricultural_burning,low,0,1,280_822,1
E0657052_1,agricultural_burning,low,0,1,280_825,0
E0657053_2,agricultural_burning,low,0,1,280_825,0
E0657063_1,agricultural_burning,low,0,1,280_836,4
E0657301_1,agricultural_burning,low,0,1,280_821,1
E0657314_1,agricultural_burning,low,0,1,280_825,0
E0657513_1,agricultural_burning,low,0,1,280_800,4
E0657654_1,agricultural_burning,low,0,1,280_961,4
E0657813_1,agricultural_burning,low,0,1,280_819,2
E0657815_1,agricultural_burning,low,0,1,280_820,2
E0657822_1,agricultural_burning,low,0,1,280_821,1
E0657826_2,agricultural_burning,low,0,1,280_821,1
E0657946_5,agricultural_burning,low,0,1,280_693,2
E0657946_9,agricultural_burning,low,0,1,280_693,2
E0658090_1,agricultural_burning,low,0,1,280_820,2
E0658362_1,agricultural_burning,low,0,1,280_820,2
E0658366_2,agricultural_burning,low,0,1,280_820,2
E0658387_1,agricultural_burning,low,0,1,280_840,4
E0658605_1,agricultural_burning,low,0,1,280_820,2
E0658608_1,agricultural_burning,low,0,1,280_820,2
E0658848_1,agricultural_burning,low,0,1,280_820,2
E0658849_1,agricultural_burning,low,0,1,280_820,2
E0659104_1,agricultural_burning,low,0,1,280_820,2
E0659371_1,agricultural_burning,low,0,1,280_819,2
E0659376_1,agricultural_burning,low,0,1,281_819,3
E0659406_1,agricultural_burning,low,0,1,281_837,2
E0659612_2,agricultural_burning,low,0,1,281_814,2
E0659632_1,agricultural_burning,low,0,1,281_820,0
E0659639_2,agricultural_burning,low,0,1,281_820,0
E0659875_2,agricultural_burning,low,0,1,281_819,3
E0659879_1,agricultural_burning,low,0,1,281_820,0
E0659883_1,agricultural_burning,low,0,1,281_820,0
E0660067_1,agricultural_burning,low,0,1,281_803,4
E0660109_2,agricultural_burning,low,0,1,281_818,2
E0660115_1,agricultural_burning,low,0,1,281_819,3
E0660124_1,agricultural_burning,low,0,1,281_820,0
E0660303_1,agricultural_burning,low,0,1,281_805,2
E0660549_1,agricultural_burning,low,0,1,281_805,2
E0660720_2,industrial_fire,low,0,1,281_729,2
E0660720_6,industrial_fire,low,0,1,281_729,2
E0660981_1,agricultural_burning,low,0,1,281_796,0
E0661273_1,agricultural_burning,low,0,1,281_819,3
E0661274_1,agricultural_burning,low,0,1,281_819,3
E0661283_1,agricultural_burning,low,0,1,281_820,0
E0661516_1,agricultural_burning,low,0,1,281_820,0
E0661736_1,agricultural_burning,low,0,1,281_819,3
E0661742_2,agricultural_burning,low,0,1,281_820,0
E0661928_1,agricultural_burning,low,0,1,282_814,2
E0661940_2,agricultural_burning,low,0,1,282_818,3
E0661942_1,agricultural_burning,low,0,1,282_819,1
E0661943_1,agricultural_burning,low,0,1,282_819,1
E0661956_1,agricultural_burning,low,0,1,282_820,0
E0662144_2,agricultural_burning,low,0,1,282_818,3
E0662153_1,agricultural_burning,low,0,1,282_819,1
E0662160_1,agricultural_burning,low,0,1,282_820,0
E0662258_2,industrial_fire,low,0,1,282_732,0
E0662362_1,agricultural_burning,low,0,1,282_818,3
E0662520_1,industrial_fire,low,0,1,282_799,2
E0662580_2,agricultural_burning,low,0,1,282_818,3
E0662587_1,agricultural_burning,low,0,1,282_818,3
E0662751_1,industrial_fire,low,0,1,282_800,3
E0662773_2,agricultural_burning,low,0,1,282_804,0
E0662826_1,agricultural_burning,low,0,1,282_817,2
E0662955_2,industrial_fire,medium,1,1,282_733,4
E0663028_1,agricultural_burning,low,0,1,282_805,0
E0663029_1,agricultural_burning,low,0,1,282_805,0
E0663059_1,agricultural_burning,low,0,1,282_817,2
E0663063_1,agricultural_burning,low,0,1,282_818,3
E0663080_1,agricultural_burning,low,0,1,282_821,2
E0663197_2,industrial_fire,medium,1,1,282_733,4
E0663275_1,agricultural_burning,low,0,1,282_804,0
E0663315_1,agricultural_burning,low,0,1,282_817,2
E0663316_1,agricultural_burning,low,0,1,282_817,2
E0663319_1,agricultural_burning,low,0,1,282_818,3
E0663553_1,agricultural_burning,low,0,1,282_817,2
E0663560_1,agricultural_burning,low,0,1,282_818,3
E0663696_3,agricultural_burning,low,0,1,282_784,3
E0663696_4,agricultural_burning,low,0,1,282_784,3
E0663797_2,agricultural_burning,low,0,1,282_819,1
E0663918_1,agricultural_burning,low,0,1,282_771,3
E0663920_3,agricultural_burning,low,0,1,282_772,4
E0664029_1,agricultural_burning,low,0,1,283_816,0
E0664043_1,agricultural_burning,low,0,1,283_818,4
E0664044_2,agricultural_burning,low,0,1,282_818,3
E0664294_1,agricultural_burning,low,0,1,283_815,0
E0664318_1,agricultural_burning,low,0,1,283_818,4
E0664565_2,agricultural_burning,low,0,1,283_815,0
E0664736_1,agricultural_burning,low,0,1,283_799,1
E0664812_2,agricultural_burning,low,0,1,283_816,0
E0664813_1,agricultural_burning,low,0,1,283_816,0
E0664815_1,agricultural_burning,low,0,1,283_816,0
E0664816_1,agricultural_burning,low,0,1,283_816,0
E0664830_1,agricultural_burning,low,0,1,283_818,4
E0664998_1,agricultural_burning,low,0,1,283_799,1
E0665071_2,agricultural_burning,low,0,1,283_815,0
E0665085_2,agricultural_burning,low,0,1,283_817,2
E0665086_1,agricultural_burning,low,0,1,283_817,2
E0665095_1,agricultural_burning,low,0,1,283_819,0
E0665268_1,agricultural_burning,low,0,1,283_799,1
E0665346_2,agricultural_burning,low,0,1,283_813,3
E0665356_1,agricultural_burning,low,0,1,283_815,0
E0665358_2,agricultural_burning,low,0,1,283_815,0
E0665370_1,agricultural_burning,low,0,1,283_817,2
E0665404_1,agricultural_burning,low,0,1,283_844,3
E0665636_1,agricultural_burning,low,0,1,283_815,0
E0665650_2,agricultural_burning,low,0,1,283_817,2
E0665782_2,agricultural_burning,low,0,1,283_772,3
E0665895_2,agricultural_burning,low,0,1,283_815,0
E0666149_1,agricultural_burning,low,0,1,283_815,0
E0666154_2,agricultural_burning,low,0,1,283_816,0
E0666157_1,agricultural_burning,low,0,1,283_817,2
E0666366_1,agricultural_burning,low,0,1,283_815,0
E0666368_1,agricultural_burning,low,0,1,283_815,0
E0666369_1,agricultural_burning,low,0,1,283_815,0
E0666378_1,agricultural_burning,low,0,1,283_816,0
E0666379_1,agricultural_burning,low,0,1,283_816,0
E0666538_1,agricultural_burning,low,0,1,284_804,0
E0666577_2,agricultural_burning,low,0,1,283_813,3
E0666592_1,agricultural_burning,low,0,1,283_815,0
E0666601_1,agricultural_burning,low,0,1,283_816,0
E0666604_2,agricultural_burning,low,0,1,284_816,4
E0666777_1,agricultural_burning,low,0,1,284_801,3
E0666835_1,agricultural_burning,low,0,1,284_815,4
E0666841_2,agricultural_burning,low,0,1,284_816,4
E0666843_1,agricultural_burning,low,0,1,284_816,4
E0667320_1,agricultural_burning,low,0,1,284_816,4
E0667321_1,agricultural_burning,low,0,1,284_816,4
E0667327_1,agricultural_burning,low,0,1,284_817,0
E0667328_1,agricultural_burning,low,0,1,284_817,0
E0667330_1,agricultural_burning,low,0,1,284_817,0
E0667332_1,agricultural_burning,low,0,1,284_817,0
E0667567_2,agricultural_burning,low,0,1,284_817,0
E0667571_2,agricultural_burning,low,0,1,284_818,0
E0667791_1,agricultural_burning,low,0,1,284_815,4
E0667806_1,agricultural_burning,low,0,1,284_818,0
E0668053_2,agricultural_burning,low,0,1,284_813,2
E0668084_1,agricultural_burning,low,0,1,284_819,0
E0668105_1,agricultural_burning,low,0,1,284_836,4
E0668226_2,agricultural_burning,low,0,1,284_776,4
E0668328_2,agricultural_burning,low,0,1,284_813,2
E0668336_1,agricultural_burning,low,0,1,284_815,4
E0668341_1,agricultural_burning,low,0,1,284_815,4
E0668593_1,agricultural_burning,low,0,1,284_813,2
E0668599_1,agricultural_burning,low,0,1,284_815,4
E0668627_1,agricultural_burning,low,0,1,284_820,0
E0669100_2,agricultural_burning,low,0,1,285_814,0
E0669227_2,agricultural_burning,low,0,1,285_766,4
E0669367_1,agricultural_burning,low,0,1,285_820,1
E0669583_1,agricultural_burning,low,0,1,285_815,0
E0669584_2,agricultural_burning,low,0,1,285_815,0
E0669605_1,agricultural_burning,low,0,1,285_820,1
E0669657_1,agricultural_burning,low,0,1,285_698,0
E0669794_1,agricultural_burning,low,0,1,285_809,3
E0669825_2,agricultural_burning,low,0,1,285_815,0
E0669828_1,agricultural_burning,low,0,1,285_816,2
E0669849_2,agricultural_burning,low,0,1,285_820,1
E0670054_1,agricultural_burning,low,0,1,285_814,0
E0670069_1,agricultural_burning,low,0,1,285_816,2
E0670073_1,agricultural_burning,low,0,1,285_816,2
E0670078_1,agricultural_burning,low,0,1,285_819,3
E0670084_1,agricultural_burning,low,0,1,285_820,1
E0670085_2,agricultural_burning,low,0,1,285_820,1
E0670419_1,agricultural_burning,low,0,1,285_766,4
E0670543_1,agricultural_burning,low,0,1,285_820,1
E0670547_2,agricultural_burning,low,0,1,285_821,3
E0670637_1,agricultural_burning,low,0,1,285_768,4
E0670740_1,agricultural_burning,low,0,1,285_819,3
E0670953_1,agricultural_burning,low,0,1,285_822,1
E0670985_1,agricultural_burning,low,0,1,285_699,0
E0671137_1,agricultural_burning,low,0,1,285_819,3
E0671542_1,agricultural_burning,low,0,1,286_815,4
E0671546_1,agricultural_burning,low,0,1,286_815,4
E0671610_3,agricultural_burning,low,0,1,286_699,0
E0671693_1,agricultural_burning,low,0,1,286_785,1
E0671787_2,agricultural_burning,low,0,1,286_815,4
E0671793_1,agricultural_burning,low,0,1,286_818,4
E0671799_1,agricultural_burning,low,0,1,286_819,4
E0671806_1,agricultural_burning,low,0,1,286_820,4
E0671936_1,agricultural_burning,low,0,1,286_795,2
E0671992_1,agricultural_burning,low,0,1,286_812,2
E0672067_1,agricultural_burning,low,0,1,286_691,4
E0672469_1,agricultural_burning,low,0,1,286_807,0
E0672607_1,agricultural_burning,low,0,1,286_765,2
E0672686_1,agricultural_burning,low,0,1,286_802,0
E0672728_1,agricultural_burning,low,0,1,286_814,4
E0672748_1,agricultural_burning,low,0,1,286_819,4
E0672786_2,agricultural_burning,low,0,1,286_700,1
E0672857_12,agricultural_burning,low,0,1,286_775,1
E0672857_5,agricultural_burning,low,0,1,286_775,1
E0672860_2,agricultural_burning,low,0,1,286_776,4
E0672860_3,agricultural_burning,low,0,1,286_776,4
E0673160_1,agricultural_burning,low,0,1,286_811,4
E0673408_1,agricultural_burning,low,0,1,286_814,4
E0673426_1,agricultural_burning,low,0,1,286_819,4
E0673431_1,agricultural_burning,low,0,1,286_823,3
E0673444_1,agricultural_burning,low,0,1,286_828,1
E0673584_1,agricultural_burning,low,0,1,287_801,1
E0673636_1,agricultural_burning,low,0,1,286_816,2
E0673643_1,agricultural_burning,low,0,1,287_817,3
E0674273_1,agricultural_burning,low,0,1,287_813,4
E0674450_2,agricultural_burning,low,0,1,287_802,3
E0674534_1,agricultural_burning,low,0,1,287_701,3
E0674676_1,agricultural_burning,low,0,1,287_804,3
E0674698_1,agricultural_burning,low,0,1,287_816,1
E0674701_1,agricultural_burning,low,0,1,287_817,3
E0674903_1,agricultural_burning,low,0,1,287_813,4
E0674911_1,agricultural_burning,low,0,1,287_816,1
E0675090_1,agricultural_burning,low,0,1,287_799,4
E0675113_1,agricultural_burning,low,0,1,287_804,3
E0675148_1,agricultural_burning,low,0,1,287_815,0
E0675154_1,agricultural_burning,low,0,1,287_822,1
E0675155_1,agricultural_burning,low,0,1,287_822,1
E0675175_1,agricultural_burning,low,0,1,287_701,3
E0675254_2,agricultural_burning,low,0,1,287_769,0
E0675254_5,agricultural_burning,medium,1,1,287_769,0
E0675319_1,agricultural_burning,low,0,1,287_799,4
E0675350_1,agricultural_burning,low,0,1,287_809,1
E0675595_2,agricultural_burning,low,0,1,287_804,3
E0675598_1,agricultural_burning,low,0,1,287_804,3
E0675689_1,agricultural_burning,low,0,1,287_710,1
E0675820_1,agricultural_burning,low,0,1,288_803,0
E0675855_1,agricultural_burning,low,0,1,287_812,3
E0675861_2,agricultural_burning,low,0,1,287_813,4
E0675958_1,agricultural_burning,low,0,1,288_766,2
E0675978_1,industrial_fire,low,0,1,288_770,0
E0676144_1,agricultural_burning,low,0,1,288_702,3
E0676199_4,agricultural_burning,low,0,1,288_768,2
E0676200_6,agricultural_burning,low,0,1,288_768,2
E0676217_8,agricultural_burning,low,0,1,288_771,0
E0676719_1,agricultural_burning,low,0,1,288_796,4
E0676773_1,agricultural_burning,low,0,1,288_810,4
E0676902_4,agricultural_burning,low,0,1,288_771,0
E0676903_1,agricultural_burning,low,0,1,288_771,0
E0677176_1,agricultural_burning,low,0,1,288_796,4
E0677414_2,agricultural_burning,low,0,1,288_797,1
E0677469_1,agricultural_burning,low,0,1,288_810,4
E0677515_1,agricultural_burning,low,0,1,288_703,2
E0677570_3,agricultural_burning,low,0,1,288_764,1
E0677656_1,agricultural_burning,low,0,1,288_796,4
E0677656_3,agricultural_burning,low,0,1,288_796,4
E0677898_3,agricultural_burning,low,0,1,288_798,3
E0677927_1,agricultural_burning,low,0,1,288_802,1
E0677943_1,agricultural_burning,low,0,1,288_810,4
E0677957_2,agricultural_burning,low,0,1,288_814,4
E0677958_2,agricultural_burning,low,0,1,288_814,4
E0678000_2,agricultural_burning,low,0,1,289_705,0
E0678090_4,agricultural_burning,low,0,1,289_780,1
E0678121_1,agricultural_burning,low,0,1,289_794,1
E0678123_2,agricultural_burning,low,0,1,288_794,0
E0678125_1,agricultural_burning,low,0,1,289_794,1
E0678142_3,agricultural_burning,low,0,1,288_797,1
E0678145_1,agricultural_burning,low,0,1,288_798,3
E0678161_1,agricultural_burning,low,0,1,289_801,0
E0678203_1,agricultural_burning,low,0,1,289_814,2
E0678416_2,agricultural_burning,low,0,1,289_798,4
E0678430_1,agricultural_burning,low,0,1,289_801,0
E0678465_1,agricultural_burning,low,0,1,289_812,3
E0678470_1,agricultural_burning,low,0,1,289_813,1
E0678549_3,agricultural_burning,low,0,1,289_763,4
E0678672_1,agricultural_burning,low,0,1,289_801,0
E0678706_1,agricultural_burning,low,0,1,289_813,1
E0678712_1,agricultural_burning,low,0,1,289_814,2
E0678771_2,industrial_fire,low,0,1,289_758,3
E0678949_1,agricultural_burning,low,0,1,289_814,2
E0679170_1,agricultural_burning,low,0,1,289_805,4
E0679181_1,agricultural_burning,low,0,1,289_809,3
E0679201_1,agricultural_burning,low,0,1,289_814,2
E0679204_1,agricultural_burning,low,0,1,289_815,0
E0679229_2,agricultural_burning,low,0,1,289_690,1
E0679296_1,agricultural_burning,low,0,1,289_763,4
E0679431_1,agricultural_burning,low,0,1,289_810,2
E0679437_1,agricultural_burning,low,0,1,289_814,2
E0679534_1,agricultural_burning,low,0,1,289_769,0
E0679546_1,agricultural_burning,low,0,1,289_772,4
E0679615_1,agricultural_burning,low,0,1,289_797,3
E0679619_1,agricultural_burning,low,0,1,289_799,4
E0679843_2,agricultural_burning,low,0,1,289_797,3
E0680080_2,agricultural_burning,low,0,1,289_797,3
E0680091_3,agricultural_burning,low,0,1,289_799,4
E0680108_1,agricultural_burning,low,0,1,289_805,4
E0680119_1,agricultural_burning,low,0,1,289_810,2
E0680125_1,agricultural_burning,low,0,1,289_810,2
E0680127_2,agricultural_burning,low,0,1,289_811,3
E0680138_1,agricultural_burning,low,0,1,289_814,2
E0680141_1,agricultural_burning,low,0,1,289_814,2
E0680335_1,agricultural_burning,low,0,1,289_797,3
E0680336_2,agricultural_burning,low,0,1,289_797,3
E0680364_1,agricultural_burning,low,0,1,289_805,4
E0680382_1,agricultural_burning,low,0,1,289_811,3
E0680383_1,agricultural_burning,low,0,1,289_811,3
E0680385_1,agricultural_burning,low,0,1,289_811,3
E0680502_1,agricultural_burning,low,0,1,290_764,0
E0680580_1,industrial_fire,low,0,1,289_794,1
E0680603_1,agricultural_burning,low,0,1,290_799,1
E0680647_1,agricultural_burning,low,0,1,289_811,3
E0680657_1,agricultural_burning,low,0,1,289_813,1
E0680859_1,agricultural_burning,low,0,1,290_802,1
E0681006_1,agricultural_burning,low,0,1,290_762,1
E0681113_2,industrial_fire,medium,1,1,290_796,1
E0681288_1,agricultural_burning,low,0,1,290_763,1
E0681411_2,agricultural_burning,low,0,1,290_803,3
E0681653_1,agricultural_burning,low,0,1,290_805,0
E0681658_1,agricultural_burning,low,0,1,290_807,3
E0681667_1,agricultural_burning,low,0,1,290_808,2
E0681669_1,agricultural_burning,low,0,1,290_808,2
E0681921_1,agricultural_burning,low,0,1,290_808,2
E0681970_1,agricultural_burning,low,0,1,290_823,3
E0682067_1,agricultural_burning,low,0,1,290_764,0
E0682176_1,agricultural_burning,low,0,1,290_806,0
E0682181_1,agricultural_burning,low,0,1,290_807,3
E0682213_1,agricultural_burning,low,0,1,290_818,4
E0682214_1,agricultural_burning,medium,1,1,290_818,4
E0682488_2,agricultural_burning,low,0,1,290_812,3
E0682613_1,agricultural_burning,low,0,1,290_765,2
E0682707_1,agricultural_burning,low,0,1,290_801,4
E0682725_1,agricultural_burning,low,0,1,290_806,0
E0682775_10,agricultural_burning,low,0,1,290_880,4
E0682775_4,agricultural_burning,medium,1,1,290_880,4
E0682775_6,agricultural_burning,low,0,1,290_880,4
E0682779_1,agricultural_burning,low,0,1,290_938,2
E0682938_1,agricultural_burning,low,0,1,290_786,4
E0682981_1,agricultural_burning,low,0,1,290_806,0
E0683025_10,agricultural_burning,medium,1,1,290_880,4
E0683025_6,agricultural_burning,low,0,1,290_880,4
E0683119_1,agricultural_burning,low,0,1,291_765,2
E0683234_1,agricultural_burning,low,0,1,291_805,4
E0683787_1,agricultural_burning,low,0,1,291_705,4
E0683953_1,agricultural_burning,low,0,1,291_798,4
E0683972_1,agricultural_burning,low,0,1,291_806,4
E0683979_1,agricultural_burning,low,0,1,291_807,4
E0684212_1,agricultural_burning,low,0,1,291_807,4
E0684785_1,agricultural_burning,low,0,1,291_732,2
E0685030_1,agricultural_burning,low,0,1,291_735,1
E0685208_1,agricultural_burning,low,0,1,291_706,2
E0685902_1,industrial_fire,low,0,1,292_794,2
E0685943_2,agricultural_burning,low,0,1,292_702,1
E0685960_1,agricultural_burning,low,0,1,292_706,2
E0686013_1,agricultural_burning,low,0,1,292_735,4
E0686034_1,agricultural_burning,low,0,1,292_762,0
E0686231_2,agricultural_burning,low,0,1,292_735,4
E0686232_1,agricultural_burning,low,0,1,292_735,4
E0686420_5,agricultural_burning,low,0,1,292_883,2
E0686436_1,agricultural_burning,low,0,1,292_704,0
E0686729_1,agricultural_burning,low,0,1,292_735,4
E0686729_2,agricultural_burning,low,0,1,292_735,4
E0686924_1,agricultural_burning,low,0,1,292_703,0
E0686964_1,agricultural_burning,low,0,1,292_735,4
E0687134_1,agricultural_burning,low,0,1,292_808,3
E0687164_3,agricultural_burning,low,0,1,292_919,0
E0687176_2,agricultural_burning,low,0,1,292_703,0
E0687448_11,agricultural_burning,low,0,1,292_919,0
E0687459_1,agricultural_burning,low,0,1,292_703,0
E0687469_2,agricultural_burning,low,0,1,292_706,2
E0687502_2,agricultural_burning,low,0,1,292_736,0
E0687509_1,agricultural_burning,low,0,1,292_742,4
E0687636_1,agricultural_burning,low,0,1,292_795,4
E0687893_1,agricultural_burning,low,0,1,292_800,3
E0687951_1,agricultural_burning,low,0,1,292_702,1
E0688382_1,agricultural_burning,low,0,1,293_798,4
E0688478_1,agricultural_burning,low,0,1,293_737,2
E0688478_2,agricultural_burning,low,0,1,293_737,2
E0688594_1,agricultural_burning,low,0,1,293_797,2
E0688666_1,agricultural_burning,low,0,1,293_706,1
E0688672_1,agricultural_burning,low,0,1,293_710,3
E0688699_1,agricultural_burning,low,0,1,293_738,0
E0688853_1,agricultural_burning,low,0,1,293_810,4
E0688855_1,agricultural_burning,low,0,1,293_811,0
E0688856_1,agricultural_burning,low,0,1,293_811,0
E0688940_1,agricultural_burning,low,0,1,293_737,2
E0689201_2,agricultural_burning,low,0,1,293_737,2
E0689209_2,agricultural_burning,low,0,1,293_739,4
E0689210_1,agricultural_burning,low,0,1,293_739,4
E0689470_1,agricultural_burning,low,0,1,293_736,0
E0689471_1,agricultural_burning,low,0,1,293_736,0
E0689737_3,agricultural_burning,low,0,1,293_737,2
E0689738_3,agricultural_burning,low,0,1,293_737,2
E0689739_1,agricultural_burning,low,0,1,293_737,2
E0689739_2,agricultural_burning,low,0,1,293_737,2
E0689758_2,agricultural_burning,low,0,1,293_744,0
E0689966_1,agricultural_burning,low,0,1,293_737,2
E0689975_1,agricultural_burning,low,0,1,293_740,2
E0689975_2,agricultural_burning,low,0,1,293_740,2
E0690015_1,agricultural_burning,low,0,1,293_761,0
E0690044_1,industrial_fire,low,0,1,293_768,3
E0690046_1,industrial_fire,low,0,1,293_768,3
E0690133_1,agricultural_burning,low,0,1,293_808,0
E0690204_1,agricultural_burning,low,0,1,293_740,2
E0690204_2,agricultural_burning,low,0,1,293_740,2
E0690366_1,agricultural_burning,low,0,1,293_808,0
E0690437_1,agricultural_burning,low,0,1,293_739,4
E0690440_1,agricultural_burning,low,0,1,294_739,0
E0690677_1,agricultural_burning,low,0,1,294_739,0
E0690921_1,agricultural_burning,low,0,1,294_740,4
E0691138_1,agricultural_burning,low,0,1,294_739,0
E0691138_2,agricultural_burning,low,0,1,294_740,4
E0691139_2,agricultural_burning,low,0,1,294_740,4
E0691140_1,agricultural_burning,low,0,1,294_740,4
E0691156_1,agricultural_burning,low,0,1,294_745,4
E0691166_1,agricultural_burning,low,0,1,294_748,3
E0691572_1,agricultural_burning,low,0,1,294_821,1
E0691868_2,agricultural_burning,low,0,1,294_738,4
E0691877_2,agricultural_burning,low,0,1,294_740,4
E0691878_1,agricultural_burning,low,0,1,294_740,4
E0691880_3,agricultural_burning,low,0,1,294_740,4
E0691881_1,agricultural_burning,low,0,1,294_740,4
E0691883_2,agricultural_burning,low,0,1,294_741,3
E0691967_15,industrial_fire,medium,1,1,294_768,0
E0691967_8,industrial_fire,medium,1,1,294_768,0
E0692133_1,agricultural_burning,low,0,1,294_740,4
E0692133_3,agricultural_burning,low,0,1,294_740,4
E0692134_1,agricultural_burning,low,0,1,294_740,4
E0692336_1,agricultural_burning,low,0,1,294_703,4
E0692400_2,agricultural_burning,low,0,1,294_745,4
E0692536_1,agricultural_burning,low,0,1,294_793,4
E0692627_2,agricultural_burning,low,0,1,294_741,3
E0692628_1,agricultural_burning,low,0,1,294_741,3
E0692629_2,agricultural_burning,low,0,1,294_741,3
E0692630_1,agricultural_burning,low,0,1,294_741,3
E0692630_2,agricultural_burning,low,0,1,294_741,3
E0692642_4,agricultural_burning,low,0,1,294_744,4
E0692643_1,agricultural_burning,low,0,1,294_744,4
E0692652_2,agricultural_burning,low,0,1,294_745,4
E0692653_1,agricultural_burning,low,0,1,294_745,4
E0692653_2,agricultural_burning,low,0,1,294_745,4
E0692654_1,agricultural_burning,low,0,1,294_745,4
E0692654_2,agricultural_burning,low,0,1,294_745,4
E0692672_1,agricultural_burning,low,0,1,294_749,2
E0692812_1,agricultural_burning,low,0,1,294_802,4
E0692931_1,agricultural_burning,low,0,1,294_741,3
E0692931_3,agricultural_burning,low,0,1,294_741,3
E0692946_1,agricultural_burning,low,0,1,294_744,4
E0692952_3,agricultural_burning,low,0,1,294_745,4
E0692955_1,agricultural_burning,low,0,1,294_745,4
E0692957_2,agricultural_burning,low,0,1,295_745,3
E0693224_3,agricultural_burning,low,0,1,295_741,4
E0693230_1,agricultural_burning,low,0,1,295_742,4
E0693243_2,agricultural_burning,low,0,1,295_745,3
E0693529_1,agricultural_burning,low,0,1,295_742,4
E0693530_3,agricultural_burning,low,0,1,295_742,4
E0693546_1,agricultural_burning,low,0,1,295_745,3
E0693551_1,agricultural_burning,low,0,1,295_746,0
E0693723_1,agricultural_burning,low,0,1,295_800,1
E0693838_2,agricultural_burning,low,0,1,295_742,4
E0693855_3,agricultural_burning,low,0,1,295_745,3
E0693858_1,agricultural_burning,low,0,1,295_745,3
E0693859_2,agricultural_burning,low,0,1,295_745,3
E0693862_3,agricultural_burning,low,0,1,295_745,3
E0693863_1,agricultural_burning,low,0,1,295_746,0
E0694158_1,agricultural_burning,low,0,1,295_742,4
E0694162_1,agricultural_burning,low,0,1,295_744,1
E0694167_2,agricultural_burning,low,0,1,295_744,1
E0694170_2,agricultural_burning,low,0,1,295_744,1
E0694181_1,agricultural_burning,low,0,1,295_745,3
E0694181_3,agricultural_burning,low,0,1,295_745,3
E0694448_2,agricultural_burning,low,0,1,295_742,4
E0694456_2,agricultural_burning,low,0,1,295_744,1
E0694466_1,agricultural_burning,low,0,1,295_745,3
E0694467_1,agricultural_burning,low,0,1,295_745,3
E0694739_1,agricultural_burning,low,0,1,295_742,4
E0694748_3,agricultural_burning,low,0,1,295_744,1
E0695038_1,agricultural_burning,low,0,1,295_742,4
E0695038_3,agricultural_burning,low,0,1,295_742,4
E0695039_1,agricultural_burning,low,0,1,295_742,4
E0695044_1,agricultural_burning,low,0,1,295_743,4
E0695051_1,agricultural_burning,low,0,1,295_744,1
E0695051_2,agricultural_burning,low,0,1,295_744,1
E0695340_1,agricultural_burning,low,0,1,295_742,4
E0695348_1,agricultural_burning,low,0,1,295_743,4
E0695348_2,agricultural_burning,low,0,1,295_743,4
E0695349_2,agricultural_burning,low,0,1,295_744,1
E0695352_1,agricultural_burning,low,0,1,295_744,1
E0695353_1,agricultural_burning,low,0,1,295_744,1
E0695353_2,agricultural_burning,low,0,1,295_744,1
E0695355_1,agricultural_burning,low,0,1,295_744,1
E0695355_3,agricultural_burning,low,0,1,295_744,1
E0695588_2,agricultural_burning,low,0,1,295_704,0
E0695667_1,agricultural_burning,low,0,1,295_744,1
E0695668_1,agricultural_burning,low,0,1,295_744,1
E0695673_1,agricultural_burning,low,0,1,295_744,1
E0695674_1,agricultural_burning,low,0,1,295_744,1
E0695698_4,industrial_fire,low,0,1,295_752,2
E0695699_1,industrial_fire,low,0,1,295_752,2
E0695699_3,industrial_fire,low,0,1,295_752,2
E0695929_1,agricultural_burning,low,0,1,296_743,1
E0695931_1,agricultural_burning,low,0,1,296_743,1
E0695932_1,agricultural_burning,low,0,1,295_743,4
E0695935_2,agricultural_burning,low,0,1,296_744,2
E0695936_1,agricultural_burning,low,0,1,295_744,1
E0695971_3,industrial_fire,low,0,1,295_752,2
E0696057_2,agricultural_burning,low,0,1,295_785,1
E0696197_2,agricultural_burning,low,0,1,296_732,0
E0696213_2,agricultural_burning,low,0,1,296_743,1
E0696216_1,agricultural_burning,low,0,1,296_743,1
E0696217_1,agricultural_burning,low,0,1,296_744,2
E0696222_2,agricultural_burning,low,0,1,296_744,2
E0696503_1,agricultural_burning,low,0,1,296_743,1
E0696667_1,agricultural_burning,low,0,1,296_800,3
E0696754_1,agricultural_burning,low,0,1,296_714,1
E0696819_1,agricultural_burning,low,0,1,296_743,1
E0697119_2,agricultural_burning,low,0,1,296_743,1
E0697937_10,agricultural_burning,low,0,1,296_909,4
E0697937_12,agricultural_burning,low,0,1,296_908,3
E0697937_9,agricultural_burning,low,0,1,296_909,4
E0697938_10,agricultural_burning,low,0,1,296_909,4
E0698285_1,agricultural_burning,low,0,1,296_716,1
E0698342_1,agricultural_burning,low,0,1,296_750,1
E0698522_1,agricultural_burning,low,0,1,296_800,3
E0699409_1,agricultural_burning,low,0,1,297_796,2
E0699638_1,agricultural_burning,low,0,1,297_763,0
E0700017_1,agricultural_burning,low,0,1,297_789,3
E0700314_2,agricultural_burning,low,0,1,297_783,4
E0700430_1,agricultural_burning,low,0,1,297_821,0
E0700431_1,agricultural_burning,low,0,1,297_821,0
E0700628_1,agricultural_burning,low,0,1,297_783,4
E0700955_1,agricultural_burning,low,0,1,297_788,0
E0701381_1,agricultural_burning,low,0,1,297_821,0
E0701522_1,agricultural_burning,low,0,1,297_759,2
E0701663_1,agricultural_burning,low,0,1,297_801,2
E0701826_2,industrial_fire,low,0,1,297_755,0
E0701996_10,agricultural_burning,low,0,1,297_916,1
E0701996_3,agricultural_burning,low,0,1,297_916,1
E0701996_9,agricultural_burning,low,0,1,297_916,1
E0701997_10,agricultural_burning,low,0,1,297_916,1
E0702258_1,agricultural_burning,low,0,1,297_795,3
E0702406_1,agricultural_burning,low,0,1,298_751,0
E0702751_1,industrial_fire,low,0,1,298_755,2
E0702919_1,agricultural_burning,low,0,1,298_803,2
E0703088_1,industrial_fire,low,0,1,298_756,4
E0703228_1,industrial_fire,low,0,1,298_792,0
E0703261_1,agricultural_burning,low,0,1,298_799,0
E0703878_2,agricultural_burning,low,0,1,298_785,2
E0704078_1,agricultural_burning,low,0,1,298_729,3
E0704188_1,agricultural_burning,low,0,1,298_765,4
E0704422_2,agricultural_burning,low,0,1,298_729,3
E0704772_2,agricultural_burning,low,0,1,298_729,3
E0704864_1,agricultural_burning,low,0,1,298_761,0
E0705167_1,agricultural_burning,low,0,1,298_753,3
E0705532_1,agricultural_burning,low,0,1,298_753,3
E0706332_1,agricultural_burning,low,0,1,299_784,4
E0706347_1,agricultural_burning,low,0,1,299_786,2
E0706538_1,agricultural_burning,low,0,1,299_729,4
E0706625_1,agricultural_burning,low,0,1,299_758,3
E0706886_1,agricultural_burning,low,0,1,299_729,4
E0706996_1,agricultural_burning,low,0,1,299_763,4
E0707284_2,industrial_fire,low,0,1,299_746,2
E0707297_1,agricultural_burning,low,0,1,299_750,4
E0707297_2,agricultural_burning,low,0,1,299_750,4
E0707340_1,agricultural_burning,low,0,1,299_758,3
E0707425_1,agricultural_burning,low,0,1,299_790,3
E0707484_2,agricultural_burning,low,0,1,299_705,1
E0707559_3,agricultural_burning,low,0,1,299_725,4
E0707937_1,agricultural_burning,low,0,1,299_731,1
E0708271_4,agricultural_burning,low,0,1,299_727,0
E0708736_1,agricultural_burning,low,0,1,299_752,3
E0708884_1,agricultural_burning,low,0,1,299_794,1
E0709443_1,agricultural_burning,low,0,1,300_755,4
E0709531_1,agricultural_burning,low,0,1,300_778,3
E0709793_1,agricultural_burning,low,0,1,300_758,3
E0709800_1,agricultural_burning,low,0,1,300_758,3
E0709803_1,agricultural_burning,low,0,1,300_759,2
E0709807_1,agricultural_burning,low,0,1,300_759,2
E0709820_2,agricultural_burning,low,0,1,300_761,1
E0710115_1,agricultural_burning,low,0,1,300_757,4
E0710116_1,agricultural_burning,low,0,1,300_757,4
E0710123_1,agricultural_burning,low,0,1,300_758,3
E0710393_1,agricultural_burning,low,0,1,300_750,0
E0710421_1,agricultural_burning,low,0,1,300_757,4
E0710493_1,agricultural_burning,low,0,1,300_784,3
E0710636_1,agricultural_burning,low,0,1,300_733,3
E0710639_1,agricultural_burning,low,0,1,300_733,3
E0711164_1,agricultural_burning,low,0,1,300_795,1
E0711258_2,agricultural_burning,low,0,1,300_733,3
E0711480_12,agricultural_burning,low,0,1,300_969,1
E0711565_1,industrial_fire,low,0,1,300_740,1
E0711870_2,agricultural_burning,low,0,1,300_734,1
E0711935_1,agricultural_burning,low,0,1,300_750,0
E0711971_1,agricultural_burning,low,0,1,300_757,4
E0711976_3,agricultural_burning,low,0,1,300_757,4
E0711977_1,agricultural_burning,low,0,1,300_757,4
E0712588_1,agricultural_burning,low,0,1,301_751,2
E0712588_2,agricultural_burning,low,0,1,301_751,2
E0712617_1,agricultural_burning,low,0,1,301_757,0
E0712926_1,agricultural_burning,low,0,1,301_758,1
E0713064_3,agricultural_burning,low,0,1,301_706,4
E0713231_1,agricultural_burning,low,0,1,301_759,3
E0713522_1,agricultural_burning,low,0,1,301_753,2
E0713531_1,agricultural_burning,low,0,1,301_755,0
E0713539_1,agricultural_burning,low,0,1,301_756,3
E0713732_2,agricultural_burning,low,0,1,301_730,1
E0713799_1,industrial_fire,low,0,1,301_746,3
E0714143_1,agricultural_burning,low,0,1,301_751,2
E0714329_5,agricultural_burning,low,0,1,301_709,4
E0714388_5,agricultural_burning,low,0,1,301_733,1
E0714481_1,agricultural_burning,low,0,1,301_752,0
E0714505_1,agricultural_burning,low,0,1,301_756,3
E0714712_4,agricultural_burning,low,0,1,301_731,3
E0714731_1,agricultural_burning,low,0,1,301_734,3
E0714748_1,agricultural_burning,low,0,1,301_737,1
E0714831_1,agricultural_burning,low,0,1,301_756,3
E0714835_1,agricultural_burning,low,0,1,301_757,0
E0715180_1,agricultural_burning,low,0,1,301_759,3
E0715310_1,agricultural_burning,low,0,1,301_706,4
E0715620_2,agricultural_burning,low,0,1,302_706,4
E0715623_1,agricultural_burning,low,0,1,302_706,4
E0715794_1,agricultural_burning,low,0,1,302_756,4
E0715799_1,agricultural_burning,low,0,1,302_757,1
E0715950_3,agricultural_burning,low,0,1,302_706,4
E0716042_1,agricultural_burning,low,0,1,302_735,1
E0716104_1,agricultural_burning,low,0,1,302_752,3
E0716279_1,agricultural_burning,low,0,1,302_706,4
E0716304_1,agricultural_burning,low,0,1,302_716,3
E0716470_1,agricultural_burning,low,0,1,302_757,1
E0716604_1,agricultural_burning,low,0,1,302_706,4
E0716604_2,agricultural_burning,low,0,1,302_706,4
E0716606_2,agricultural_burning,low,0,1,302_706,4
E0716607_1,agricultural_burning,low,0,1,302_706,4
E0716635_3,agricultural_burning,low,0,1,302_716,3
E0716653_2,agricultural_burning,low,0,1,302_724,4
E0716733_3,agricultural_burning,low,0,1,302_746,3
E0716811_1,agricultural_burning,low,0,1,302_759,1
E0716815_1,agricultural_burning,low,0,1,302_760,0
E0716818_1,agricultural_burning,low,0,1,302_760,0
E0716952_3,agricultural_burning,low,0,1,302_706,4
E0716953_1,agricultural_burning,medium,1,1,302_706,4
E0716953_3,agricultural_burning,low,0,1,302_706,4
E0716954_1,agricultural_burning,low,0,1,302_706,4
E0716954_2,agricultural_burning,low,0,1,302_706,4
E0716955_1,agricultural_burning,low,0,1,302_706,4
E0717029_4,agricultural_burning,low,0,1,302_733,3
E0717136_1,agricultural_burning,low,0,1,302_759,1
E0717258_2,agricultural_burning,low,0,1,302_706,4
E0717261_3,agricultural_burning,low,0,1,302_706,4
E0717262_3,agricultural_burning,low,0,1,302_706,4
E0717263_1,agricultural_burning,low,0,1,302_706,4
E0717263_3,agricultural_burning,low,0,1,302_706,4
E0717264_2,agricultural_burning,low,0,1,302_706,4
E0717588_1,agricultural_burning,low,0,1,302_706,4
E0717591_1,agricultural_burning,low,0,1,302_706,4
E0717591_2,agricultural_burning,low,0,1,302_706,4
E0717592_1,agricultural_burning,low,0,1,302_706,4
E0717592_3,agricultural_burning,low,0,1,302_706,4
E0717675_1,agricultural_burning,low,0,1,302_732,1
E0717787_1,agricultural_burning,low,0,1,302_754,2
E0717819_1,agricultural_burning,low,0,1,302_759,1
E0717892_1,agricultural_burning,low,0,1,302_778,4
E0718047_3,agricultural_burning,low,0,1,302_732,1
E0718205_1,agricultural_burning,low,0,1,302_760,0
E0718310_1,agricultural_burning,low,0,1,302_788,0
E0718373_2,agricultural_burning,low,0,1,302_706,4
E0718374_1,agricultural_burning,low,0,1,302_706,4
E0718374_3,agricultural_burning,low,0,1,302_706,4
E0718375_1,agricultural_burning,low,0,1,302_706,4
E0718376_3,agricultural_burning,low,0,1,302_706,4
E0718427_4,agricultural_burning,low,0,1,302_732,1
E0718581_1,agricultural_burning,low,0,1,302_760,0
E0718656_1,agricultural_burning,low,0,1,302_782,1
E0718703_1,agricultural_burning,low,0,1,302_792,4
E0718726_2,agricultural_burning,low,0,1,303_706,2
E0718728_1,agricultural_burning,low,0,1,302_706,4
E0718790_2,agricultural_burning,low,0,1,303_733,1
E0718915_1,agricultural_burning,low,0,1,303_758,4
E0719022_1,agricultural_burning,low,0,1,302_788,0
E0719025_1,agricultural_burning,low,0,1,303_788,3
E0719038_1,agricultural_burning,low,0,1,303_791,1
E0719070_4,agricultural_burning,low,0,1,303_706,2
E0719071_3,agricultural_burning,low,0,1,303_706,2
E0719073_1,agricultural_burning,low,0,1,303_706,2
E0719195_1,agricultural_burning,low,0,1,303_745,0
E0719271_1,agricultural_burning,low,0,1,303_759,3
E0719437_1,agricultural_burning,low,0,1,303_706,2
E0719437_3,agricultural_burning,low,0,1,303_706,2
E0719438_3,agricultural_burning,low,0,1,303_706,2
E0719547_1,agricultural_burning,low,0,1,303_744,4
E0719620_1,agricultural_burning,low,0,1,303_756,1
E0719648_1,agricultural_burning,low,0,1,303_760,3
E0719806_1,agricultural_burning,medium,1,1,303_706,2
E0719888_3,agricultural_burning,low,0,1,303_734,2
E0720026_1,agricultural_burning,low,0,1,303_758,4
E0720176_1,agricultural_burning,low,0,1,303_706,2
E0720177_1,agricultural_burning,low,0,1,303_706,2
E0720180_2,agricultural_burning,low,0,1,303_706,2
E0720182_2,agricultural_burning,low,0,1,303_707,2
E0720294_1,agricultural_burning,low,0,1,303_743,3
E0720322_1,agricultural_burning,low,0,1,303_747,2
E0720376_1,agricultural_burning,low,0,1,303_757,3
E0720535_1,agricultural_burning,low,0,1,303_706,2
E0720537_1,agricultural_burning,low,0,1,303_707,2
E0720593_2,agricultural_burning,low,0,1,303_734,2
E0720671_1,agricultural_burning,low,0,1,303_746,2
E0720749_2,agricultural_burning,low,0,1,303_758,4
E0720862_1,agricultural_burning,low,0,1,303_791,1
E0720961_1,agricultural_burning,low,0,1,303_738,4
E0720970_1,agricultural_burning,low,0,1,303_740,3
E0721018_1,agricultural_burning,low,0,1,303_747,2
E0721231_1,agricultural_burning,low,0,1,303_706,2
E0721231_2,agricultural_burning,low,0,1,303_706,2
E0721232_1,agricultural_burning,low,0,1,303_707,2
E0721432_1,agricultural_burning,low,0,1,303_757,3
E0721533_1,industrial_fire,low,0,1,303_784,1
E0721534_1,industrial_fire,low,0,1,303_784,1
E0721583_1,agricultural_burning,low,0,1,303_707,2
E0721669_2,agricultural_burning,low,0,1,303_736,0
E0721800_1,agricultural_burning,low,0,1,303_757,3
E0721840_2,agricultural_burning,low,0,1,303_763,4
E0722021_1,agricultural_burning,low,0,1,303_736,0
E0722115_1,agricultural_burning,low,0,1,303_752,3
E0722231_1,agricultural_burning,low,0,1,303_775,1
E0722394_1,agricultural_burning,low,0,1,304_739,2
E0722402_2,industrial_fire,low,0,1,304_740,3
E0722451_1,agricultural_burning,low,0,1,303_748,3
E0722475_2,agricultural_burning,low,0,1,304_752,2
E0722697_2,agricultural_burning,low,0,1,304_734,3
E0722716_3,agricultural_burning,low,0,1,304_736,1
E0722721_2,agricultural_burning,low,0,1,304_737,1
E0723065_1,agricultural_burning,low,0,1,304_736,1
E0723067_2,agricultural_burning,low,0,1,304_736,1
E0723115_1,industrial_fire,low,0,1,304_744,0
E0723398_2,agricultural_burning,low,0,1,304_733,3
E0723408_1,agricultural_burning,low,0,1,304_735,2
E0723410_3,agricultural_burning,low,0,1,304_736,1
E0723441_1,industrial_fire,medium,1,1,304_740,3
E0723467_1,industrial_fire,low,0,1,304_744,0
E0723901_1,agricultural_burning,low,0,1,304_757,3
E0724027_4,agricultural_burning,low,0,1,304_705,1
E0724027_8,agricultural_burning,low,0,1,304_705,1
E0724111_1,agricultural_burning,low,0,1,304_737,1
E0724118_2,agricultural_burning,low,0,1,304_738,1
E0724169_1,agricultural_burning,low,0,1,304_747,3
E0724241_1,agricultural_burning,low,0,1,304_758,2
E0724242_1,agricultural_burning,low,0,1,304_758,2
E0724245_1,agricultural_burning,low,0,1,304_758,2
E0724402_2,agricultural_burning,low,0,1,304_717,2
E0724469_2,agricultural_burning,low,0,1,304_737,1
E0724607_1,agricultural_burning,low,0,1,304_758,2
E0724798_2,agricultural_burning,low,0,1,304_732,4
E0724799_1,agricultural_burning,low,0,1,304_732,4
E0724943_1,agricultural_burning,low,0,1,304_757,3
E0725184_3,agricultural_burning,low,0,1,304_737,1
E0725300_1,agricultural_burning,low,0,1,304_756,0
E0725310_1,agricultural_burning,low,0,1,304_757,3
E0725538_4,agricultural_burning,low,0,1,304_734,3
E0725566_2,agricultural_burning,low,0,1,304_737,1
E0725691_1,agricultural_burning,low,0,1,304_757,3
E0725700_1,agricultural_burning,low,0,1,304_759,3
E0725941_1,agricultural_burning,low,0,1,304_737,1
E0726035_1,agricultural_burning,low,0,1,304_752,2
E0726242_2,agricultural_burning,low,0,1,305_719,1
E0726294_1,agricultural_burning,low,0,1,305_736,3
E0726312_1,agricultural_burning,low,0,1,305_738,0
E0726512_1,agricultural_burning,low,0,1,305_773,0
E0726610_2,agricultural_burning,low,0,1,305_719,1
E0726674_1,agricultural_burning,low,0,1,305_737,3
E0726686_3,agricultural_burning,low,0,1,305_738,0
E0726693_1,agricultural_burning,low,0,1,305_740,2
E0726697_1,agricultural_burning,low,0,1,305_740,2
E0726963_3,agricultural_burning,low,0,1,305_720,1
E0726973_1,agricultural_burning,low,0,1,305_721,3
E0727006_3,agricultural_burning,low,0,1,305_735,2
E0727018_5,agricultural_burning,low,0,1,305_737,3
E0727020_1,agricultural_burning,low,0,1,305_737,3
E0727294_1,agricultural_burning,low,0,1,305_720,1
E0727337_4,agricultural_burning,low,0,1,305_736,3
E0727347_3,agricultural_burning,low,0,1,305_737,3
E0727354_4,agricultural_burning,low,0,1,305_737,3
E0727389_3,agricultural_burning,low,0,1,305_742,1
E0727689_2,agricultural_burning,low,0,1,305_737,3
E0727734_3,agricultural_burning,low,0,1,305_742,1
E0728037_2,agricultural_burning,low,0,1,305_736,3
E0728041_3,agricultural_burning,low,0,1,305_736,3
E0728045_1,agricultural_burning,low,0,1,305_737,3
E0728046_1,agricultural_burning,low,0,1,305_737,3
E0728061_2,agricultural_burning,low,0,1,305_739,1
E0728218_1,agricultural_burning,low,0,1,305_764,2
E0728334_1,agricultural_burning,low,0,1,305_722,0
E0728378_1,agricultural_burning,low,0,1,305_737,3
E0728384_2,agricultural_burning,low,0,1,305_738,0
E0728704_4,agricultural_burning,low,0,1,305_734,1
E0728724_1,agricultural_burning,low,0,1,305_737,3
E0728725_2,agricultural_burning,low,0,1,305_737,3
E0728726_3,agricultural_burning,low,0,1,305_737,3
E0728728_1,agricultural_burning,low,0,1,305_737,3
E0728731_3,agricultural_burning,low,0,1,305_737,3
E0728739_1,agricultural_burning,low,0,1,305_738,0
E0728742_1,agricultural_burning,low,0,1,305_739,1
E0728744_2,agricultural_burning,low,0,1,305_739,1
E0728838_1,agricultural_burning,low,0,1,305_753,4
E0729084_1,agricultural_burning,low,0,1,305_737,3
E0729084_3,agricultural_burning,low,0,1,305_737,3
E0729103_2,agricultural_burning,low,0,1,305_739,1
E0729130_1,agricultural_burning,low,0,1,305_742,1
E0729460_4,agricultural_burning,low,0,1,305_737,3
E0729461_2,agricultural_burning,low,0,1,306_737,4
E0729520_4,agricultural_burning,low,0,1,306_745,1
E0729554_1,agricultural_burning,low,0,1,305_750,2
E0729736_2,agricultural_burning,low,0,1,306_716,0
E0729807_2,agricultural_burning,low,0,1,306_735,2
E0729812_1,agricultural_burning,low,0,1,306_736,2
E0729814_4,agricultural_burning,low,0,1,306_736,2
E0729841_2,agricultural_burning,low,0,1,306_739,1
E0729861_2,agricultural_burning,low,0,1,306_742,3
E0730117_1,agricultural_burning,low,0,1,306_716,0
E0730131_1,agricultural_burning,low,0,1,306_718,0
E0730203_2,agricultural_burning,low,0,1,306_735,2
E0730208_2,agricultural_burning,low,0,1,306_736,2
E0730229_2,agricultural_burning,low,0,1,306_738,1
E0730231_5,agricultural_burning,low,0,1,306_739,1
E0730252_1,agricultural_burning,low,0,1,306_741,3
E0730518_1,agricultural_burning,low,0,1,306_716,0
E0730556_1,agricultural_burning,low,0,1,306_722,2
E0730602_2,agricultural_burning,low,0,1,306_735,2
E0730630_3,agricultural_burning,low,0,1,306_738,1
E0730632_4,agricultural_burning,low,0,1,306_738,1
E0730636_3,agricultural_burning,low,0,1,306_739,1
E0730676_1,agricultural_burning,low,0,1,306_744,4
E0730688_1,agricultural_burning,low,0,1,306_746,2
E0730690_1,agricultural_burning,low,0,1,306_746,2
E0731002_1,agricultural_burning,low,0,1,306_735,2
E0731023_3,agricultural_burning,low,0,1,306_738,1
E0731024_1,agricultural_burning,low,0,1,306_738,1
E0731026_3,agricultural_burning,low,0,1,306_738,1
E0731373_1,agricultural_burning,low,0,1,306_735,2
E0731375_2,agricultural_burning,low,0,1,306_735,2
E0731376_2,agricultural_burning,low,0,1,306_735,2
E0731376_4,agricultural_burning,low,0,1,306_735,2
E0731401_3,agricultural_burning,low,0,1,306_738,1
E0731401_4,agricultural_burning,low,0,1,306_738,1
E0731462_1,agricultural_burning,low,0,1,306_747,0
E0731707_1,agricultural_burning,low,0,1,306_736,2
E0731721_1,agricultural_burning,low,0,1,306_738,1
E0731722_1,agricultural_burning,low,0,1,306_738,1
E0731727_1,agricultural_burning,low,0,1,306_738,1
E0731730_2,agricultural_burning,low,0,1,306_738,1
E0731736_1,agricultural_burning,low,0,1,306_739,1
E0731786_1,agricultural_burning,low,0,1,306_746,2
E0731838_3,industrial_fire,low,0,1,306_754,2
E0731989_1,agricultural_burning,low,0,1,306_716,0
E0732050_3,agricultural_burning,low,0,1,306_735,2
E0732056_1,agricultural_burning,low,0,1,306_737,4
E0732062_1,agricultural_burning,low,0,1,306_737,4
E0732187_1,agricultural_burning,low,0,1,306_756,0
E0732391_1,agricultural_burning,low,0,1,306_738,1
E0732394_1,agricultural_burning,low,0,1,306_738,1
E0732400_1,agricultural_burning,low,0,1,306_739,1
E0732401_1,agricultural_burning,low,0,1,306_739,1
E0732406_1,agricultural_burning,low,0,1,306_739,1
E0732407_4,agricultural_burning,low,0,1,306_740,0
E0732662_1,agricultural_burning,low,0,1,306_719,3
E0732663_1,agricultural_burning,low,0,1,306_719,3
E0732703_3,agricultural_burning,low,0,1,306_736,2
E0732729_3,agricultural_burning,low,0,1,306_739,1
E0732731_4,agricultural_burning,low,0,1,306_739,1
E0732987_1,agricultural_burning,low,0,1,307_719,0
E0732990_1,agricultural_burning,low,0,1,307_719,0
E0733046_2,agricultural_burning,low,0,1,307_735,3
E0733047_2,agricultural_burning,low,0,1,307_735,3
E0733065_1,agricultural_burning,low,0,1,306_737,4
E0733073_1,agricultural_burning,low,0,1,307_738,3
E0733075_3,agricultural_burning,low,0,1,306_739,1
E0733077_3,agricultural_burning,low,0,1,307_739,4
E0733078_2,agricultural_burning,low,0,1,307_739,4
E0733106_1,agricultural_burning,low,0,1,306_743,0
E0733315_2,agricultural_burning,low,0,1,307_719,0
E0733315_3,agricultural_burning,low,0,1,307_719,0
E0733325_2,agricultural_burning,low,0,1,307_722,3
E0733392_2,agricultural_burning,low,0,1,307_738,3
E0733396_2,agricultural_burning,low,0,1,307_739,4
E0733397_3,agricultural_burning,low,0,1,307_739,4
E0733401_1,agricultural_burning,low,0,1,307_739,4
E0733629_1,agricultural_burning,low,0,1,307_717,4
E0733632_1,agricultural_burning,low,0,1,307_717,4
E0733647_2,agricultural_burning,low,0,1,307_720,1
E0733690_1,agricultural_burning,low,0,1,307_736,3
E0733950_2,agricultural_burning,low,0,1,307_717,4
E0733951_1,agricultural_burning,low,0,1,307_717,4
E0734025_1,agricultural_burning,low,0,1,307_737,4
E0734042_4,agricultural_burning,low,0,1,307_739,4
E0734262_2,agricultural_burning,low,0,1,307_717,4
E0734264_2,agricultural_burning,low,0,1,307_717,4
E0734267_1,agricultural_burning,low,0,1,307_717,4
E0734293_3,agricultural_burning,low,0,1,307_724,2
E0734356_1,agricultural_burning,low,0,1,307_740,4
E0734441_1,agricultural_burning,low,0,1,307_752,3
E0734589_2,agricultural_burning,low,0,1,307_717,4
E0734668_1,agricultural_burning,low,0,1,307_739,4
E0734677_2,agricultural_burning,low,0,1,307_740,4
E0734686_2,agricultural_burning,low,0,1,307_742,3
E0734699_1,agricultural_burning,low,0,1,307_744,2
E0734750_1,agricultural_burning,low,0,1,307_752,3
E0734862_1,agricultural_burning,low,0,1,307_786,0
E0734899_3,agricultural_burning,low,0,1,307_719,0
E0734950_1,agricultural_burning,medium,1,1,307_737,4
E0734951_4,agricultural_burning,low,0,1,307_737,4
E0734952_1,agricultural_burning,low,0,1,307_737,4
E0734956_1,agricultural_burning,low,0,1,307_737,4
E0735087_1,industrial_fire,low,0,1,307_757,4
E0735206_3,agricultural_burning,low,0,1,307_717,4
E0735209_2,agricultural_burning,low,0,1,307_717,4
E0735212_2,agricultural_burning,low,0,1,307_717,4
E0735213_1,agricultural_burning,low,0,1,307_718,0
E0735267_2,agricultural_burning,low,0,1,307_737,4
E0735270_2,agricultural_burning,low,0,1,307_737,4
E0735278_1,agricultural_burning,low,0,1,307_738,3
E0735281_3,agricultural_burning,low,0,1,307_738,3
E0735283_4,agricultural_burning,low,0,1,307_738,3
E0735293_1,agricultural_burning,low,0,1,307_739,4
E0735296_3,agricultural_burning,low,0,1,307_740,4
E0735299_3,agricultural_burning,low,0,1,307_740,4
E0735327_1,agricultural_burning,low,0,1,307_744,2
E0735352_2,agricultural_burning,low,0,1,307_748,4
E0735514_3,agricultural_burning,low,0,1,307_717,4
E0735516_4,agricultural_burning,low,0,1,307_717,4
E0735517_2,agricultural_burning,low,0,1,307_717,4
E0735522_1,agricultural_burning,low,0,1,307_718,0
E0735575_2,agricultural_burning,low,0,1,307_737,4
E0735584_2,agricultural_burning,low,0,1,307_738,3
E0735585_2,agricultural_burning,low,0,1,307_738,3
E0735588_1,agricultural_burning,low,0,1,307_738,3
E0735675_1,agricultural_burning,low,0,1,307_750,0
E0735845_1,agricultural_burning,low,0,1,307_717,4
E0735850_2,agricultural_burning,low,0,1,307_717,4
E0735851_1,agricultural_burning,low,0,1,307_717,4
E0735852_3,agricultural_burning,low,0,1,307_717,4
E0735853_1,agricultural_burning,low,0,1,307_718,0
E0735853_2,agricultural_burning,low,0,1,307_717,4
E0735887_1,agricultural_burning,low,0,1,307_729,4
E0735920_1,agricultural_burning,low,0,1,307_738,3
E0735924_3,agricultural_burning,low,0,1,307_738,3
E0735925_1,agricultural_burning,low,0,1,307_739,4
E0735926_2,agricultural_burning,low,0,1,307_739,4
E0735967_1,agricultural_burning,low,0,1,307_744,2
E0736169_1,agricultural_burning,low,0,1,307_708,0
E0736180_2,agricultural_burning,low,0,1,308_718,1
E0736240_2,agricultural_burning,low,0,1,307_738,3
E0736242_2,agricultural_burning,low,0,1,308_738,2
E0736249_2,agricultural_burning,low,0,1,307_739,4
E0736250_2,agricultural_burning,low,0,1,308_739,3
E0736250_4,agricultural_burning,low,0,1,308_739,3
E0736254_3,agricultural_burning,low,0,1,307_739,4
E0736263_3,agricultural_burning,low,0,1,307_740,4
E0736278_3,agricultural_burning,low,0,1,308_743,2
E0736292_1,agricultural_burning,low,0,1,308_745,4
E0736326_1,agricultural_burning,low,0,1,307_751,0
E0736465_2,agricultural_burning,low,0,1,308_707,0
E0736478_1,agricultural_burning,low,0,1,308_717,3
E0736478_2,agricultural_burning,low,0,1,308_717,3
E0736535_2,agricultural_burning,low,0,1,308_737,1
E0736609_1,agricultural_burning,low,0,1,308_747,0
E0736623_1,agricultural_burning,low,0,1,308_750,3
E0736769_1,agricultural_burning,low,0,1,308_707,0
E0736775_3,agricultural_burning,low,0,1,308_708,2
E0736853_3,agricultural_burning,low,0,1,308_739,3
E0736854_1,agricultural_burning,low,0,1,308_739,3
E0736860_1,agricultural_burning,low,0,1,308_739,3
E0736891_1,agricultural_burning,low,0,1,308_745,4
E0736976_1,industrial_fire,low,0,1,308_760,1
E0737016_2,agricultural_burning,low,0,1,308_772,1
E0737079_2,agricultural_burning,low,0,1,308_718,1
E0737080_1,agricultural_burning,low,0,1,308_718,1
E0737135_3,agricultural_burning,low,0,1,308_738,2
E0737177_1,agricultural_burning,low,0,1,308_745,4
E0737398_2,agricultural_burning,low,0,1,308_738,2
E0737398_4,agricultural_burning,low,0,1,308_738,2
E0737400_4,agricultural_burning,low,0,1,308_738,2
E0737404_1,agricultural_burning,low,0,1,308_738,2
E0737406_3,agricultural_burning,low,0,1,308_739,3
E0737408_2,agricultural_burning,low,0,1,308_739,3
E0737409_1,agricultural_burning,low,0,1,308_739,3
E0737637_1,agricultural_burning,low,0,1,308_718,1
E0737702_5,agricultural_burning,low,0,1,308_738,2
E0737719_2,agricultural_burning,low,0,1,308_741,4
E0737925_2,agricultural_burning,low,0,1,308_707,0
E0737945_3,agricultural_burning,low,0,1,308_718,1
E0738003_5,agricultural_burning,low,0,1,308_738,2
E0738004_3,agricultural_burning,low,0,1,308_738,2
E0738228_2,agricultural_burning,low,0,1,308_707,0
E0738308_1,agricultural_burning,low,0,1,308_738,2
E0738308_2,agricultural_burning,low,0,1,308_738,2
E0738317_3,agricultural_burning,low,0,1,308_740,2
E0738343_1,agricultural_burning,low,0,1,308_744,2
E0738412_1,agricultural_burning,low,0,1,308_753,2
E0738529_1,agricultural_burning,low,0,1,308_706,0
E0738538_1,agricultural_burning,low,0,1,308_708,2
E0738740_4,agricultural_burning,low,0,1,308_759,0
E0738838_1,agricultural_burning,low,0,1,308_707,0
E0738844_1,agricultural_burning,low,0,1,308_707,0
E0738863_3,agricultural_burning,low,0,1,308_718,1
E0738934_1,agricultural_burning,low,0,1,308_741,4
E0738962_1,agricultural_burning,low,0,1,308_745,4
E0738977_1,agricultural_burning,low,0,1,308_747,0
E0739118_1,agricultural_burning,low,0,1,308_786,4
E0739243_1,agricultural_burning,low,0,1,308_745,4
E0739428_2,agricultural_burning,low,0,1,309_719,1
E0739823_1,agricultural_burning,low,0,1,309_744,4
E0739839_1,agricultural_burning,low,0,1,309_747,4
E0739869_2,industrial_fire,low,0,1,309_751,3
E0740011_1,agricultural_burning,low,0,1,309_718,2
E0740011_3,agricultural_burning,low,0,1,309_718,2
E0740036_3,agricultural_burning,low,0,1,309_722,3
E0740064_2,agricultural_burning,low,0,1,309_733,3
E0740098_1,agricultural_burning,low,0,1,309_743,3
E0740134_1,agricultural_burning,low,0,1,309_748,4
E0740179_1,agricultural_burning,low,0,1,309_759,2
E0740289_4,agricultural_burning,low,0,1,309_718,2
E0740311_1,agricultural_burning,low,0,1,309_722,3
E0740333_1,agricultural_burning,low,0,1,309_733,3
E0740367_2,agricultural_burning,low,0,1,309_740,1
E0740372_1,agricultural_burning,low,0,1,309_741,0
E0740481_1,agricultural_burning,low,0,1,309_756,3
E0740587_1,agricultural_burning,low,0,1,309_718,2
E0740664_2,agricultural_burning,low,0,1,309_743,3
E0740674_2,agricultural_burning,low,0,1,309_744,4
E0740691_1,agricultural_burning,low,0,1,309_746,1
E0740983_2,agricultural_burning,low,0,1,309_748,4
E0740989_1,agricultural_burning,low,0,1,309_749,0
E0741008_1,agricultural_burning,low,0,1,309_752,1
E0741528_1,agricultural_burning,low,0,1,309_745,0
E0741750_1,agricultural_burning,low,0,1,309_721,3
E0741750_2,agricultural_burning,low,0,1,309_721,3
E0741810_3,agricultural_burning,low,0,1,309_742,2
E0742104_2,agricultural_burning,low,0,1,309_741,0
E0742350_1,agricultural_burning,low,0,1,310_721,2
E0742417_2,agricultural_burning,low,0,1,310_742,1
E0742423_1,agricultural_burning,low,0,1,310_743,3
E0742443_1,agricultural_burning,low,0,1,310_746,3
E0742452_1,agricultural_burning,low,0,1,310_747,4
E0742659_1,agricultural_burning,low,0,1,310_722,3
E0742739_1,agricultural_burning,low,0,1,310_743,3
E0742780_1,agricultural_burning,low,0,1,310_750,1
E0742969_2,agricultural_burning,low,0,1,310_722,3
E0743041_1,agricultural_burning,low,0,1,310_742,1
E0743065_1,agricultural_burning,low,0,1,310_746,3
E0743287_2,agricultural_burning,low,0,1,310_722,3
E0743348_2,agricultural_burning,low,0,1,310_743,3
E0743614_3,agricultural_burning,low,0,1,310_742,1
E0743818_1,agricultural_burning,low,0,1,310_722,3
E0743822_2,agricultural_burning,low,0,1,310_722,3
E0744060_2,agricultural_burning,low,0,1,310_707,4
E0744150_2,agricultural_burning,low,0,1,310_742,1
E0744155_2,agricultural_burning,low,0,1,310_743,3
E0744184_1,agricultural_burning,low,0,1,310_748,1
E0744685_1,agricultural_burning,low,0,1,310_742,1
E0744786_2,industrial_fire,low,0,1,310_760,4
E0744947_1,agricultural_burning,low,0,1,310_746,3
E0745038_1,industrial_fire,medium,1,1,311_759,1
E0745045_1,industrial_fire,low,0,1,310_760,4
E0745046_1,industrial_fire,low,0,1,310_760,4
E0745220_2,agricultural_burning,low,0,1,311_748,3
E0745221_1,agricultural_burning,low,0,1,311_748,3
E0745375_4,agricultural_burning,low,0,1,311_707,2
E0745435_1,agricultural_burning,low,0,1,311_733,1
E0745436_1,agricultural_burning,low,0,1,311_733,1
E0745436_2,agricultural_burning,low,0,1,311_733,1
E0745437_3,agricultural_burning,low,0,1,311_733,1
E0745439_1,agricultural_burning,low,0,1,311_733,1
E0745590_1,agricultural_burning,low,0,1,311_769,4
E0745751_3,agricultural_burning,low,0,1,311_747,2
E0745828_1,industrial_fire,low,0,1,311_760,0
E0746000_1,agricultural_burning,low,0,1,311_745,0
E0746000_2,agricultural_burning,low,0,1,311_745,0
E0746427_1,agricultural_burning,low,0,1,311_722,0
E0746471_1,agricultural_burning,low,0,1,311_735,0
E0746544_1,agricultural_burning,low,0,1,311_750,2
E0746545_1,agricultural_burning,low,0,1,311_750,2
E0746788_1,agricultural_burning,low,0,1,311_750,2
E0746789_1,agricultural_burning,low,0,1,311_750,2
E0746969_1,agricultural_burning,low,0,1,311_735,0
E0746976_1,agricultural_burning,low,0,1,311_735,0
E0747471_1,agricultural_burning,low,0,1,311_735,0
E0747472_1,agricultural_burning,low,0,1,312_735,4
E0747646_2,agricultural_burning,low,0,1,312_707,0
E0747711_2,agricultural_burning,low,0,1,312_735,4
E0747712_1,agricultural_burning,low,0,1,312_735,4
E0747714_1,agricultural_burning,low,0,1,312_735,4
E0747714_3,agricultural_burning,low,0,1,312_735,4
E0747871_2,agricultural_burning,low,0,1,312_707,0
E0747926_3,agricultural_burning,low,0,1,312_735,4
E0747929_3,agricultural_burning,low,0,1,312_735,4
E0747931_1,agricultural_burning,low,0,1,312_736,2
E0748104_1,agricultural_burning,low,0,1,312_707,0
E0748159_1,agricultural_burning,low,0,1,312_735,4
E0748175_1,agricultural_burning,low,0,1,312_737,4
E0748428_1,agricultural_burning,low,0,1,312_736,2
E0748675_1,agricultural_burning,low,0,1,312_737,4
E0748770_1,industrial_fire,low,0,1,312_758,1
E0748858_1,agricultural_burning,low,0,1,312_707,0
E0748909_3,agricultural_burning,low,0,1,312_735,4
E0749046_5,agricultural_burning,medium,1,1,312_769,4
E0749047_10,agricultural_burning,low,0,1,312_769,4
E0749167_2,agricultural_burning,low,0,1,312_735,4
E0749180_2,agricultural_burning,low,0,1,312_737,4
E0749181_2,agricultural_burning,low,0,1,312_737,4
E0749195_1,agricultural_burning,low,0,1,312_738,3
E0749406_1,agricultural_burning,low,0,1,312_735,4
E0749420_2,agricultural_burning,low,0,1,312_737,4
E0749694_1,agricultural_burning,low,0,1,312_748,0
E0749902_1,agricultural_burning,low,0,1,313_745,4
E0750098_1,agricultural_burning,low,0,1,313_736,0
E0750099_1,agricultural_burning,low,0,1,313_736,0
E0750106_1,agricultural_burning,low,0,1,313_737,0
E0750322_2,agricultural_burning,low,0,1,313_736,0
E0750329_1,agricultural_burning,low,0,1,313_738,3
E0750330_3,agricultural_burning,low,0,1,313_738,3
E0750511_2,agricultural_burning,low,0,1,313_724,1
E0750547_2,agricultural_burning,low,0,1,313_737,0
E0750557_2,agricultural_burning,low,0,1,313_738,3
E0750559_1,agricultural_burning,low,0,1,313_738,3
E0750559_2,agricultural_burning,low,0,1,313_738,3
E0750560_1,agricultural_burning,low,0,1,313_738,3
E0750565_1,agricultural_burning,low,0,1,313_739,0
E0750677_16,agricultural_burning,low,0,1,313_768,0
E0750677_3,agricultural_burning,low,0,1,313_768,0
E0750677_4,agricultural_burning,low,0,1,313_768,0
E0750677_8,agricultural_burning,low,0,1,313_768,0
E0750678_13,agricultural_burning,low,0,1,313_768,0
E0750678_14,agricultural_burning,low,0,1,313_768,0
E0750678_15,agricultural_burning,low,0,1,313_768,0
E0750678_8,agricultural_burning,low,0,1,313_768,0
E0750711_3,agricultural_burning,low,0,1,313_706,1
E0750772_1,agricultural_burning,low,0,1,313_736,0
E0750790_1,agricultural_burning,low,0,1,313_738,3
E0750792_1,agricultural_burning,low,0,1,313_739,0
E0750942_2,agricultural_burning,low,0,1,313_706,1
E0750943_1,agricultural_burning,low,0,1,313_706,1
E0751022_1,agricultural_burning,low,0,1,313_738,3
E0751022_3,agricultural_burning,low,0,1,313_738,3
E0751652_1,agricultural_burning,low,0,1,313_706,1
E0751705_4,agricultural_burning,low,0,1,313_725,0
E0751746_1,agricultural_burning,low,0,1,313_738,3
E0751796_1,agricultural_burning,low,0,1,313_750,3
E0751919_1,agricultural_burning,low,0,1,313_722,2
E0752225_1,agricultural_burning,low,0,1,313_737,0
E0752270_1,agricultural_burning,low,0,1,313_749,3
E0752483_2,agricultural_burning,low,0,1,314_739,1
E0752728_3,agricultural_burning,low,0,1,314_738,1
E0752735_1,agricultural_burning,low,0,1,314_739,1
E0752942_2,agricultural_burning,low,0,1,314_726,4
E0752964_1,agricultural_burning,low,0,1,314_736,3
E0752970_1,agricultural_burning,low,0,1,314_738,1
E0752978_2,agricultural_burning,low,0,1,314_738,1
E0753129_3,agricultural_burning,low,0,1,314_721,3
E0753130_3,agricultural_burning,low,0,1,314_721,3
E0753134_2,agricultural_burning,low,0,1,314_722,4
E0753138_1,agricultural_burning,low,0,1,314_722,4
E0753207_1,agricultural_burning,low,0,1,314_739,1
E0753387_2,agricultural_burning,low,0,1,314_722,4
E0753388_1,agricultural_burning,low,0,1,314_722,4
E0753449_1,agricultural_burning,low,0,1,314_736,3
E0753472_1,agricultural_burning,low,0,1,314_739,1
E0753486_2,industrial_fire,low,0,1,314_746,3
E0753514_1,agricultural_burning,low,0,1,314_750,2
E0753717_1,agricultural_burning,low,0,1,314_738,1
E0753721_2,agricultural_burning,low,0,1,314_739,1
E0753894_2,agricultural_burning,low,0,1,314_722,4
E0753896_3,agricultural_burning,low,0,1,314_722,4
E0753945_4,agricultural_burning,low,0,1,314_738,1
E0753953_3,agricultural_burning,low,0,1,314_739,1
E0754009_2,industrial_fire,low,0,1,314_751,4
E0754154_2,agricultural_burning,low,0,1,314_722,4
E0754206_2,agricultural_burning,low,0,1,314_738,1
E0754208_1,agricultural_burning,low,0,1,314_738,1
E0754209_1,agricultural_burning,low,0,1,314_738,1
E0754398_1,agricultural_burning,low,0,1,314_722,4
E0754458_1,agricultural_burning,low,0,1,314_739,1
E0754528_1,industrial_fire,medium,1,1,314_752,3
E0754641_1,agricultural_burning,low,0,1,315_722,2
E0754641_2,agricultural_burning,low,0,1,314_722,4
E0754645_1,agricultural_burning,low,0,1,315_722,2
E0754710_1,agricultural_burning,low,0,1,314_739,1
E0754714_3,agricultural_burning,low,0,1,314_739,1
E0754715_1,agricultural_burning,low,0,1,315_739,4
E0754748_2,agricultural_burning,low,0,1,315_748,3
E0754890_1,agricultural_burning,low,0,1,315_721,4
E0754890_2,agricultural_burning,low,0,1,315_721,4
E0754902_1,agricultural_burning,low,0,1,315_722,2
E0754903_2,agricultural_burning,low,0,1,315_722,2
E0754959_1,agricultural_burning,low,0,1,315_738,2
E0754967_1,agricultural_burning,low,0,1,315_739,4
E0754975_2,agricultural_burning,low,0,1,315_739,4
E0755028_1,agricultural_burning,low,0,1,315_750,2
E0755130_2,agricultural_burning,low,0,1,315_706,1
E0755151_3,agricultural_burning,low,0,1,315_721,4
E0755151_4,agricultural_burning,low,0,1,315_721,4
E0755152_5,agricultural_burning,low,0,1,315_721,4
E0755155_1,agricultural_burning,low,0,1,315_721,4
E0755155_3,agricultural_burning,low,0,1,315_721,4
E0755163_2,agricultural_burning,low,0,1,315_722,2
E0755167_1,agricultural_burning,low,0,1,315_723,4
E0755221_2,agricultural_burning,low,0,1,315_737,3
E0755222_2,agricultural_burning,low,0,1,315_737,3
E0755420_4,agricultural_burning,low,0,1,315_722,2
E0755426_1,agricultural_burning,low,0,1,315_723,4
E0755428_2,agricultural_burning,low,0,1,315_723,4
E0755491_3,agricultural_burning,low,0,1,315_738,2
E0755492_1,agricultural_burning,low,0,1,315_738,2
E0755675_1,agricultural_burning,low,0,1,315_722,2
E0755684_1,agricultural_burning,low,0,1,315_723,4
E0755686_1,agricultural_burning,low,0,1,315_723,4
E0755750_1,agricultural_burning,low,0,1,315_738,2
E0755751_2,agricultural_burning,low,0,1,315_738,2
E0755752_1,agricultural_burning,low,0,1,315_739,4
E0755777_1,agricultural_burning,low,0,1,315_746,4
E0755918_2,agricultural_burning,low,0,1,315_721,4
E0755934_1,agricultural_burning,low,0,1,315_723,4
E0756016_1,agricultural_burning,low,0,1,315_740,4
E0756160_3,agricultural_burning,low,0,1,315_721,4
E0756163_1,agricultural_burning,low,0,1,315_722,2
E0756170_2,agricultural_burning,low,0,1,315_723,4
E0756173_2,agricultural_burning,low,0,1,315_723,4
E0756237_2,agricultural_burning,low,0,1,315_739,4
E0756238_1,agricultural_burning,low,0,1,315_739,4
E0756241_2,agricultural_burning,low,0,1,315_739,4
E0756400_4,agricultural_burning,low,0,1,315_706,1
E0756428_3,agricultural_burning,low,0,1,315_721,4
E0756429_3,agricultural_burning,low,0,1,315_722,2
E0756434_3,agricultural_burning,low,0,1,315_723,4
E0756502_1,agricultural_burning,low,0,1,315_737,3
E0756503_1,agricultural_burning,low,0,1,315_737,3
E0756580_1,industrial_fire,low,0,1,315_752,2
E0756717_2,agricultural_burning,low,0,1,315_722,2
E0756719_2,agricultural_burning,low,0,1,315_723,4
E0756721_3,agricultural_burning,low,0,1,315_723,4
E0756727_2,agricultural_burning,low,0,1,315_723,4
E0756731_3,agricultural_burning,low,0,1,315_724,3
E0756786_2,agricultural_burning,low,0,1,315_738,2
E0756848_2,industrial_fire,low,0,1,315_752,2
E0756955_1,agricultural_burning,low,0,1,315_706,1
E0756990_2,agricultural_burning,low,0,1,315_721,4
E0757001_2,agricultural_burning,low,0,1,315_723,4
E0757007_3,agricultural_burning,low,0,1,315_724,3
E0757244_3,agricultural_burning,low,0,1,315_721,4
E0757258_1,agricultural_burning,low,0,1,315_723,4
E0757258_2,agricultural_burning,low,0,1,315_723,4
E0757266_2,agricultural_burning,low,0,1,315_723,4
E0757268_1,agricultural_burning,low,0,1,316_724,3
E0757334_2,agricultural_burning,low,0,1,316_743,1
E0757484_2,agricultural_burning,low,0,1,316_721,3
E0757487_2,agricultural_burning,low,0,1,316_722,2
E0757567_3,agricultural_burning,low,0,1,316_743,1
E0757570_5,agricultural_burning,low,0,1,316_744,1
E0757570_9,agricultural_burning,low,0,1,316_744,1
E0757639_2,industrial_fire,low,0,1,316_754,1
E0757640_1,industrial_fire,low,0,1,316_755,4
E0757742_1,agricultural_burning,low,0,1,316_721,3
E0757744_1,agricultural_burning,low,0,1,316_721,3
E0757745_1,agricultural_burning,low,0,1,316_721,3
E0757745_2,agricultural_burning,low,0,1,316_721,3
E0757824_7,agricultural_burning,low,0,1,316_743,1
E0757825_6,agricultural_burning,low,0,1,316_744,1
E0757828_2,agricultural_burning,low,0,1,316_744,1
E0757828_3,agricultural_burning,low,0,1,316_744,1
E0757828_6,agricultural_burning,low,0,1,316_744,1
E0757828_9,agricultural_burning,low,0,1,316_744,1
E0757892_1,industrial_fire,low,0,1,316_754,1
E0757893_2,industrial_fire,low,0,1,316_755,4
E0757894_1,industrial_fire,low,0,1,316_755,4
E0757959_1,agricultural_burning,low,0,1,316_706,1
E0757997_1,agricultural_burning,low,0,1,316_722,2
E0757997_3,agricultural_burning,low,0,1,316_722,2
E0757998_1,agricultural_burning,low,0,1,316_722,2
E0758001_1,agricultural_burning,low,0,1,316_722,2
E0758005_1,agricultural_burning,low,0,1,316_723,2
E0758095_11,agricultural_burning,low,0,1,316_744,1
E0758095_2,agricultural_burning,low,0,1,316_744,1
E0758219_1,agricultural_burning,low,0,1,316_706,1
E0758256_1,agricultural_burning,low,0,1,316_721,3
E0758258_1,agricultural_burning,low,0,1,316_722,2
E0758258_2,agricultural_burning,low,0,1,316_722,2
E0758259_1,agricultural_burning,low,0,1,316_722,2
E0758262_3,agricultural_burning,low,0,1,316_722,2
E0758319_2,agricultural_burning,low,0,1,316_734,4
E0758324_2,agricultural_burning,low,0,1,316_734,4
E0758356_11,agricultural_burning,low,0,1,316_741,1
E0758356_7,agricultural_burning,low,0,1,316_741,1
E0758365_5,agricultural_burning,low,0,1,316_744,1
E0758366_4,agricultural_burning,low,0,1,316_744,1
E0758553_2,agricultural_burning,low,0,1,316_724,3
E0758616_1,agricultural_burning,low,0,1,316_735,4
E0758649_7,agricultural_burning,low,0,1,316_741,1
E0758650_4,agricultural_burning,low,0,1,316_741,1
E0758650_5,agricultural_burning,low,0,1,316_741,1
E0758823_2,agricultural_burning,low,0,1,316_723,2
E0758885_1,agricultural_burning,low,0,1,316_735,4
E0758922_6,agricultural_burning,low,0,1,316_741,1
E0759082_1,agricultural_burning,low,0,1,316_722,2
E0759090_2,agricultural_burning,low,0,1,316_724,3
E0759091_1,agricultural_burning,low,0,1,316_724,3
E0759134_1,agricultural_burning,low,0,1,316_735,4
E0759141_3,agricultural_burning,low,0,1,316_737,2
E0759323_3,agricultural_burning,low,0,1,316_722,2
E0759324_2,agricultural_burning,low,0,1,316_722,2
E0759330_1,agricultural_burning,low,0,1,316_722,2
E0759339_1,agricultural_burning,low,0,1,316_724,3
E0759348_1,agricultural_burning,low,0,1,316_725,1
E0759456_2,agricultural_burning,low,0,1,316_750,1
E0759571_1,agricultural_burning,low,0,1,316_722,2
E0759806_3,agricultural_burning,low,0,1,316_721,3
E0759807_2,agricultural_burning,low,0,1,317_722,3
E0759821_1,agricultural_burning,low,0,1,317_725,0
E0760086_1,agricultural_burning,low,0,1,317_725,0
E0760386_1,agricultural_burning,low,0,1,317_734,3
E0760391_1,agricultural_burning,low,0,1,317_736,3
E0760587_1,agricultural_burning,low,0,1,317_708,3
E0760610_3,agricultural_burning,low,0,1,317_722,3
E0760611_1,agricultural_burning,low,0,1,317_722,3
E0760875_1,agricultural_burning,low,0,1,317_722,3
E0760944_1,agricultural_burning,low,0,1,317_734,3
E0761115_1,agricultural_burning,low,0,1,317_699,3
E0761129_2,agricultural_burning,low,0,1,317_707,4
E0761157_1,agricultural_burning,low,0,1,317_723,3
E0761228_1,agricultural_burning,low,0,1,317_734,3
E0761311_1,industrial_fire,low,0,1,317_749,2
E0761363_3,agricultural_burning,low,0,1,317_756,1
E0761402_2,agricultural_burning,low,0,1,317_707,4
E0761421_1,agricultural_burning,low,0,1,317_722,3
E0761467_1,agricultural_burning,low,0,1,317_731,3
E0761506_2,agricultural_burning,low,0,1,317_737,4
E0761528_2,agricultural_burning,low,0,1,317_741,2
E0761529_2,agricultural_burning,low,0,1,317_741,2
E0761897_1,agricultural_burning,low,0,1,317_755,4
E0761898_2,agricultural_burning,low,0,1,317_755,4
E0762021_2,agricultural_burning,low,0,1,317_733,4
E0762034_3,agricultural_burning,low,0,1,317_736,3
E0762230_2,agricultural_burning,low,0,1,317_722,3
E0762298_1,agricultural_burning,low,0,1,317_735,3
E0762549_1,agricultural_burning,low,0,1,318_732,2
E0762704_1,agricultural_burning,low,0,1,318_755,2
E0762821_2,agricultural_burning,low,0,1,318_734,3
E0762861_1,agricultural_burning,low,0,1,318_740,4
E0762875_1,agricultural_burning,low,0,1,318_743,0
E0763075_1,agricultural_burning,low,0,1,318_732,2
E0763096_3,agricultural_burning,low,0,1,318_734,3
E0763126_1,agricultural_burning,low,0,1,318_738,0
E0763136_2,agricultural_burning,low,0,1,318_740,4
E0763141_1,agricultural_burning,low,0,1,318_740,4
E0763143_3,agricultural_burning,low,0,1,318_740,4
E0763162_1,agricultural_burning,low,0,1,318_743,0
E0763334_3,agricultural_burning,low,0,1,318_731,3
E0763349_2,agricultural_burning,low,0,1,318_733,3
E0763359_1,agricultural_burning,low,0,1,318_734,3
E0763373_3,agricultural_burning,low,0,1,318_736,4
E0763390_1,agricultural_burning,low,0,1,318_739,1
E0763390_2,agricultural_burning,low,0,1,318_739,1
E0763403_3,agricultural_burning,low,0,1,318_741,1
E0763419_3,agricultural_burning,low,0,1,318_743,0
E0763420_1,agricultural_burning,low,0,1,318_743,0
E0763421_2,agricultural_burning,low,0,1,318_744,0
E0763593_3,agricultural_burning,low,0,1,318_732,2
E0763605_2,agricultural_burning,low,0,1,318_733,3
E0763631_2,agricultural_burning,low,0,1,318_736,4
E0763650_1,agricultural_burning,low,0,1,318_740,4
E0763663_1,agricultural_burning,low,0,1,318_741,1
E0763677_1,agricultural_burning,low,0,1,318_743,0
E0763879_2,agricultural_burning,low,0,1,318_734,3
E0763889_1,agricultural_burning,low,0,1,318_735,0
E0764093_1,agricultural_burning,low,0,1,318_710,4
E0764210_1,agricultural_burning,low,0,1,318_741,1
E0764221_1,agricultural_burning,low,0,1,318_743,0
E0764224_1,agricultural_burning,low,0,1,318_744,0
E0764227_1,agricultural_burning,low,0,1,318_744,0
E0764405_2,agricultural_burning,low,0,1,318_732,2
E0764425_2,agricultural_burning,low,0,1,318_735,0
E0764462_3,agricultural_burning,low,0,1,318_741,1
E0764580_1,agricultural_burning,low,0,1,318_763,3
E0764581_1,agricultural_burning,low,0,1,318_763,3
E0764670_2,agricultural_burning,low,0,1,318_734,3
E0764702_3,agricultural_burning,low,0,1,318_739,1
E0764703_4,agricultural_burning,low,0,1,318_739,1
E0764971_1,agricultural_burning,low,0,1,318_736,4
E0764975_1,agricultural_burning,low,0,1,318_736,4
E0765007_3,agricultural_burning,low,0,1,318_741,1
E0765110_4,agricultural_burning,low,0,1,318_754,0
E0765257_1,agricultural_burning,low,0,1,318_736,4
E0765282_1,agricultural_burning,low,0,1,318_740,4
E0765322_1,agricultural_burning,low,0,1,319_745,2
E0765498_1,agricultural_burning,low,0,1,319_732,0
E0765558_3,agricultural_burning,low,0,1,319_741,4
E0765657_2,industrial_fire,medium,1,1,319_753,0
E0765865_3,agricultural_burning,low,0,1,319_745,2
E0765867_2,agricultural_burning,low,0,1,319_745,2
E0765913_1,agricultural_burning,low,0,1,319_751,2
E0766126_4,agricultural_burning,low,0,1,319_743,2
E0766140_1,agricultural_burning,low,0,1,319_744,3
E0766153_1,agricultural_burning,low,0,1,319_745,2
E0766163_3,agricultural_burning,low,0,1,319_746,2
E0766355_1,agricultural_burning,low,0,1,319_735,1
E0766374_1,agricultural_burning,low,0,1,319_738,0
E0766493_1,industrial_fire,low,0,1,319_753,0
E0766508_1,agricultural_burning,low,0,1,319_755,3
E0766544_2,agricultural_burning,low,0,1,319_708,3
E0766545_1,agricultural_burning,low,0,1,319_709,2
E0766546_3,agricultural_burning,low,0,1,319_709,2
E0766547_2,agricultural_burning,low,0,1,319_709,2
E0766592_1,agricultural_burning,low,0,1,319_732,0
E0766595_1,agricultural_burning,low,0,1,319_733,3
E0766596_2,agricultural_burning,low,0,1,319_733,3
E0766605_1,agricultural_burning,low,0,1,319_734,2
E0766610_2,agricultural_burning,low,0,1,319_734,2
E0766640_1,agricultural_burning,low,0,1,319_739,1
E0766691_1,agricultural_burning,low,0,1,319_745,2
E0766785_2,industrial_fire,low,0,1,319_757,1
E0766815_1,agricultural_burning,low,0,1,319_708,3
E0766860_3,agricultural_burning,low,0,1,319_732,0
E0766863_1,agricultural_burning,low,0,1,319_733,3
E0766870_1,agricultural_burning,low,0,1,319_734,2
E0766875_1,agricultural_burning,low,0,1,319_734,2
E0766903_3,agricultural_burning,low,0,1,319_738,0
E0766904_1,agricultural_burning,low,0,1,319_738,0
E0766905_3,agricultural_burning,low,0,1,319_738,0
E0767117_1,agricultural_burning,low,0,1,319_732,0
E0767134_2,agricultural_burning,low,0,1,319_734,2
E0767134_4,agricultural_burning,low,0,1,319_734,2
E0767281_2,industrial_fire,low,0,1,319_756,2
E0767325_2,agricultural_burning,low,0,1,319_709,2
E0767349_1,agricultural_burning,low,0,1,319_728,3
E0767379_1,agricultural_burning,low,0,1,319_733,3
E0767380_3,agricultural_burning,low,0,1,319_733,3
E0767381_2,agricultural_burning,low,0,1,319_733,3
E0767392_2,agricultural_burning,low,0,1,319_734,2
E0767404_3,agricultural_burning,low,0,1,319_736,1
E0767636_1,agricultural_burning,low,0,1,319_732,0
E0767638_1,agricultural_burning,low,0,1,319_733,3
E0767654_1,agricultural_burning,low,0,1,319_734,2
E0767661_1,agricultural_burning,low,0,1,319_735,1
E0767662_1,agricultural_burning,low,0,1,319_735,1
E0767685_2,agricultural_burning,low,0,1,319_738,0
E0767690_1,agricultural_burning,low,0,1,319_739,1
E0767835_1,agricultural_burning,low,0,1,319_708,3
E0767929_1,agricultural_burning,low,0,1,319_738,0
E0767965_2,agricultural_burning,low,0,1,320_744,2
E0768073_1,agricultural_burning,low,0,1,319_764,0
E0768102_5,agricultural_burning,low,0,1,320_708,3
E0768160_3,agricultural_burning,low,0,1,320_733,3
E0768166_1,agricultural_burning,low,0,1,320_733,3
E0768180_1,agricultural_burning,low,0,1,320_735,3
E0768183_1,agricultural_burning,low,0,1,320_735,3
E0768244_1,agricultural_burning,low,0,1,320_744,2
E0768386_2,agricultural_burning,low,0,1,320_708,3
E0768434_3,agricultural_burning,low,0,1,320_733,3
E0768438_2,agricultural_burning,low,0,1,320_733,3
E0768698_1,agricultural_burning,low,0,1,320_732,1
E0768699_1,agricultural_burning,low,0,1,320_732,1
E0768714_2,agricultural_burning,low,0,1,320_734,4
E0768725_3,agricultural_burning,low,0,1,320_735,3
E0768726_2,agricultural_burning,low,0,1,320_735,3
E0768736_3,agricultural_burning,low,0,1,320_736,0
E0768748_2,agricultural_burning,low,0,1,320_738,1
E0768807_1,agricultural_burning,low,0,1,320_747,0
E0768912_2,agricultural_burning,low,0,1,320_708,3
E0768965_3,agricultural_burning,low,0,1,320_733,3
E0768967_3,agricultural_burning,low,0,1,320_733,3
E0768970_1,agricultural_burning,low,0,1,320_733,3
E0768975_1,agricultural_burning,low,0,1,320_734,4
E0768980_1,agricultural_burning,low,0,1,320_734,4
E0768986_2,agricultural_burning,low,0,1,320_735,3
E0768989_3,agricultural_burning,low,0,1,320_735,3
E0769015_1,agricultural_burning,low,0,1,320_738,1
E0769065_1,agricultural_burning,low,0,1,320_746,2
E0769174_2,agricultural_burning,low,0,1,320_709,4
E0769254_1,agricultural_burning,low,0,1,320_735,3
E0769367_1,industrial_fire,low,0,1,320_752,4
E0769447_2,agricultural_burning,low,0,1,320_709,4
E0769551_11,agricultural_burning,low,0,1,320_742,3
E0769552_10,agricultural_burning,low,0,1,320_742,3
E0769552_5,agricultural_burning,low,0,1,320_742,3
E0769568_1,agricultural_burning,low,0,1,320_744,2
E0769581_3,agricultural_burning,low,0,1,320_746,2
E0769680_1,agricultural_burning,low,0,1,320_773,1
E0769696_1,agricultural_burning,low,0,1,320_708,3
E0769749_1,agricultural_burning,low,0,1,320_733,3
E0769761_3,agricultural_burning,low,0,1,320_734,4
E0769763_2,agricultural_burning,low,0,1,320_734,4
E0769765_2,agricultural_burning,low,0,1,320_734,4
E0769831_1,agricultural_burning,low,0,1,320_745,1
E0769835_1,agricultural_burning,low,0,1,320_746,2
E0769964_1,agricultural_burning,low,0,1,320_724,0
E0769997_1,agricultural_burning,low,0,1,320_733,3
E0770005_2,agricultural_burning,low,0,1,320_734,4
E0770053_2,agricultural_burning,low,0,1,320_741,1
E0770221_1,agricultural_burning,low,0,1,320_733,3
E0770221_2,agricultural_burning,low,0,1,320_733,3
E0770224_1,agricultural_burning,low,0,1,320_733,3
E0770224_3,agricultural_burning,low,0,1,320_733,3
E0770232_1,agricultural_burning,low,0,1,320_734,4
E0770248_2,agricultural_burning,low,0,1,320_736,0
E0770276_8,agricultural_burning,low,0,1,320_741,1
E0770278_13,agricultural_burning,low,0,1,320_741,1
E0770278_14,agricultural_burning,low,0,1,320_741,1
E0770279_4,agricultural_burning,low,0,1,320_741,1
E0770279_5,agricultural_burning,low,0,1,320_741,1
E0770299_1,agricultural_burning,low,0,1,320_744,2
E0770446_2,agricultural_burning,low,0,1,321_733,2
E0770448_3,agricultural_burning,low,0,1,320_733,3
E0770498_10,agricultural_burning,low,0,1,321_741,1
E0770498_5,agricultural_burning,medium,1,1,321_741,1
E0770498_8,agricultural_burning,medium,1,1,321_741,1
E0770505_2,agricultural_burning,low,0,1,321_742,1
E0770521_1,agricultural_burning,low,0,1,321_745,0
E0770662_4,agricultural_burning,low,0,1,321_733,2
E0770665_1,agricultural_burning,low,0,1,321_734,4
E0770679_3,agricultural_burning,low,0,1,321_735,0
E0770698_1,agricultural_burning,low,0,1,321_738,3
E0770710_12,agricultural_burning,low,0,1,321_741,1
E0770710_13,agricultural_burning,low,0,1,321_741,1
E0770714_1,agricultural_burning,low,0,1,321_742,1
E0770724_1,agricultural_burning,low,0,1,321_744,4
E0770857_5,agricultural_burning,low,0,1,321_724,3
E0770886_2,agricultural_burning,low,0,1,321_735,0
E0770893_1,agricultural_burning,low,0,1,321_735,0
E0770894_3,agricultural_burning,low,0,1,321_736,4
E0770895_3,agricultural_burning,low,0,1,321_736,4
E0770950_1,agricultural_burning,low,0,1,321_744,4
E0771103_1,agricultural_burning,low,0,1,321_733,2
E0771114_2,agricultural_burning,low,0,1,321_735,0
E0771115_1,agricultural_burning,low,0,1,321_735,0
E0771125_3,agricultural_burning,low,0,1,321_736,4
E0771152_9,agricultural_burning,low,0,1,321_741,1
E0771155_3,agricultural_burning,low,0,1,321_742,1
E0771163_1,agricultural_burning,low,0,1,321_743,0
E0771322_1,agricultural_burning,low,0,1,321_734,4
E0771328_1,agricultural_burning,low,0,1,321_734,4
E0771539_1,agricultural_burning,low,0,1,321_735,0
E0771545_3,agricultural_burning,low,0,1,321_735,0
E0771553_4,agricultural_burning,low,0,1,321_736,4
E0771555_1,agricultural_burning,low,0,1,321_736,4
E0771557_2,agricultural_burning,low,0,1,321_736,4
E0771611_3,agricultural_burning,low,0,1,321_745,0
E0771758_1,agricultural_burning,low,0,1,321_735,0
E0771758_2,agricultural_burning,low,0,1,321_735,0
E0771762_2,agricultural_burning,low,0,1,321_736,4
E0771773_1,agricultural_burning,low,0,1,321_737,2
E0771781_2,agricultural_burning,low,0,1,321_738,3
E0771858_2,agricultural_burning,low,0,1,321_752,1
E0771963_1,agricultural_burning,low,0,1,321_736,4
E0772078_1,agricultural_burning,low,0,1,321_758,4
E0772155_1,agricultural_burning,low,0,1,321_734,4
E0772172_1,agricultural_burning,low,0,1,321_736,4
E0772338_1,agricultural_burning,low,0,1,321_734,4
E0772345_1,agricultural_burning,low,0,1,321_735,0
E0772356_1,agricultural_burning,low,0,1,321_737,2
E0772510_1,agricultural_burning,low,0,1,321_734,4
E0772512_1,agricultural_burning,low,0,1,321_735,0
E0772530_3,agricultural_burning,low,0,1,321_737,2
E0772571_1,agricultural_burning,low,0,1,322_745,2
E0772711_1,agricultural_burning,low,0,1,322_738,3
E0772721_1,agricultural_burning,low,0,1,322_739,1
E0772774_1,agricultural_burning,low,0,1,322_753,4
E0772856_1,agricultural_burning,low,0,1,322_735,0
E0772857_2,agricultural_burning,low,0,1,322_735,0
E0772863_3,agricultural_burning,low,0,1,322_736,2
E0772877_1,agricultural_burning,low,0,1,322_738,3
E0772880_1,agricultural_burning,low,0,1,322_738,3
E0772882_1,agricultural_burning,low,0,1,322_738,3
E0772882_3,agricultural_burning,low,0,1,322_738,3
E0773038_2,agricultural_burning,low,0,1,322_735,0
E0773043_2,agricultural_burning,low,0,1,322_736,2
E0773050_1,agricultural_burning,low,0,1,322_737,3
E0773071_2,agricultural_burning,low,0,1,322_739,1
E0773127_1,agricultural_burning,low,0,1,322_752,1
E0773192_4,agricultural_burning,low,0,1,322_733,1
E0773204_2,agricultural_burning,low,0,1,322_736,2
E0773213_1,agricultural_burning,low,0,1,322_737,3
E0773226_3,agricultural_burning,low,0,1,322_738,3
E0773227_4,agricultural_burning,low,0,1,322_738,3
E0773234_4,agricultural_burning,low,0,1,322_739,1
E0773386_1,agricultural_burning,low,0,1,322_738,3
E0773389_1,agricultural_burning,low,0,1,322_738,3
E0773410_1,agricultural_burning,low,0,1,322_744,1
E0773569_1,agricultural_burning,low,0,1,322_738,3
E0773759_2,agricultural_burning,low,0,1,322_745,2
E0773802_2,industrial_fire,low,0,1,322_766,3
E0773803_1,agricultural_burning,low,0,1,322_768,2
E0773860_3,agricultural_burning,low,0,1,322_733,1
E0773875_1,agricultural_burning,low,0,1,322_736,2
E0773901_1,agricultural_burning,low,0,1,322_742,2
E0773966_1,industrial_fire,low,0,1,322_766,3
E0774043_3,agricultural_burning,low,0,1,322_738,3
E0774048_1,agricultural_burning,low,0,1,322_739,1
E0774055_3,agricultural_burning,low,0,1,322_739,1
E0774073_10,agricultural_burning,low,0,1,322_743,1
E0774073_8,agricultural_burning,low,0,1,322_743,1
E0774135_1,industrial_fire,low,0,1,322_766,3
E0774214_1,agricultural_burning,low,0,1,322_739,1
E0774215_1,agricultural_burning,low,0,1,322_739,1
E0774240_4,agricultural_burning,low,0,1,322_743,1
E0774539_1,agricultural_burning,low,0,1,323_726,3
E0774976_4,agricultural_burning,low,0,1,323_740,1
E0775151_3,agricultural_burning,low,0,1,323_740,1
E0775187_1,agricultural_burning,low,0,1,323_745,1
E0775329_1,agricultural_burning,low,0,1,323_738,1
E0775339_1,agricultural_burning,low,0,1,323_740,1
E0775458_1,agricultural_burning,low,0,1,323_718,4
E0775660_3,agricultural_burning,low,0,1,323_721,1
E0775694_1,agricultural_burning,low,0,1,323_734,2
E0775889_1,agricultural_burning,low,0,1,323_740,1
E0776091_2,agricultural_burning,low,0,1,323_753,1
E0776422_2,agricultural_burning,low,0,1,324_717,4
E0776504_1,agricultural_burning,low,0,1,324_744,2
E0776531_2,agricultural_burning,low,0,1,324_751,3
E0776800_1,agricultural_burning,low,0,1,324_749,3
E0776839_1,agricultural_burning,low,0,1,324_698,3
E0777218_3,agricultural_burning,low,0,1,324_749,3
E0777221_1,agricultural_burning,low,0,1,324_749,3
E0777340_2,agricultural_burning,low,0,1,324_747,4
E0777429_3,agricultural_burning,low,0,1,324_733,0
E0777747_3,agricultural_burning,low,0,1,325_747,4
E0777941_3,agricultural_burning,low,0,1,325_734,3
E0778298_13,agricultural_burning,low,0,1,325_725,1
E0778298_2,agricultural_burning,low,0,1,325_725,1
E0778298_8,agricultural_burning,low,0,1,325_725,1
E0778298_9,agricultural_burning,low,0,1,325_725,1
E0778299_2,agricultural_burning,low,0,1,325_725,1
E0778312_1,agricultural_burning,low,0,1,325_737,1
E0778356_1,agricultural_burning,low,0,1,325_747,4
E0778632_1,industrial_fire,medium,1,1,325_759,2
E0778838_3,agricultural_burning,low,0,1,326_748,4
E0778981_2,agricultural_burning,low,0,1,326_703,1
E0778982_1,agricultural_burning,low,0,1,326_703,1
E0779109_3,agricultural_burning,low,0,1,326_729,2
E0779109_9,agricultural_burning,low,0,1,326_729,2
E0779182_4,agricultural_burning,medium,1,1,326_704,4
E0779204_4,agricultural_burning,low,0,1,326_729,2
E0779811_5,agricultural_burning,low,0,1,327_727,2
E0779812_3,agricultural_burning,low,0,1,327_727,2
E0779815_3,agricultural_burning,low,0,1,327_728,1
E0779815_8,agricultural_burning,low,0,1,327_728,1
E0779817_4,agricultural_burning,low,0,1,327_729,4
E0779817_6,agricultural_burning,low,0,1,327_729,4
E0779817_7,agricultural_burning,low,0,1,327_729,4
E0779900_5,agricultural_burning,low,0,1,327_731,0
E0779900_6,agricultural_burning,low,0,1,327_731,0
E0779956_1,agricultural_burning,low,0,1,327_764,3
E0780284_1,agricultural_burning,low,0,1,327_729,4
E0781270_2,agricultural_burning,low,0,1,328_711,4
E0781274_10,agricultural_burning,low,0,1,328_716,4
E0781274_11,agricultural_burning,low,0,1,328_716,4
E0781357_3,agricultural_burning,low,0,1,328_716,4
E0782463_1,agricultural_burning,low,0,1,330_764,1
E0783276_2,agricultural_burning,low,0,1,331_724,3
E0783590_2,agricultural_burning,low,0,1,331_703,1
E0783627_6,agricultural_burning,low,0,1,331_731,3
E0784348_1,agricultural_burning,low,0,1,332_751,2
E0784357_1,agricultural_burning,low,0,1,332_757,0
E0784585_4,agricultural_burning,medium,1,1,332_715,3
E0784586_5,agricultural_burning,low,0,1,332_715,3
E0784605_3,agricultural_burning,low,0,1,332_729,3
E0784884_2,agricultural_burning,low,0,1,332_713,4
E0784885_12,agricultural_burning,low,0,1,332_713,4
E0784885_13,agricultural_burning,low,0,1,332_713,4
E0784885_4,agricultural_burning,medium,1,1,332_713,4
E0784885_7,agricultural_burning,low,0,1,332_713,4
E0784891_13,agricultural_burning,low,0,1,332_715,3
E0784981_7,agricultural_burning,low,0,1,332_721,0
E0785157_7,agricultural_burning,low,0,1,332_711,1
E0785223_1,agricultural_burning,low,0,1,333_760,0
E0785224_1,agricultural_burning,low,0,1,333_760,0
E0785318_1,agricultural_burning,low,0,1,333_755,2
E0785320_1,agricultural_burning,low,0,1,333_759,1
E0785817_1,agricultural_burning,low,0,1,333_762,0
E0785890_1,agricultural_burning,low,0,1,333_762,0
E0785891_1,agricultural_burning,low,0,1,333_762,0
E0786076_2,agricultural_burning,low,0,1,334_719,3
E0786077_13,agricultural_burning,low,0,1,334_719,3
E0786077_5,agricultural_burning,low,0,1,334_719,3
E0786348_1,agricultural_burning,low,0,1,334_757,3
E0786641_2,agricultural_burning,low,0,1,334_702,4
E0786705_1,agricultural_burning,low,0,1,335_702,0
E0786777_1,agricultural_burning,low,0,1,335_758,3
E0786856_1,agricultural_burning,low,0,1,335_753,0
E0787017_1,agricultural_burning,low,0,1,335_753,0
E0787117_6,agricultural_burning,low,0,1,335_715,3
E0787443_1,agricultural_burning,low,0,1,335_721,2
E0787444_2,agricultural_burning,low,0,1,335_721,2
E0787831_1,agricultural_burning,low,0,1,336_757,2
E0788014_1,agricultural_burning,low,0,1,336_756,1
E0788161_1,agricultural_burning,low,0,1,336_716,3
E0788385_5,agricultural_burning,low,0,1,336_728,2
E0788420_1,agricultural_burning,low,0,1,336_756,1
E0788653_1,agricultural_burning,low,0,1,337_756,4
E0789423_1,agricultural_burning,low,0,1,338_720,1
E0789424_9,agricultural_burning,low,0,1,338_720,1
E0789596_11,agricultural_burning,low,0,1,338_727,3
E0789596_2,agricultural_burning,low,0,1,338_727,3
E0789596_6,agricultural_burning,low,0,1,338_727,3
E0789647_1,agricultural_burning,low,0,1,338_702,3
E0789681_12,agricultural_burning,medium,1,1,338_728,2
E0789681_15,agricultural_burning,low,0,1,338_728,2
E0789721_1,agricultural_burning,low,0,1,338_752,1
E0790100_1,agricultural_burning,low,0,1,339_714,3
E0790101_13,agricultural_burning,low,0,1,339_719,3
E0790102_16,agricultural_burning,low,0,1,339_719,3
E0790102_17,agricultural_burning,low,0,1,339_719,3
E0790148_12,agricultural_burning,medium,1,1,339_714,3
E0790148_6,agricultural_burning,low,0,1,339_714,3
E0790152_4,agricultural_burning,low,0,1,339_719,3
E0790152_7,agricultural_burning,low,0,1,339_719,3
E0790188_2,agricultural_burning,medium,1,1,339_714,3
E0790188_3,agricultural_burning,low,0,1,339_714,3
E0790342_2,agricultural_burning,low,0,1,339_716,2
E0790885_1,agricultural_burning,low,0,1,340_734,3
E0790937_1,agricultural_burning,low,0,1,340_734,3
E0791603_5,agricultural_burning,low,0,1,342_714,2
E0791807_1,agricultural_burning,low,0,1,342_749,1
E0791926_1,agricultural_burning,low,0,1,343_749,3
E0792463_2,agricultural_burning,low,0,1,344_748,1
E0792829_1,agricultural_burning,low,0,1,345_746,3
E0793400_1,agricultural_burning,low,0,1,345_742,2
E0793506_1,agricultural_burning,low,0,1,346_740,1
E0793597_1,agricultural_burning,low,0,1,346_746,1
E0793688_1,agricultural_burning,low,0,1,347_739,2
E0793747_1,agricultural_burning,low,0,1,347_748,3
E0793990_1,agricultural_burning,low,0,1,349_733,1
E0793991_1,agricultural_burning,low,0,1,349_733,1
E0793995_1,agricultural_burning,low,0,1,349_733,1
E0794025_1,agricultural_burning,low,0,1,349_731,0
E0794093_1,agricultural_burning,low,0,1,350_730,0
E0794094_1,agricultural_burning,low,0,1,350_730,0
E0794097_1,agricultural_burning,low,0,1,350_728,4
E0794134_1,agricultural_burning,low,0,1,351_731,4
E0794168_1,agricultural_burning,low,0,1,351_714,0
E0794174_2,agricultural_burning,low,0,1,352_713,1
E0794187_1,agricultural_burning,low,0,1,352_713,1
E0794207_1,agricultural_burning,low,0,1,352_713,1
E0794213_1,agricultural_burning,low,0,1,352_712,0
E0794220_1,agricultural_burning,low,0,1,352_730,3
E0794244_1,agricultural_burning,low,0,1,353_716,1
E0794254_1,agricultural_burning,low,0,1,353_716,1
E0794261_1,agricultural_burning,low,0,1,353_713,0
E0794295_1,agricultural_burning,low,0,1,353_713,0
E0794328_1,agricultural_burning,low,0,1,354_736,2
E0794367_1,agricultural_burning,low,0,1,355_715,1
E0794369_1,agricultural_burning,low,0,1,355_734,2
E0794380_1,agricultural_burning,low,0,1,355_717,0
E0794384_1,agricultural_burning,low,0,1,355_736,1
E0794388_1,agricultural_burning,low,0,1,355_717,0
E0794405_1,agricultural_burning,low,0,1,356_741,4
E0794435_1,agricultural_burning,low,0,1,357_736,0
E0794479_7,agricultural_burning,low,0,1,359_686,0
E0794480_9,agricultural_burning,low,0,1,359_686,0
E0794674_1,agricultural_burning,low,0,1,369_803,2
E0794694_6,agricultural_burning,low,0,1,369_801,3
